derived_ai_score_0_100,derived_coin,derived_is_hist,derived_session,feat_ask,feat_bid,feat_distance_to_strike,feat_entry_price,feat_entry_ts,feat_market_slug,feat_regime_label,feat_side,feat_source_table,feat_spread,feat_stop_loss_pct,feat_strategy_name,feat_trailing_activation,feat_trailing_distance,feat_volatility_15s,feat_volatility_30s,feat_volatility_60s,opened_at,paper_trade_id,row_id,s40_signal_id,s40_signal_type,s56_ai_score,s56_atr,s56_direction,s56_entry,s56_etf_flow,s56_expected_pnl_pct,s56_fear_greed,s56_funding,s56_hour,s56_macro_score,s56_market_regime,s56_market_score,s56_news_score,s56_oi_delta,s56_spread,s56_symbol,s56_timestamp,s56_tp1,s56_tp2,s56_trend,s56_volatility,s56_volume,s56_vwap,s56_weekday,s56j_ai_score,s56j_atr,s56j_created_at,s56j_direction,s56j_entry,s56j_entry_ts,s56j_etf_flow,s56j_expected_pnl_pct,s56j_fear_greed,s56j_funding,s56j_hour,s56j_macro_score,s56j_market_regime,s56j_market_score,s56j_market_slug,s56j_news_score,s56j_oi_delta,s56j_source_db,s56j_source_table,s56j_spread,s56j_strategy,s56j_symbol,s56j_timestamp,s56j_tp1,s56j_tp2,s56j_trend,s56j_volatility,s56j_volume,s56j_vwap,s56j_weekday
,BTC,True,NewYork,,,,0.38,1781975397,btc-updown-5m-1781975407,,YES,early_reversion_v2_trades,,-10.0,YES_C,0.03,0.01,8.57711746450931,13.112129056528756,15.14129223899592,1781975397,1,1,1,hist:er_v2,,,LONG,0.38,,,,,20,,,,,,,BTC,1781975397,,,,15.14129223899592,,,5,,,1781964897,LONG,0.38,1781975397,,,,,20,,,,btc-updown-5m-1781975407,,,trades.db,early_reversion_v2_trades,,YES_C,BTC,1781975397,,,,15.14129223899592,,,5
,BTC,True,NewYork,,,,0.31,1781975417,btc-updown-5m-1781975407,,YES,early_reversion_v2_trades,,-10.0,YES_B,0.03,0.01,2.0120698298024746,2.8783959535315335,13.173059275152283,1781975417,2,2,2,hist:er_v2,,,LONG,0.31,,,,,20,,,,,,,BTC,1781975417,,,,13.173059275152283,,,5,,,1781964897,LONG,0.31,1781975417,,,,,20,,,,btc-updown-5m-1781975407,,,trades.db,early_reversion_v2_trades,,YES_B,BTC,1781975417,,,,13.173059275152283,,,5
,BTC,True,NewYork,0.29,0.3,23.2300000000032,0.29,1781975717,btc-updown-5m-1781975700,,YES,early_reversion_v2_trades,-0.010000000000000009,-10.0,YES_B,0.03,0.01,7.416985011895138,5.667581213940803,7.492203036995052,1781975717,3,3,3,hist:er_v2,,,LONG,0.29,,,,,20,,,,,,-0.010000000000000009,BTC,1781975717,,,,7.492203036995052,,,5,,,1781964954,LONG,0.29,1781975717,,,,,20,,,,btc-updown-5m-1781975700,,,trades.db,early_reversion_v2_trades,-0.010000000000000009,YES_B,BTC,1781975717,,,,7.492203036995052,,,5
,BTC,True,NewYork,0.29,0.3,23.2300000000032,0.29,1781975717,btc-updown-5m-1781975700,,YES,early_reversion_v2_trades,-0.010000000000000009,-10.0,YES_C,0.03,0.01,7.416985011895138,5.667581213940803,7.492203036995052,1781975717,4,4,4,hist:er_v2,,,LONG,0.29,,,,,20,,,,,,-0.010000000000000009,BTC,1781975717,,,,7.492203036995052,,,5,,,1781964954,LONG,0.29,1781975717,,,,,20,,,,btc-updown-5m-1781975700,,,trades.db,early_reversion_v2_trades,-0.010000000000000009,YES_C,BTC,1781975717,,,,7.492203036995052,,,5
,BTC,True,NewYork,0.39,0.4,12.0,0.39,1781976029,btc-updown-5m-1781976000,,YES,early_reversion_v2_trades,-0.010000000000000009,-10.0,YES_C,0.03,0.01,3.466939091860269,3.9153707394930386,5.743956507811715,1781976029,5,5,5,hist:er_v2,,,LONG,0.39,,,,,20,,,,,,-0.010000000000000009,BTC,1781976029,,,,5.743956507811715,,,5,,,1781965290,LONG,0.39,1781976029,,,,,20,,,,btc-updown-5m-1781976000,,,trades.db,early_reversion_v2_trades,-0.010000000000000009,YES_C,BTC,1781976029,,,,5.743956507811715,,,5
,BTC,True,NewYork,0.39,0.4,9.739999999997963,0.39,1781976308,btc-updown-5m-1781976300,,YES,early_reversion_v2_trades,-0.010000000000000009,-10.0,YES_C,0.03,0.01,3.338175961508182,2.4367486021326785,2.3362408874884166,1781976308,6,6,6,hist:er_v2,,,LONG,0.39,,,,,20,,,,,,-0.010000000000000009,BTC,1781976308,,,,2.3362408874884166,,,5,,,1781965548,LONG,0.39,1781976308,,,,,20,,,,btc-updown-5m-1781976300,,,trades.db,early_reversion_v2_trades,-0.010000000000000009,YES_C,BTC,1781976308,,,,2.3362408874884166,,,5
,BTC,True,NewYork,0.4,0.41,8.720000000001164,0.4,1781976619,btc-updown-5m-1781976600,,YES,early_reversion_v2_trades,-0.009999999999999953,-10.0,YES_C,0.03,0.01,1.300186121530167,21.99673802492079,29.665941285587902,1781976619,7,7,7,hist:er_v2,,,LONG,0.4,,,,,20,,,,,,-0.009999999999999953,BTC,1781976619,,,,29.665941285587902,,,5,,,1781965852,LONG,0.4,1781976619,,,,,20,,,,btc-updown-5m-1781976600,,,trades.db,early_reversion_v2_trades,-0.009999999999999953,YES_C,BTC,1781976619,,,,29.665941285587902,,,5
,BTC,True,NewYork,0.33,0.34,24.709999999999127,0.33,1781976627,btc-updown-5m-1781976600,,YES,early_reversion_v2_trades,-0.010000000000000009,-10.0,YES_B,0.03,0.01,6.3959999999991854,6.525450388882802,28.732834779458322,1781976627,8,8,8,hist:er_v2,,,LONG,0.33,,,,,20,,,,,,-0.010000000000000009,BTC,1781976627,,,,28.732834779458322,,,5,,,1781965860,LONG,0.33,1781976627,,,,,20,,,,btc-updown-5m-1781976600,,,trades.db,early_reversion_v2_trades,-0.010000000000000009,YES_B,BTC,1781976627,,,,28.732834779458322,,,5
,BTC,True,NewYork,0.15,0.2,213.58000000000175,0.15,1781976915,btc-updown-5m-1781976900,,YES,early_reversion_v2_trades,-0.05000000000000002,-10.0,YES_B,0.03,0.01,87.17160245745326,64.51683496936108,47.372132898892225,1781976915,9,9,9,hist:er_v2,,,LONG,0.15,,,,,20,,,,,,-0.05000000000000002,BTC,1781976915,,,,47.372132898892225,,,5,,,1781966145,LONG,0.15,1781976915,,,,,20,,,,btc-updown-5m-1781976900,,,trades.db,early_reversion_v2_trades,-0.05000000000000002,YES_B,BTC,1781976915,,,,47.372132898892225,,,5
,BTC,True,NewYork,0.15,0.2,213.58000000000175,0.15,1781976915,btc-updown-5m-1781976900,,YES,early_reversion_v2_trades,-0.05000000000000002,-10.0,YES_C,0.03,0.01,87.17160245745326,64.51683496936108,47.372132898892225,1781976915,10,10,10,hist:er_v2,,,LONG,0.15,,,,,20,,,,,,-0.05000000000000002,BTC,1781976915,,,,47.372132898892225,,,5,,,1781966145,LONG,0.15,1781976915,,,,,20,,,,btc-updown-5m-1781976900,,,trades.db,early_reversion_v2_trades,-0.05000000000000002,YES_C,BTC,1781976915,,,,47.372132898892225,,,5
,BTC,True,NewYork,0.31,0.32,25.299999999995634,0.31,1781977524,btc-updown-5m-1781977500,,YES,early_reversion_v2_trades,-0.010000000000000009,-10.0,YES_B,0.03,0.01,10.750166556848507,9.697846726074916,9.697846726074916,1781977524,11,11,11,hist:er_v2,,,LONG,0.31,,,,,20,,,,,,-0.010000000000000009,BTC,1781977524,,,,9.697846726074916,,,5,,,1781966756,LONG,0.31,1781977524,,,,,20,,,,btc-updown-5m-1781977500,,,trades.db,early_reversion_v2_trades,-0.010000000000000009,YES_B,BTC,1781977524,,,,9.697846726074916,,,5
,BTC,True,NewYork,0.31,0.32,25.299999999995634,0.31,1781977524,btc-updown-5m-1781977500,,YES,early_reversion_v2_trades,-0.010000000000000009,-10.0,YES_C,0.03,0.01,10.750166556848507,9.697846726074916,9.697846726074916,1781977524,12,12,12,hist:er_v2,,,LONG,0.31,,,,,20,,,,,,-0.010000000000000009,BTC,1781977524,,,,9.697846726074916,,,5,,,1781966756,LONG,0.31,1781977524,,,,,20,,,,btc-updown-5m-1781977500,,,trades.db,early_reversion_v2_trades,-0.010000000000000009,YES_C,BTC,1781977524,,,,9.697846726074916,,,5
,BTC,True,NewYork,0.34,0.35,23.989999999997963,0.34,1781978105,btc-updown-5m-1781978100,,NO,early_reversion_v2_trades,-0.009999999999999953,-10.0,NO_C,0.03,0.01,9.975972244458932,8.157125038203384,5.839128244211037,1781978105,13,13,13,hist:er_v2,,,SHORT,0.34,,,,,20,,,,,,-0.009999999999999953,BTC,1781978105,,,,5.839128244211037,,,5,,,1781967338,SHORT,0.34,1781978105,,,,,20,,,,btc-updown-5m-1781978100,,,trades.db,early_reversion_v2_trades,-0.009999999999999953,NO_C,BTC,1781978105,,,,5.839128244211037,,,5
,BTC,True,Offhours,0.38,0.39,11.30000000000291,0.38,1781978405,btc-updown-5m-1781978400,,NO,early_reversion_v2_trades,-0.010000000000000009,-10.0,NO_C,0.03,0.01,3.6948187963012527,3.4878359493216133,3.534408037929063,1781978405,14,14,14,hist:er_v2,,,SHORT,0.38,,,,,21,,,,,,-0.010000000000000009,BTC,1781978405,,,,3.534408037929063,,,5,,,1781967638,SHORT,0.38,1781978405,,,,,21,,,,btc-updown-5m-1781978400,,,trades.db,early_reversion_v2_trades,-0.010000000000000009,NO_C,BTC,1781978405,,,,3.534408037929063,,,5
,BTC,True,Offhours,0.33,0.34,16.0,0.33,1781979005,btc-updown-5m-1781979000,,NO,early_reversion_v2_trades,-0.010000000000000009,-10.0,NO_C,0.03,0.01,6.513881211497383,4.844804944277581,4.510241605373533,1781979005,15,15,15,hist:er_v2,,,SHORT,0.33,,,,,21,,,,,,-0.010000000000000009,BTC,1781979005,,,,4.510241605373533,,,5,,,1781968237,SHORT,0.33,1781979005,,,,,21,,,,btc-updown-5m-1781979000,,,trades.db,early_reversion_v2_trades,-0.010000000000000009,NO_C,BTC,1781979005,,,,4.510241605373533,,,5
,BTC,True,Offhours,0.33,0.34,11.979999999995925,0.33,1781979308,btc-updown-5m-1781979300,,NO,early_reversion_v2_trades,-0.010000000000000009,-10.0,NO_C,0.03,0.01,4.003566964282858,3.2995925411325486,3.737366098039302,1781979308,16,16,16,hist:er_v2,,,SHORT,0.33,,,,,21,,,,,,-0.010000000000000009,BTC,1781979308,,,,3.737366098039302,,,5,,,1781968540,SHORT,0.33,1781979308,,,,,21,,,,btc-updown-5m-1781979300,,,trades.db,early_reversion_v2_trades,-0.010000000000000009,NO_C,BTC,1781979308,,,,3.737366098039302,,,5
,BTC,True,Offhours,0.32,0.33,22.209999999999127,0.32,1781980206,btc-updown-5m-1781980200,,NO,early_reversion_v2_trades,-0.010000000000000009,-10.0,NO_C,0.03,0.01,8.882001125871724,7.271162217966958,6.395304052765976,1781980206,17,17,17,hist:er_v2,,,SHORT,0.32,,,,,21,,,,,,-0.010000000000000009,BTC,1781980206,,,,6.395304052765976,,,5,,,1781969466,SHORT,0.32,1781980206,,,,,21,,,,btc-updown-5m-1781980200,,,trades.db,early_reversion_v2_trades,-0.010000000000000009,NO_C,BTC,1781980206,,,,6.395304052765976,,,5
,BTC,True,Offhours,0.36,0.37,13.779999999998836,0.36,1781980505,btc-updown-5m-1781980500,,YES,early_reversion_v2_trades,-0.010000000000000009,-10.0,YES_C,0.03,0.01,5.676745937986534,4.52697528050626,4.429074873916578,1781980505,18,18,18,hist:er_v2,,,LONG,0.36,,,,,21,,,,,,-0.010000000000000009,BTC,1781980505,,,,4.429074873916578,,,5,,,1781969745,LONG,0.36,1781980505,,,,,21,,,,btc-updown-5m-1781980500,,,trades.db,early_reversion_v2_trades,-0.010000000000000009,YES_C,BTC,1781980505,,,,4.429074873916578,,,5
,BTC,True,Offhours,0.34,0.35,15.580000000001746,0.34,1781980519,btc-updown-5m-1781980500,,YES,early_reversion_v2_trades,-0.009999999999999953,-10.0,YES_B,0.03,0.01,0.893693957063161,6.998500478718996,6.329364858781868,1781980519,19,19,19,hist:er_v2,,,LONG,0.34,,,,,21,,,,,,-0.009999999999999953,BTC,1781980519,,,,6.329364858781868,,,5,,,1781969749,LONG,0.34,1781980519,,,,,21,,,,btc-updown-5m-1781980500,,,trades.db,early_reversion_v2_trades,-0.009999999999999953,YES_B,BTC,1781980519,,,,6.329364858781868,,,5
,BTC,True,Offhours,0.4,0.41,6.779999999998836,0.4,1781980805,btc-updown-5m-1781980800,,YES,early_reversion_v2_trades,-0.009999999999999953,-10.0,YES_C,0.03,0.01,3.1424877088057497,2.4668603527555906,2.5398615879245776,1781980805,20,20,20,hist:er_v2,,,LONG,0.4,,,,,21,,,,,,-0.009999999999999953,BTC,1781980805,,,,2.5398615879245776,,,5,,,1781970041,LONG,0.4,1781980805,,,,,21,,,,btc-updown-5m-1781980800,,,trades.db,early_reversion_v2_trades,-0.009999999999999953,YES_C,BTC,1781980805,,,,2.5398615879245776,,,5
,BTC,True,Offhours,0.31,0.36,10.790000000000873,0.31,1781980812,btc-updown-5m-1781980800,,YES,early_reversion_v2_trades,-0.04999999999999999,-10.0,YES_B,0.03,0.01,4.464511918078326,4.060817157439868,3.1766281769887437,1781980812,21,21,21,hist:er_v2,,,LONG,0.31,,,,,21,,,,,,-0.04999999999999999,BTC,1781980812,,,,3.1766281769887437,,,5,,,1781970044,LONG,0.31,1781980812,,,,,21,,,,btc-updown-5m-1781980800,,,trades.db,early_reversion_v2_trades,-0.04999999999999999,YES_B,BTC,1781980812,,,,3.1766281769887437,,,5
,BTC,True,Offhours,0.4,0.42,14.0,0.4,1781981112,btc-updown-5m-1781981100,,NO,early_reversion_v2_trades,-0.019999999999999962,-10.0,NO_C,0.03,0.01,6.856939258883056,6.322297801417027,12.766727917808096,1781981112,22,22,22,hist:er_v2,,,SHORT,0.4,,,,,21,,,,,,-0.019999999999999962,BTC,1781981112,,,,12.766727917808096,,,5,,,1781970371,SHORT,0.4,1781981112,,,,,21,,,,btc-updown-5m-1781981100,,,trades.db,early_reversion_v2_trades,-0.019999999999999962,NO_C,BTC,1781981112,,,,12.766727917808096,,,5
,BTC,True,Offhours,0.38,0.39,5.889999999999418,0.38,1781982003,btc-updown-5m-1781982000,,YES,early_reversion_v2_trades,-0.010000000000000009,-10.0,YES_C,0.03,0.01,1.5400400765884734,1.4290862465215772,5.665838893852994,1781982003,23,23,23,hist:er_v2,,,LONG,0.38,,,,,22,,,,,,-0.010000000000000009,BTC,1781982003,,,,5.665838893852994,,,5,,,1781971263,LONG,0.38,1781982003,,,,,22,,,,btc-updown-5m-1781982000,,,trades.db,early_reversion_v2_trades,-0.010000000000000009,YES_C,BTC,1781982003,,,,5.665838893852994,,,5
,BTC,True,Offhours,0.37,0.38,11.989999999997963,0.37,1781982305,btc-updown-5m-1781982300,,YES,early_reversion_v2_trades,-0.010000000000000009,-10.0,YES_C,0.03,0.01,3.7692747443987713,2.9367246307899895,7.015661281302007,1781982305,24,24,24,hist:er_v2,,,LONG,0.37,,,,,22,,,,,,-0.010000000000000009,BTC,1781982305,,,,7.015661281302007,,,5,,,1781971535,LONG,0.37,1781982305,,,,,22,,,,btc-updown-5m-1781982300,,,trades.db,early_reversion_v2_trades,-0.010000000000000009,YES_C,BTC,1781982305,,,,7.015661281302007,,,5
,BTC,True,Offhours,0.35,0.36,17.80000000000291,0.35,1781982308,btc-updown-5m-1781982300,,YES,early_reversion_v2_trades,-0.010000000000000009,-10.0,YES_B,0.03,0.01,6.755137048440842,5.568072044934066,8.333860148637447,1781982308,25,25,25,hist:er_v2,,,LONG,0.35,,,,,22,,,,,,-0.010000000000000009,BTC,1781982308,,,,8.333860148637447,,,5,,,1781971539,LONG,0.35,1781982308,,,,,22,,,,btc-updown-5m-1781982300,,,trades.db,early_reversion_v2_trades,-0.010000000000000009,YES_B,BTC,1781982308,,,,8.333860148637447,,,5
,BTC,True,Offhours,0.4,0.41,9.520000000004075,0.4,1781982617,btc-updown-5m-1781982600,,NO,early_reversion_v2_trades,-0.009999999999999953,-10.0,NO_C,0.03,0.01,1.411175396611694,8.109322177151974,26.74637238928198,1781982617,26,26,26,hist:er_v2,,,SHORT,0.4,,,,,22,,,,,,-0.009999999999999953,BTC,1781982617,,,,26.74637238928198,,,5,,,1781971853,SHORT,0.4,1781982617,,,,,22,,,,btc-updown-5m-1781982600,,,trades.db,early_reversion_v2_trades,-0.009999999999999953,NO_C,BTC,1781982617,,,,26.74637238928198,,,5
,BTC,True,Offhours,0.36,0.37,14.0,0.36,1781982904,btc-updown-5m-1781982900,,NO,early_reversion_v2_trades,-0.010000000000000009,-10.0,NO_C,0.03,0.01,6.816479915433294,5.267621468699392,3.873863895954166,1781982904,27,27,27,hist:er_v2,,,SHORT,0.36,,,,,22,,,,,,-0.010000000000000009,BTC,1781982904,,,,3.873863895954166,,,5,,,1781972148,SHORT,0.36,1781982904,,,,,22,,,,btc-updown-5m-1781982900,,,trades.db,early_reversion_v2_trades,-0.010000000000000009,NO_C,BTC,1781982904,,,,3.873863895954166,,,5
,BTC,True,Offhours,0.33,0.34,17.37999999999738,0.33,1781983229,btc-updown-5m-1781983200,,NO,early_reversion_v2_trades,-0.010000000000000009,-10.0,NO_C,0.03,0.01,7.047680469486788,5.849445423687081,10.072108785664685,1781983229,28,28,28,hist:er_v2,,,SHORT,0.33,,,,,22,,,,,,-0.010000000000000009,BTC,1781983229,,,,10.072108785664685,,,5,,,1781972517,SHORT,0.33,1781983229,,,,,22,,,,btc-updown-5m-1781983200,,,trades.db,early_reversion_v2_trades,-0.010000000000000009,NO_C,BTC,1781983229,,,,10.072108785664685,,,5
,BTC,True,Offhours,0.4,0.41,9.989999999997963,0.4,1781983512,btc-updown-5m-1781983500,,YES,early_reversion_v2_trades,-0.009999999999999953,-10.0,YES_C,0.03,0.01,3.159909017677084,2.7107753013432796,6.518431529852465,1781983512,29,29,29,hist:er_v2,,,LONG,0.4,,,,,22,,,,,,-0.009999999999999953,BTC,1781983512,,,,6.518431529852465,,,5,,,1781972745,LONG,0.4,1781983512,,,,,22,,,,btc-updown-5m-1781983500,,,trades.db,early_reversion_v2_trades,-0.009999999999999953,YES_C,BTC,1781983512,,,,6.518431529852465,,,5
,BTC,True,Offhours,0.35,0.36,6.489999999997963,0.35,1781983526,btc-updown-5m-1781983500,,NO,early_reversion_v2_trades,-0.010000000000000009,-10.0,NO_C,0.03,0.01,5.601580024012959,5.061516223857312,7.337954479365246,1781983526,30,30,30,hist:er_v2,,,SHORT,0.35,,,,,22,,,,,,-0.010000000000000009,BTC,1781983526,,,,7.337954479365246,,,5,,,1781972770,SHORT,0.35,1781983526,,,,,22,,,,btc-updown-5m-1781983500,,,trades.db,early_reversion_v2_trades,-0.010000000000000009,NO_C,BTC,1781983526,,,,7.337954479365246,,,5
,BTC,True,Offhours,0.35,0.37,22.0,0.35,1781983823,btc-updown-5m-1781983800,,YES,early_reversion_v2_trades,-0.020000000000000018,-10.0,YES_B,0.03,0.01,6.911970293145639,5.1755903663385645,3.982718753377378,1781983823,31,31,31,hist:er_v2,,,LONG,0.35,,,,,22,,,,,,-0.020000000000000018,BTC,1781983823,,,,3.982718753377378,,,5,,,1781973059,LONG,0.35,1781983823,,,,,22,,,,btc-updown-5m-1781983800,,,trades.db,early_reversion_v2_trades,-0.020000000000000018,YES_B,BTC,1781983823,,,,3.982718753377378,,,5
,BTC,True,Offhours,0.35,0.37,22.0,0.35,1781983823,btc-updown-5m-1781983800,,YES,early_reversion_v2_trades,-0.020000000000000018,-10.0,YES_C,0.03,0.01,6.911970293145639,5.1755903663385645,3.982718753377378,1781983823,32,32,32,hist:er_v2,,,LONG,0.35,,,,,22,,,,,,-0.020000000000000018,BTC,1781983823,,,,3.982718753377378,,,5,,,1781973059,LONG,0.35,1781983823,,,,,22,,,,btc-updown-5m-1781983800,,,trades.db,early_reversion_v2_trades,-0.020000000000000018,YES_C,BTC,1781983823,,,,3.982718753377378,,,5
,BTC,True,Offhours,0.47,0.48,0.0,0.36,1781984110,btc-updown-5m-1781984100,,YES,early_reversion_v2_trades,-0.010000000000000009,-10.0,YES_C,0.03,0.01,3.7688813548137934,2.8220627318119726,2.0266282914814946,1781984110,33,33,33,hist:er_v2,,,LONG,0.36,,,,,22,,,,,,-0.010000000000000009,BTC,1781984110,,,,2.0266282914814946,,,5,,,1781973400,LONG,0.36,1781984110,,,,,22,,,,btc-updown-5m-1781984100,,,trades.db,early_reversion_v2_trades,-0.010000000000000009,YES_C,BTC,1781984110,,,,2.0266282914814946,,,5
,BTC,True,Offhours,0.39,0.4,12.0,0.39,1781984706,btc-updown-5m-1781984700,,NO,early_reversion_v2_trades,-0.010000000000000009,-10.0,NO_C,0.03,0.01,3.911572573786519,3.263071344925311,3.003372882027343,1781984706,34,34,34,hist:er_v2,,,SHORT,0.39,,,,,22,,,,,,-0.010000000000000009,BTC,1781984706,,,,3.003372882027343,,,5,,,1781973959,SHORT,0.39,1781984706,,,,,22,,,,btc-updown-5m-1781984700,,,trades.db,early_reversion_v2_trades,-0.010000000000000009,NO_C,BTC,1781984706,,,,3.003372882027343,,,5
,BTC,True,Offhours,0.38,0.39,8.0,0.38,1781985313,btc-updown-5m-1781985300,,YES,early_reversion_v2_trades,-0.010000000000000009,-10.0,YES_C,0.03,0.01,4.454302302269141,4.048138766042272,3.076074839577888,1781985313,35,35,35,hist:er_v2,,,LONG,0.38,,,,,22,,,,,,-0.010000000000000009,BTC,1781985313,,,,3.076074839577888,,,5,,,1781974557,LONG,0.38,1781985313,,,,,22,,,,btc-updown-5m-1781985300,,,trades.db,early_reversion_v2_trades,-0.010000000000000009,YES_C,BTC,1781985313,,,,3.076074839577888,,,5
,BTC,True,Offhours,0.36,0.37,10.319999999999709,0.36,1781986224,btc-updown-5m-1781986200,,NO,early_reversion_v2_trades,-0.010000000000000009,-10.0,NO_C,0.03,0.01,1.210507744708038,2.81746695840913,3.6837894210007405,1781986224,36,36,36,hist:er_v2,,,SHORT,0.36,,,,,23,,,,,,-0.010000000000000009,BTC,1781986224,,,,3.6837894210007405,,,5,,,1781975460,SHORT,0.36,1781986224,,,,,23,,,,btc-updown-5m-1781986200,,,trades.db,early_reversion_v2_trades,-0.010000000000000009,NO_C,BTC,1781986224,,,,3.6837894210007405,,,5
,BTC,True,Offhours,0.39,0.4,7.430000000000291,0.39,1781986503,btc-updown-5m-1781986500,,YES,early_reversion_v2_trades,-0.010000000000000009,-10.0,YES_C,0.03,0.01,4.701879943171716,3.7987160659880264,2.8396894086321383,1781986503,37,37,37,hist:er_v2,,,LONG,0.39,,,,,23,,,,,,-0.010000000000000009,BTC,1781986503,,,,2.8396894086321383,,,5,,,1781975733,LONG,0.39,1781986503,,,,,23,,,,btc-updown-5m-1781986500,,,trades.db,early_reversion_v2_trades,-0.010000000000000009,YES_C,BTC,1781986503,,,,2.8396894086321383,,,5
,BTC,True,Offhours,0.26,0.27,17.760000000002037,0.26,1781986515,btc-updown-5m-1781986500,,YES,early_reversion_v2_trades,-0.010000000000000009,-10.0,YES_B,0.03,0.01,4.475909823713168,7.415461887165257,6.4283472555154875,1781986515,38,38,38,hist:er_v2,,,LONG,0.26,,,,,23,,,,,,-0.010000000000000009,BTC,1781986515,,,,6.4283472555154875,,,5,,,1781975776,LONG,0.26,1781986515,,,,,23,,,,btc-updown-5m-1781986500,,,trades.db,early_reversion_v2_trades,-0.010000000000000009,YES_B,BTC,1781986515,,,,6.4283472555154875,,,5
,BTC,True,Offhours,0.33,0.34,16.0,0.33,1781986821,btc-updown-5m-1781986800,,YES,early_reversion_v2_trades,-0.010000000000000009,-10.0,YES_B,0.03,0.01,4.117357416931193,6.357404362974778,7.784220015518369,1781986821,39,39,39,hist:er_v2,,,LONG,0.33,,,,,23,,,,,,-0.010000000000000009,BTC,1781986821,,,,7.784220015518369,,,5,,,1781976053,LONG,0.33,1781986821,,,,,23,,,,btc-updown-5m-1781986800,,,trades.db,early_reversion_v2_trades,-0.010000000000000009,YES_B,BTC,1781986821,,,,7.784220015518369,,,5
,BTC,True,Offhours,0.33,0.34,16.0,0.33,1781986821,btc-updown-5m-1781986800,,YES,early_reversion_v2_trades,-0.010000000000000009,-10.0,YES_C,0.03,0.01,4.117357416931193,6.357404362974778,7.784220015518369,1781986821,40,40,40,hist:er_v2,,,LONG,0.33,,,,,23,,,,,,-0.010000000000000009,BTC,1781986821,,,,7.784220015518369,,,5,,,1781976053,LONG,0.33,1781986821,,,,,23,,,,btc-updown-5m-1781986800,,,trades.db,early_reversion_v2_trades,-0.010000000000000009,YES_C,BTC,1781986821,,,,7.784220015518369,,,5
,BTC,True,Offhours,0.32,0.33,10.010000000002037,0.32,1781987421,btc-updown-5m-1781987400,,NO,early_reversion_v2_trades,-0.010000000000000009,-10.0,NO_C,0.03,0.01,3.9220433449930883,3.3832334755381264,3.264146555283584,1781987421,41,41,41,hist:er_v2,,,SHORT,0.32,,,,,23,,,,,,-0.010000000000000009,BTC,1781987421,,,,3.264146555283584,,,5,,,1781976651,SHORT,0.32,1781987421,,,,,23,,,,btc-updown-5m-1781987400,,,trades.db,early_reversion_v2_trades,-0.010000000000000009,NO_C,BTC,1781987421,,,,3.264146555283584,,,5
,BTC,True,Offhours,0.37,0.44,0.05000000000291038,0.36,1781988002,btc-updown-5m-1781988000,,YES,early_reversion_v2_trades,-0.07,-10.0,YES_C,0.03,0.01,5.814027863710534,4.421380154333717,3.5765185630915983,1781988002,42,42,42,hist:er_v2,,,LONG,0.36,,,,,23,,,,,,-0.07,BTC,1781988002,,,,3.5765185630915983,,,5,,,1781977241,LONG,0.36,1781988002,,,,,23,,,,btc-updown-5m-1781988000,,,trades.db,early_reversion_v2_trades,-0.07,YES_C,BTC,1781988002,,,,3.5765185630915983,,,5
,BTC,True,Offhours,0.39,0.4,4.1599999999962165,0.39,1781988905,btc-updown-5m-1781988900,,NO,early_reversion_v2_trades,-0.010000000000000009,-10.0,NO_C,0.03,0.01,1.3097252562700814,0.9798605225221051,0.712961979494515,1781988905,43,43,43,hist:er_v2,,,SHORT,0.39,,,,,23,,,,,,-0.010000000000000009,BTC,1781988905,,,,0.712961979494515,,,5,,,1781978135,SHORT,0.39,1781988905,,,,,23,,,,btc-updown-5m-1781988900,,,trades.db,early_reversion_v2_trades,-0.010000000000000009,NO_C,BTC,1781988905,,,,0.712961979494515,,,5
,BTC,True,Asia,0.33,0.35,28.330000000001746,0.33,1781992203,btc-updown-5m-1781992200,,NO,early_reversion_v2_trades,-0.019999999999999962,-10.0,NO_C,0.03,0.01,10.86979002575881,10.974205878994095,12.896919544048403,1781992203,44,44,44,hist:er_v2,,,SHORT,0.33,,,,,0,,,,,,-0.019999999999999962,BTC,1781992203,,,,12.896919544048403,,,6,,,1781981453,SHORT,0.33,1781992203,,,,,0,,,,btc-updown-5m-1781992200,,,trades.db,early_reversion_v2_trades,-0.019999999999999962,NO_C,BTC,1781992203,,,,12.896919544048403,,,6
,BTC,True,Asia,0.4,0.41,16.37999999999738,0.4,1781992807,btc-updown-5m-1781992800,,YES,early_reversion_v2_trades,-0.009999999999999953,-10.0,YES_C,0.03,0.01,7.095635982770837,6.503154522997942,4.666915762510511,1781992807,45,45,45,hist:er_v2,,,LONG,0.4,,,,,1,,,,,,-0.009999999999999953,BTC,1781992807,,,,4.666915762510511,,,6,,,1781982045,LONG,0.4,1781992807,,,,,1,,,,btc-updown-5m-1781992800,,,trades.db,early_reversion_v2_trades,-0.009999999999999953,YES_C,BTC,1781992807,,,,4.666915762510511,,,6
,BTC,True,Asia,0.4,0.41,12.0,0.4,1781993106,btc-updown-5m-1781993100,,YES,early_reversion_v2_trades,-0.009999999999999953,-10.0,YES_C,0.03,0.01,7.277019908588326,6.83493039009858,9.404545443560451,1781993106,46,46,46,hist:er_v2,,,LONG,0.4,,,,,1,,,,,,-0.009999999999999953,BTC,1781993106,,,,9.404545443560451,,,6,,,1781982336,LONG,0.4,1781993106,,,,,1,,,,btc-updown-5m-1781993100,,,trades.db,early_reversion_v2_trades,-0.009999999999999953,YES_C,BTC,1781993106,,,,9.404545443560451,,,6
,BTC,True,Asia,0.4,0.41,6.07999999999447,0.4,1781993121,btc-updown-5m-1781993100,,NO,early_reversion_v2_trades,-0.009999999999999953,-10.0,NO_C,0.03,0.01,6.515067459357282,6.675464403319742,7.925151319532605,1781993121,47,47,47,hist:er_v2,,,SHORT,0.4,,,,,1,,,,,,-0.009999999999999953,BTC,1781993121,,,,7.925151319532605,,,6,,,1781982351,SHORT,0.4,1781993121,,,,,1,,,,btc-updown-5m-1781993100,,,trades.db,early_reversion_v2_trades,-0.009999999999999953,NO_C,BTC,1781993121,,,,7.925151319532605,,,6
,BTC,True,Asia,0.4,0.41,4.369999999995343,0.4,1781993417,btc-updown-5m-1781993400,,YES,early_reversion_v2_trades,-0.009999999999999953,-10.0,YES_C,0.03,0.01,1.4857779107240277,4.883911726269935,8.897545658775963,1781993417,48,48,48,hist:er_v2,,,LONG,0.4,,,,,1,,,,,,-0.009999999999999953,BTC,1781993417,,,,8.897545658775963,,,6,,,1781982652,LONG,0.4,1781993417,,,,,1,,,,btc-updown-5m-1781993400,,,trades.db,early_reversion_v2_trades,-0.009999999999999953,YES_C,BTC,1781993417,,,,8.897545658775963,,,6
,BTC,True,Asia,0.4,0.41,6.4100000000034925,0.4,1781993715,btc-updown-5m-1781993700,,YES,early_reversion_v2_trades,-0.009999999999999953,-10.0,YES_C,0.03,0.01,1.3589518019413558,2.1673240989750076,4.523403831433094,1781993715,49,49,49,hist:er_v2,,,LONG,0.4,,,,,1,,,,,,-0.009999999999999953,BTC,1781993715,,,,4.523403831433094,,,6,,,1781982945,LONG,0.4,1781993715,,,,,1,,,,btc-updown-5m-1781993700,,,trades.db,early_reversion_v2_trades,-0.009999999999999953,YES_C,BTC,1781993715,,,,4.523403831433094,,,6
,BTC,True,Asia,0.4,0.41,18.69999999999709,0.4,1781994313,btc-updown-5m-1781994300,,YES,early_reversion_v2_trades,-0.009999999999999953,-10.0,YES_C,0.03,0.01,7.158242801134411,6.777221288630166,24.26588527614958,1781994313,50,50,50,hist:er_v2,,,LONG,0.4,,,,,1,,,,,,-0.009999999999999953,BTC,1781994313,,,,24.26588527614958,,,6,,,1781983543,LONG,0.4,1781994313,,,,,1,,,,btc-updown-5m-1781994300,,,trades.db,early_reversion_v2_trades,-0.009999999999999953,YES_C,BTC,1781994313,,,,24.26588527614958,,,6
,BTC,True,Asia,0.33,0.34,28.709999999999127,0.33,1781994317,btc-updown-5m-1781994300,,YES,early_reversion_v2_trades,-0.010000000000000009,-10.0,YES_B,0.03,0.01,11.30353112969599,10.28001128884415,23.733183461807098,1781994317,51,51,51,hist:er_v2,,,LONG,0.33,,,,,1,,,,,,-0.010000000000000009,BTC,1781994317,,,,23.733183461807098,,,6,,,1781983564,LONG,0.33,1781994317,,,,,1,,,,btc-updown-5m-1781994300,,,trades.db,early_reversion_v2_trades,-0.010000000000000009,YES_B,BTC,1781994317,,,,23.733183461807098,,,6
,BTC,True,Asia,0.4,0.41,9.989999999997963,0.4,1781994627,btc-updown-5m-1781994600,,YES,early_reversion_v2_trades,-0.009999999999999953,-10.0,YES_C,0.03,0.01,1.6150046439563188,3.2527257325749956,4.975692401956449,1781994627,52,52,52,hist:er_v2,,,LONG,0.4,,,,,1,,,,,,-0.009999999999999953,BTC,1781994627,,,,4.975692401956449,,,6,,,1781983860,LONG,0.4,1781994627,,,,,1,,,,btc-updown-5m-1781994600,,,trades.db,early_reversion_v2_trades,-0.009999999999999953,YES_C,BTC,1781994627,,,,4.975692401956449,,,6
,BTC,True,Asia,0.38,0.38,0.0,0.38,1781995203,btc-updown-5m-1781995200,,NO,early_reversion_v2_trades,0.0,-10.0,NO_C,0.03,0.01,0.00489897948656441,3.4946080916576436,4.311948811269948,1781995203,53,53,53,hist:er_v2,,,SHORT,0.38,,,,,1,,,,,,0.0,BTC,1781995203,,,,4.311948811269948,,,6,,,1781984435,SHORT,0.38,1781995203,,,,,1,,,,btc-updown-5m-1781995200,,,trades.db,early_reversion_v2_trades,0.0,NO_C,BTC,1781995203,,,,4.311948811269948,,,6
,BTC,True,Asia,0.39,0.42,1.9899999999979627,0.39,1781995806,btc-updown-5m-1781995800,,YES,early_reversion_v2_trades,-0.02999999999999997,-10.0,YES_C,0.03,0.01,0.7990093866780794,3.0756045275491735,5.418614910034822,1781995806,54,54,54,hist:er_v2,,,LONG,0.39,,,,,1,,,,,,-0.02999999999999997,BTC,1781995806,,,,5.418614910034822,,,6,,,1781985062,LONG,0.39,1781995806,,,,,1,,,,btc-updown-5m-1781995800,,,trades.db,early_reversion_v2_trades,-0.02999999999999997,YES_C,BTC,1781995806,,,,5.418614910034822,,,6
,BTC,True,Asia,0.35,0.36,4.0,0.35,1781995810,btc-updown-5m-1781995800,,YES,early_reversion_v2_trades,-0.010000000000000009,-10.0,YES_B,0.03,0.01,1.6020062421855021,1.7444331209834174,4.954338841500632,1781995810,55,55,55,hist:er_v2,,,LONG,0.35,,,,,1,,,,,,-0.010000000000000009,BTC,1781995810,,,,4.954338841500632,,,6,,,1781985062,LONG,0.35,1781995810,,,,,1,,,,btc-updown-5m-1781995800,,,trades.db,early_reversion_v2_trades,-0.010000000000000009,YES_B,BTC,1781995810,,,,4.954338841500632,,,6
,BTC,True,Asia,0.4,0.41,3.2299999999959255,0.4,1781996722,btc-updown-5m-1781996700,,YES,early_reversion_v2_trades,-0.009999999999999953,-10.0,YES_C,0.03,0.01,1.2890058184507291,7.056791830393605,7.08682158900451,1781996722,56,56,56,hist:er_v2,,,LONG,0.4,,,,,2,,,,,,-0.009999999999999953,BTC,1781996722,,,,7.08682158900451,,,6,,,1781985954,LONG,0.4,1781996722,,,,,2,,,,btc-updown-5m-1781996700,,,trades.db,early_reversion_v2_trades,-0.009999999999999953,YES_C,BTC,1781996722,,,,7.08682158900451,,,6
,BTC,True,Asia,0.4,0.41,7.19999999999709,0.4,1781997004,btc-updown-5m-1781997000,,YES,early_reversion_v2_trades,-0.009999999999999953,-10.0,YES_C,0.03,0.01,5.010000000002037,4.00800000000163,2.67069235089705,1781997004,57,57,57,hist:er_v2,,,LONG,0.4,,,,,2,,,,,,-0.009999999999999953,BTC,1781997004,,,,2.67069235089705,,,6,,,1781986239,LONG,0.4,1781997004,,,,,2,,,,btc-updown-5m-1781997000,,,trades.db,early_reversion_v2_trades,-0.009999999999999953,YES_C,BTC,1781997004,,,,2.67069235089705,,,6
,BTC,True,Asia,0.4,0.41,9.059999999997672,0.4,1781997627,btc-updown-5m-1781997600,,YES,early_reversion_v2_trades,-0.009999999999999953,-10.0,YES_C,0.03,0.01,3.351449835518669,2.8096056574923662,2.0599113092736525,1781997627,58,58,58,hist:er_v2,,,LONG,0.4,,,,,2,,,,,,-0.009999999999999953,BTC,1781997627,,,,2.0599113092736525,,,6,,,1781986859,LONG,0.4,1781997627,,,,,2,,,,btc-updown-5m-1781997600,,,trades.db,early_reversion_v2_trades,-0.009999999999999953,YES_C,BTC,1781997627,,,,2.0599113092736525,,,6
,BTC,True,Asia,0.4,0.41,0.0,0.4,1781997908,btc-updown-5m-1781997900,,YES,early_reversion_v2_trades,-0.009999999999999953,-10.0,YES_C,0.03,0.01,0.9691934791363408,2.970211365469146,3.541970401523543,1781997908,59,59,59,hist:er_v2,,,LONG,0.4,,,,,2,,,,,,-0.009999999999999953,BTC,1781997908,,,,3.541970401523543,,,6,,,1781987141,LONG,0.4,1781997908,,,,,2,,,,btc-updown-5m-1781997900,,,trades.db,early_reversion_v2_trades,-0.009999999999999953,YES_C,BTC,1781997908,,,,3.541970401523543,,,6
,BTC,True,Asia,0.39,0.4,5.55000000000291,0.39,1781998209,btc-updown-5m-1781998200,,NO,early_reversion_v2_trades,-0.010000000000000009,-10.0,NO_C,0.03,0.01,2.897730146167578,3.7149281766984075,6.203643365270801,1781998209,60,60,60,hist:er_v2,,,SHORT,0.39,,,,,2,,,,,,-0.010000000000000009,BTC,1781998209,,,,6.203643365270801,,,6,,,1781987439,SHORT,0.39,1781998209,,,,,2,,,,btc-updown-5m-1781998200,,,trades.db,early_reversion_v2_trades,-0.010000000000000009,NO_C,BTC,1781998209,,,,6.203643365270801,,,6
,BTC,True,Asia,0.33,0.34,7.769999999996799,0.33,1781998516,btc-updown-5m-1781998500,,NO,early_reversion_v2_trades,-0.010000000000000009,-10.0,NO_C,0.03,0.01,3.11000321543155,5.267497355960177,6.0501915666426145,1781998516,61,61,61,hist:er_v2,,,SHORT,0.33,,,,,2,,,,,,-0.010000000000000009,BTC,1781998516,,,,6.0501915666426145,,,6,,,1781987759,SHORT,0.33,1781998516,,,,,2,,,,btc-updown-5m-1781998500,,,trades.db,early_reversion_v2_trades,-0.010000000000000009,NO_C,BTC,1781998516,,,,6.0501915666426145,,,6
,BTC,True,Asia,0.36,0.37,5.9799999999959255,0.36,1781998802,btc-updown-5m-1781998800,,YES,early_reversion_v2_trades,-0.010000000000000009,-10.0,YES_C,0.03,0.01,2.393003134137768,4.754106477042614,5.36706939679676,1781998802,62,62,62,hist:er_v2,,,LONG,0.36,,,,,2,,,,,,-0.010000000000000009,BTC,1781998802,,,,5.36706939679676,,,6,,,1781988032,LONG,0.36,1781998802,,,,,2,,,,btc-updown-5m-1781998800,,,trades.db,early_reversion_v2_trades,-0.010000000000000009,YES_C,BTC,1781998802,,,,5.36706939679676,,,6
,BTC,True,Asia,0.34,0.35,11.5,0.34,1781998805,btc-updown-5m-1781998800,,YES,early_reversion_v2_trades,-0.009999999999999953,-10.0,YES_B,0.03,0.01,4.625371768841809,4.659616102450812,5.344906898888341,1781998805,63,63,63,hist:er_v2,,,LONG,0.34,,,,,2,,,,,,-0.009999999999999953,BTC,1781998805,,,,5.344906898888341,,,6,,,1781988035,LONG,0.34,1781998805,,,,,2,,,,btc-updown-5m-1781998800,,,trades.db,early_reversion_v2_trades,-0.009999999999999953,YES_B,BTC,1781998805,,,,5.344906898888341,,,6
,BTC,True,Asia,0.29,0.3,26.869999999995343,0.29,1781999102,btc-updown-5m-1781999100,,YES,early_reversion_v2_trades,-0.010000000000000009,-10.0,YES_B,0.03,0.01,10.325342415628699,8.240423997241411,6.395258299687554,1781999102,64,64,64,hist:er_v2,,,LONG,0.29,,,,,2,,,,,,-0.010000000000000009,BTC,1781999102,,,,6.395258299687554,,,6,,,1781988356,LONG,0.29,1781999102,,,,,2,,,,btc-updown-5m-1781999100,,,trades.db,early_reversion_v2_trades,-0.010000000000000009,YES_B,BTC,1781999102,,,,6.395258299687554,,,6
,BTC,True,Asia,0.29,0.3,26.869999999995343,0.29,1781999102,btc-updown-5m-1781999100,,YES,early_reversion_v2_trades,-0.010000000000000009,-10.0,YES_C,0.03,0.01,10.325342415628699,8.240423997241411,6.395258299687554,1781999102,65,65,65,hist:er_v2,,,LONG,0.29,,,,,2,,,,,,-0.010000000000000009,BTC,1781999102,,,,6.395258299687554,,,6,,,1781988356,LONG,0.29,1781999102,,,,,2,,,,btc-updown-5m-1781999100,,,trades.db,early_reversion_v2_trades,-0.010000000000000009,YES_C,BTC,1781999102,,,,6.395258299687554,,,6
,BTC,True,Asia,0.39,0.4,3.540000000000873,0.39,1781999421,btc-updown-5m-1781999400,,YES,early_reversion_v2_trades,-0.010000000000000009,-10.0,YES_C,0.03,0.01,1.420000000001164,2.0734629096049964,2.2781000400308735,1781999421,66,66,66,hist:er_v2,,,LONG,0.39,,,,,2,,,,,,-0.010000000000000009,BTC,1781999421,,,,2.2781000400308735,,,6,,,1781988662,LONG,0.39,1781999421,,,,,2,,,,btc-updown-5m-1781999400,,,trades.db,early_reversion_v2_trades,-0.010000000000000009,YES_C,BTC,1781999421,,,,2.2781000400308735,,,6
,BTC,True,Asia,0.4,0.41,7.810000000004948,0.4,1781999704,btc-updown-5m-1781999700,,YES,early_reversion_v2_trades,-0.009999999999999953,-10.0,YES_C,0.03,0.01,3.383275040550112,10.064821704208008,16.56433324759852,1781999704,67,67,67,hist:er_v2,,,LONG,0.4,,,,,2,,,,,,-0.009999999999999953,BTC,1781999704,,,,16.56433324759852,,,6,,,1781988936,LONG,0.4,1781999704,,,,,2,,,,btc-updown-5m-1781999700,,,trades.db,early_reversion_v2_trades,-0.009999999999999953,YES_C,BTC,1781999704,,,,16.56433324759852,,,6
,BTC,True,Asia,0.37,0.38,0.0,0.37,1782000301,btc-updown-5m-1782000300,,NO,early_reversion_v2_trades,-0.010000000000000009,-10.0,NO_C,0.03,0.01,0.004898979482999933,0.15877618380380285,1.5654312781169057,1782000301,68,68,68,hist:er_v2,,,SHORT,0.37,,,,,3,,,,,,-0.010000000000000009,BTC,1782000301,,,,1.5654312781169057,,,6,,,1781989533,SHORT,0.37,1782000301,,,,,3,,,,btc-updown-5m-1782000300,,,trades.db,early_reversion_v2_trades,-0.010000000000000009,NO_C,BTC,1782000301,,,,1.5654312781169057,,,6
,BTC,True,Asia,0.36,0.37,12.089999999996508,0.36,1782000906,btc-updown-5m-1782000900,,YES,early_reversion_v2_trades,-0.010000000000000009,-10.0,YES_C,0.03,0.01,9.255823504691593,9.133437279754412,7.123860923941874,1782000906,69,69,69,hist:er_v2,,,LONG,0.36,,,,,3,,,,,,-0.010000000000000009,BTC,1782000906,,,,7.123860923941874,,,6,,,1781990138,LONG,0.36,1782000906,,,,,3,,,,btc-updown-5m-1782000900,,,trades.db,early_reversion_v2_trades,-0.010000000000000009,YES_C,BTC,1782000906,,,,7.123860923941874,,,6
,BTC,True,Asia,0.3,0.31,16.089999999996508,0.3,1782000913,btc-updown-5m-1782000900,,YES,early_reversion_v2_trades,-0.010000000000000009,-10.0,YES_B,0.03,0.01,6.041678160908,8.599561717226807,7.265371724666023,1782000913,70,70,70,hist:er_v2,,,LONG,0.3,,,,,3,,,,,,-0.010000000000000009,BTC,1782000913,,,,7.265371724666023,,,6,,,1781990145,LONG,0.3,1782000913,,,,,3,,,,btc-updown-5m-1782000900,,,trades.db,early_reversion_v2_trades,-0.010000000000000009,YES_B,BTC,1782000913,,,,7.265371724666023,,,6
,BTC,True,Asia,0.35,0.36,25.889999999999418,0.35,1782002114,btc-updown-5m-1782002100,,YES,early_reversion_v2_trades,-0.010000000000000009,-10.0,YES_B,0.03,0.01,10.834946642693113,12.74359833161315,10.739613732075354,1782002114,71,71,71,hist:er_v2,,,LONG,0.35,,,,,3,,,,,,-0.010000000000000009,BTC,1782002114,,,,10.739613732075354,,,6,,,1781991347,LONG,0.35,1782002114,,,,,3,,,,btc-updown-5m-1782002100,,,trades.db,early_reversion_v2_trades,-0.010000000000000009,YES_B,BTC,1782002114,,,,10.739613732075354,,,6
,BTC,True,Asia,0.35,0.36,25.889999999999418,0.35,1782002114,btc-updown-5m-1782002100,,YES,early_reversion_v2_trades,-0.010000000000000009,-10.0,YES_C,0.03,0.01,10.834946642693113,12.74359833161315,10.739613732075354,1782002114,72,72,72,hist:er_v2,,,LONG,0.35,,,,,3,,,,,,-0.010000000000000009,BTC,1782002114,,,,10.739613732075354,,,6,,,1781991347,LONG,0.35,1782002114,,,,,3,,,,btc-updown-5m-1782002100,,,trades.db,early_reversion_v2_trades,-0.010000000000000009,YES_C,BTC,1782002114,,,,10.739613732075354,,,6
,BTC,True,Asia,0.33,0.34,15.989999999997963,0.33,1782002428,btc-updown-5m-1782002400,,YES,early_reversion_v2_trades,-0.010000000000000009,-10.0,YES_B,0.03,0.01,3.9980025012494362,3.877932184127306,8.43618671953041,1782002428,73,73,73,hist:er_v2,,,LONG,0.33,,,,,3,,,,,,-0.010000000000000009,BTC,1782002428,,,,8.43618671953041,,,6,,,1781991658,LONG,0.33,1782002428,,,,,3,,,,btc-updown-5m-1782002400,,,trades.db,early_reversion_v2_trades,-0.010000000000000009,YES_B,BTC,1782002428,,,,8.43618671953041,,,6
,BTC,True,Asia,0.33,0.34,15.989999999997963,0.33,1782002428,btc-updown-5m-1782002400,,YES,early_reversion_v2_trades,-0.010000000000000009,-10.0,YES_C,0.03,0.01,3.9980025012494362,3.877932184127306,8.43618671953041,1782002428,74,74,74,hist:er_v2,,,LONG,0.33,,,,,3,,,,,,-0.010000000000000009,BTC,1782002428,,,,8.43618671953041,,,6,,,1781991658,LONG,0.33,1782002428,,,,,3,,,,btc-updown-5m-1782002400,,,trades.db,early_reversion_v2_trades,-0.010000000000000009,YES_C,BTC,1782002428,,,,8.43618671953041,,,6
,BTC,True,Asia,0.39,0.4,0.010000000002037268,0.39,1782003001,btc-updown-5m-1782003000,,YES,early_reversion_v2_trades,-0.010000000000000009,-10.0,YES_C,0.03,0.01,21.434668553536426,18.190988475845664,14.097735001761887,1782003001,75,75,75,hist:er_v2,,,LONG,0.39,,,,,3,,,,,,-0.010000000000000009,BTC,1782003001,,,,14.097735001761887,,,6,,,1781992234,LONG,0.39,1782003001,,,,,3,,,,btc-updown-5m-1782003000,,,trades.db,early_reversion_v2_trades,-0.010000000000000009,YES_C,BTC,1782003001,,,,14.097735001761887,,,6
,BTC,True,Asia,0.35,0.36,6.6599999999962165,0.35,1782003008,btc-updown-5m-1782003000,,YES,early_reversion_v2_trades,-0.010000000000000009,-10.0,YES_B,0.03,0.01,16.453580035968486,20.233443040766804,17.24538301384204,1782003008,76,76,76,hist:er_v2,,,LONG,0.35,,,,,3,,,,,,-0.010000000000000009,BTC,1782003008,,,,17.24538301384204,,,6,,,1781992241,LONG,0.35,1782003008,,,,,3,,,,btc-updown-5m-1782003000,,,trades.db,early_reversion_v2_trades,-0.010000000000000009,YES_B,BTC,1782003008,,,,17.24538301384204,,,6
,BTC,True,Asia,0.25,0.31,0.010000000002037268,0.25,1782004202,btc-updown-5m-1782004200,,YES,early_reversion_v2_trades,-0.06,-10.0,YES_B,0.03,0.01,11.031686362474282,10.614459506602003,8.583624265794732,1782004202,77,77,77,hist:er_v2,,,LONG,0.25,,,,,4,,,,,,-0.06,BTC,1782004202,,,,8.583624265794732,,,6,,,1781993435,LONG,0.25,1782004202,,,,,4,,,,btc-updown-5m-1782004200,,,trades.db,early_reversion_v2_trades,-0.06,YES_B,BTC,1782004202,,,,8.583624265794732,,,6
,BTC,True,Asia,0.25,0.31,0.010000000002037268,0.25,1782004202,btc-updown-5m-1782004200,,YES,early_reversion_v2_trades,-0.06,-10.0,YES_C,0.03,0.01,11.031686362474282,10.614459506602003,8.583624265794732,1782004202,78,78,78,hist:er_v2,,,LONG,0.25,,,,,4,,,,,,-0.06,BTC,1782004202,,,,8.583624265794732,,,6,,,1781993435,LONG,0.25,1782004202,,,,,4,,,,btc-updown-5m-1782004200,,,trades.db,early_reversion_v2_trades,-0.06,YES_C,BTC,1782004202,,,,8.583624265794732,,,6
,BTC,True,Asia,0.31,0.32,3.639999999999418,0.31,1782004503,btc-updown-5m-1782004500,,NO,early_reversion_v2_trades,-0.010000000000000009,-10.0,NO_C,0.03,0.01,1.4530051617243325,1.141591914286329,0.8550128997990568,1782004503,79,79,79,hist:er_v2,,,SHORT,0.31,,,,,4,,,,,,-0.010000000000000009,BTC,1782004503,,,,0.8550128997990568,,,6,,,1781993736,SHORT,0.31,1782004503,,,,,4,,,,btc-updown-5m-1782004500,,,trades.db,early_reversion_v2_trades,-0.010000000000000009,NO_C,BTC,1782004503,,,,0.8550128997990568,,,6
,BTC,True,Asia,0.4,0.41,1.2799999999988358,0.4,1782004823,btc-updown-5m-1782004800,,YES,early_reversion_v2_trades,-0.009999999999999953,-10.0,YES_C,0.03,0.01,0.5130146196744664,0.40346952093174854,0.30194525042793546,1782004823,80,80,80,hist:er_v2,,,LONG,0.4,,,,,4,,,,,,-0.009999999999999953,BTC,1782004823,,,,0.30194525042793546,,,6,,,1781994056,LONG,0.4,1782004823,,,,,4,,,,btc-updown-5m-1782004800,,,trades.db,early_reversion_v2_trades,-0.009999999999999953,YES_C,BTC,1782004823,,,,0.30194525042793546,,,6
,BTC,True,Asia,0.4,0.41,5.0200000000040745,0.4,1782006914,btc-updown-5m-1782006900,,NO,early_reversion_v2_trades,-0.009999999999999953,-10.0,NO_C,0.03,0.01,1.6852964130989576,3.3519016161636888,8.56467921779978,1782006914,81,81,81,hist:er_v2,,,SHORT,0.4,,,,,4,,,,,,-0.009999999999999953,BTC,1782006914,,,,8.56467921779978,,,6,,,1781996165,SHORT,0.4,1782006914,,,,,4,,,,btc-updown-5m-1782006900,,,trades.db,early_reversion_v2_trades,-0.009999999999999953,NO_C,BTC,1782006914,,,,8.56467921779978,,,6
,BTC,True,Asia,0.28,0.32,10.339999999996508,0.28,1782007518,btc-updown-5m-1782007500,,YES,early_reversion_v2_trades,-0.03999999999999998,-10.0,YES_B,0.03,0.01,4.138002416624695,3.2511232626787248,12.899924518971556,1782007518,82,82,82,hist:er_v2,,,LONG,0.28,,,,,5,,,,,,-0.03999999999999998,BTC,1782007518,,,,12.899924518971556,,,6,,,1781996751,LONG,0.28,1782007518,,,,,5,,,,btc-updown-5m-1782007500,,,trades.db,early_reversion_v2_trades,-0.03999999999999998,YES_B,BTC,1782007518,,,,12.899924518971556,,,6
,BTC,True,Asia,0.28,0.32,10.339999999996508,0.28,1782007518,btc-updown-5m-1782007500,,YES,early_reversion_v2_trades,-0.03999999999999998,-10.0,YES_C,0.03,0.01,4.138002416624695,3.2511232626787248,12.899924518971556,1782007518,83,83,83,hist:er_v2,,,LONG,0.28,,,,,5,,,,,,-0.03999999999999998,BTC,1782007518,,,,12.899924518971556,,,6,,,1781996751,LONG,0.28,1782007518,,,,,5,,,,btc-updown-5m-1782007500,,,trades.db,early_reversion_v2_trades,-0.03999999999999998,YES_C,BTC,1782007518,,,,12.899924518971556,,,6
,BTC,True,Asia,0.35,0.38,2.7699999999967986,0.35,1782007818,btc-updown-5m-1782007800,,YES,early_reversion_v2_trades,-0.030000000000000027,-10.0,YES_B,0.03,0.01,1.7955656490367393,2.6973447592032977,7.306845142570421,1782007818,84,84,84,hist:er_v2,,,LONG,0.35,,,,,5,,,,,,-0.030000000000000027,BTC,1782007818,,,,7.306845142570421,,,6,,,1781997050,LONG,0.35,1782007818,,,,,5,,,,btc-updown-5m-1782007800,,,trades.db,early_reversion_v2_trades,-0.030000000000000027,YES_B,BTC,1782007818,,,,7.306845142570421,,,6
,BTC,True,Asia,0.35,0.38,2.7699999999967986,0.35,1782007818,btc-updown-5m-1782007800,,YES,early_reversion_v2_trades,-0.030000000000000027,-10.0,YES_C,0.03,0.01,1.7955656490367393,2.6973447592032977,7.306845142570421,1782007818,85,85,85,hist:er_v2,,,LONG,0.35,,,,,5,,,,,,-0.030000000000000027,BTC,1782007818,,,,7.306845142570421,,,6,,,1781997050,LONG,0.35,1782007818,,,,,5,,,,btc-updown-5m-1782007800,,,trades.db,early_reversion_v2_trades,-0.030000000000000027,YES_C,BTC,1782007818,,,,7.306845142570421,,,6
,BTC,True,Asia,0.39,0.4,3.0100000000020373,0.39,1782008106,btc-updown-5m-1782008100,,YES,early_reversion_v2_trades,-0.010000000000000009,-10.0,YES_C,0.03,0.01,1.2050062240506003,9.676163279032547,10.237758290256364,1782008106,86,86,86,hist:er_v2,,,LONG,0.39,,,,,5,,,,,,-0.010000000000000009,BTC,1782008106,,,,10.237758290256364,,,6,,,1781997339,LONG,0.39,1782008106,,,,,5,,,,btc-updown-5m-1782008100,,,trades.db,early_reversion_v2_trades,-0.010000000000000009,YES_C,BTC,1782008106,,,,10.237758290256364,,,6
,BTC,True,Asia,0.4,0.41,8.220000000001164,0.4,1782008407,btc-updown-5m-1782008400,,YES,early_reversion_v2_trades,-0.009999999999999953,-10.0,YES_C,0.03,0.01,3.2890022803275163,2.5840856730054145,2.919478670814341,1782008407,87,87,87,hist:er_v2,,,LONG,0.4,,,,,5,,,,,,-0.009999999999999953,BTC,1782008407,,,,2.919478670814341,,,6,,,1781997639,LONG,0.4,1782008407,,,,,5,,,,btc-updown-5m-1782008400,,,trades.db,early_reversion_v2_trades,-0.009999999999999953,YES_C,BTC,1782008407,,,,2.919478670814341,,,6
,BTC,True,Asia,0.36,0.37,3.1599999999962165,0.36,1782008729,btc-updown-5m-1782008700,,NO,early_reversion_v2_trades,-0.010000000000000009,-10.0,NO_C,0.03,0.01,1.2639999999984866,1.044604440684555,0.7642807075931577,1782008729,88,88,88,hist:er_v2,,,SHORT,0.36,,,,,5,,,,,,-0.010000000000000009,BTC,1782008729,,,,0.7642807075931577,,,6,,,1781997961,SHORT,0.36,1782008729,,,,,5,,,,btc-updown-5m-1782008700,,,trades.db,early_reversion_v2_trades,-0.010000000000000009,NO_C,BTC,1782008729,,,,0.7642807075931577,,,6
,BTC,True,Asia,0.38,0.41,6.419999999998254,0.38,1782009005,btc-updown-5m-1782009000,,YES,early_reversion_v2_trades,-0.02999999999999997,-10.0,YES_C,0.03,0.01,2.5700038910473486,2.018795020137531,1.5119194244470648,1782009005,89,89,89,hist:er_v2,,,LONG,0.38,,,,,5,,,,,,-0.02999999999999997,BTC,1782009005,,,,1.5119194244470648,,,6,,,1781998238,LONG,0.38,1782009005,,,,,5,,,,btc-updown-5m-1782009000,,,trades.db,early_reversion_v2_trades,-0.02999999999999997,YES_C,BTC,1782009005,,,,1.5119194244470648,,,6
,BTC,True,Asia,0.38,0.39,5.930000000000291,0.38,1782009311,btc-updown-5m-1782009300,,NO,early_reversion_v2_trades,-0.010000000000000009,-10.0,NO_C,0.03,0.01,2.973365096990914,5.126594264227057,8.761387745921558,1782009311,90,90,90,hist:er_v2,,,SHORT,0.38,,,,,5,,,,,,-0.010000000000000009,BTC,1782009311,,,,8.761387745921558,,,6,,,1781998543,SHORT,0.38,1782009311,,,,,5,,,,btc-updown-5m-1782009300,,,trades.db,early_reversion_v2_trades,-0.010000000000000009,NO_C,BTC,1782009311,,,,8.761387745921558,,,6
,BTC,True,Asia,0.4,0.41,4.569999999999709,0.4,1782009613,btc-updown-5m-1782009600,,YES,early_reversion_v2_trades,-0.009999999999999953,-10.0,YES_C,0.03,0.01,1.7296288619243925,2.14219398321662,10.278236640469018,1782009613,91,91,91,hist:er_v2,,,LONG,0.4,,,,,5,,,,,,-0.009999999999999953,BTC,1782009613,,,,10.278236640469018,,,6,,,1781998846,LONG,0.4,1782009613,,,,,5,,,,btc-updown-5m-1782009600,,,trades.db,early_reversion_v2_trades,-0.009999999999999953,YES_C,BTC,1782009613,,,,10.278236640469018,,,6
,BTC,True,Asia,0.35,0.36,6.569999999999709,0.35,1782009624,btc-updown-5m-1782009600,,YES,early_reversion_v2_trades,-0.010000000000000009,-10.0,YES_B,0.03,0.01,1.0740279325978195,2.4116404948802703,9.244453383481524,1782009624,92,92,92,hist:er_v2,,,LONG,0.35,,,,,5,,,,,,-0.010000000000000009,BTC,1782009624,,,,9.244453383481524,,,6,,,1781998894,LONG,0.35,1782009624,,,,,5,,,,btc-updown-5m-1782009600,,,trades.db,early_reversion_v2_trades,-0.010000000000000009,YES_B,BTC,1782009624,,,,9.244453383481524,,,6
,BTC,True,Asia,0.4,0.41,4.230000000003201,0.4,1782011709,btc-updown-5m-1782011700,,NO,early_reversion_v2_trades,-0.009999999999999953,-10.0,NO_C,0.03,0.01,4.615172667409165,4.84828721188071,4.255446662522921,1782011709,93,93,93,hist:er_v2,,,SHORT,0.4,,,,,6,,,,,,-0.009999999999999953,BTC,1782011709,,,,4.255446662522921,,,6,,,1782000941,SHORT,0.4,1782011709,,,,,6,,,,btc-updown-5m-1782011700,,,trades.db,early_reversion_v2_trades,-0.009999999999999953,NO_C,BTC,1782011709,,,,4.255446662522921,,,6
,BTC,True,Asia,0.4,0.41,2.4800000000032014,0.4,1782012606,btc-updown-5m-1782012600,,NO,early_reversion_v2_trades,-0.009999999999999953,-10.0,NO_C,0.03,0.01,0.994010060311485,0.7817564901401,16.437046203295964,1782012606,94,94,94,hist:er_v2,,,SHORT,0.4,,,,,6,,,,,,-0.009999999999999953,BTC,1782012606,,,,16.437046203295964,,,6,,,1782001838,SHORT,0.4,1782012606,,,,,6,,,,btc-updown-5m-1782012600,,,trades.db,early_reversion_v2_trades,-0.009999999999999953,NO_C,BTC,1782012606,,,,16.437046203295964,,,6
,BTC,True,Asia,0.4,0.45,7.059999999997672,0.4,1782012913,btc-updown-5m-1782012900,,YES,early_reversion_v2_trades,-0.04999999999999999,-10.0,YES_C,0.03,0.01,3.3328299619924566,2.4734038349228697,1.7623272492168391,1782012913,95,95,95,hist:er_v2,,,LONG,0.4,,,,,6,,,,,,-0.04999999999999999,BTC,1782012913,,,,1.7623272492168391,,,6,,,1782002145,LONG,0.4,1782012913,,,,,6,,,,btc-updown-5m-1782012900,,,trades.db,early_reversion_v2_trades,-0.04999999999999999,YES_C,BTC,1782012913,,,,1.7623272492168391,,,6
,BTC,True,Asia,0.33,0.34,15.059999999997672,0.33,1782012920,btc-updown-5m-1782012900,,YES,early_reversion_v2_trades,-0.010000000000000009,-10.0,YES_B,0.03,0.01,5.735597614895614,5.607527375350205,4.4274007423461335,1782012920,96,96,96,hist:er_v2,,,LONG,0.33,,,,,6,,,,,,-0.010000000000000009,BTC,1782012920,,,,4.4274007423461335,,,6,,,1782002163,LONG,0.33,1782012920,,,,,6,,,,btc-updown-5m-1782012900,,,trades.db,early_reversion_v2_trades,-0.010000000000000009,YES_B,BTC,1782012920,,,,4.4274007423461335,,,6
,BTC,True,Asia,0.37,0.41,4.889999999999418,0.37,1782013524,btc-updown-5m-1782013500,,YES,early_reversion_v2_trades,-0.03999999999999998,-10.0,YES_C,0.03,0.01,0.44101700647443565,3.1263460310993705,5.228517888269559,1782013524,97,97,97,hist:er_v2,,,LONG,0.37,,,,,6,,,,,,-0.03999999999999998,BTC,1782013524,,,,5.228517888269559,,,6,,,1782002756,LONG,0.37,1782013524,,,,,6,,,,btc-updown-5m-1782013500,,,trades.db,early_reversion_v2_trades,-0.03999999999999998,YES_C,BTC,1782013524,,,,5.228517888269559,,,6
,BTC,True,Asia,0.31,0.32,17.660000000003492,0.31,1782013528,btc-updown-5m-1782013500,,YES,early_reversion_v2_trades,-0.010000000000000009,-10.0,YES_B,0.03,0.01,5.109001467999274,5.361404827879003,6.665293001500421,1782013528,98,98,98,hist:er_v2,,,LONG,0.31,,,,,6,,,,,,-0.010000000000000009,BTC,1782013528,,,,6.665293001500421,,,6,,,1782002760,LONG,0.31,1782013528,,,,,6,,,,btc-updown-5m-1782013500,,,trades.db,early_reversion_v2_trades,-0.010000000000000009,YES_B,BTC,1782013528,,,,6.665293001500421,,,6
,BTC,True,Asia,0.35,0.36,13.240000000005239,0.35,1782013815,btc-updown-5m-1782013800,,YES,early_reversion_v2_trades,-0.010000000000000009,-10.0,YES_B,0.03,0.01,5.621545050074344,4.19441872462769,9.772269359647572,1782013815,99,99,99,hist:er_v2,,,LONG,0.35,,,,,6,,,,,,-0.010000000000000009,BTC,1782013815,,,,9.772269359647572,,,6,,,1782003047,LONG,0.35,1782013815,,,,,6,,,,btc-updown-5m-1782013800,,,trades.db,early_reversion_v2_trades,-0.010000000000000009,YES_B,BTC,1782013815,,,,9.772269359647572,,,6
,BTC,True,Asia,0.35,0.36,13.240000000005239,0.35,1782013815,btc-updown-5m-1782013800,,YES,early_reversion_v2_trades,-0.010000000000000009,-10.0,YES_C,0.03,0.01,5.621545050074344,4.19441872462769,9.772269359647572,1782013815,100,100,100,hist:er_v2,,,LONG,0.35,,,,,6,,,,,,-0.010000000000000009,BTC,1782013815,,,,9.772269359647572,,,6,,,1782003047,LONG,0.35,1782013815,,,,,6,,,,btc-updown-5m-1782013800,,,trades.db,early_reversion_v2_trades,-0.010000000000000009,YES_C,BTC,1782013815,,,,9.772269359647572,,,6
,BTC,True,Asia,0.39,0.4,3.3300000000017462,0.39,1782014114,btc-updown-5m-1782014100,,NO,early_reversion_v2_trades,-0.010000000000000009,-10.0,NO_C,0.03,0.01,1.3320150149303533,8.60175692647904,8.00294660267472,1782014114,101,101,101,hist:er_v2,,,SHORT,0.39,,,,,6,,,,,,-0.010000000000000009,BTC,1782014114,,,,8.00294660267472,,,6,,,1782003350,SHORT,0.39,1782014114,,,,,6,,,,btc-updown-5m-1782014100,,,trades.db,early_reversion_v2_trades,-0.010000000000000009,NO_C,BTC,1782014114,,,,8.00294660267472,,,6
,BTC,True,Asia,0.37,0.38,5.989999999997963,0.37,1782014411,btc-updown-5m-1782014400,,NO,early_reversion_v2_trades,-0.010000000000000009,-10.0,NO_C,0.03,0.01,2.22194031197907,4.191583571814382,6.4322879310312855,1782014411,102,102,102,hist:er_v2,,,SHORT,0.37,,,,,7,,,,,,-0.010000000000000009,BTC,1782014411,,,,6.4322879310312855,,,6,,,1782003690,SHORT,0.37,1782014411,,,,,7,,,,btc-updown-5m-1782014400,,,trades.db,early_reversion_v2_trades,-0.010000000000000009,NO_C,BTC,1782014411,,,,6.4322879310312855,,,6
,BTC,True,Asia,0.4,0.41,8.0,0.4,1782015625,btc-updown-5m-1782015600,,NO,early_reversion_v2_trades,-0.009999999999999953,-10.0,NO_C,0.03,0.01,1.9583727939284266,2.7924103487049607,3.436929103269096,1782015625,103,103,103,hist:er_v2,,,SHORT,0.4,,,,,7,,,,,,-0.009999999999999953,BTC,1782015625,,,,3.436929103269096,,,6,,,1782004857,SHORT,0.4,1782015625,,,,,7,,,,btc-updown-5m-1782015600,,,trades.db,early_reversion_v2_trades,-0.009999999999999953,NO_C,BTC,1782015625,,,,3.436929103269096,,,6
,BTC,True,Asia,0.33,0.34,10.880000000004657,0.33,1782016221,btc-updown-5m-1782016200,,YES,early_reversion_v2_trades,-0.010000000000000009,-10.0,YES_B,0.03,0.01,3.549002113271967,3.2434343937674655,5.550683052827356,1782016221,104,104,104,hist:er_v2,,,LONG,0.33,,,,,7,,,,,,-0.010000000000000009,BTC,1782016221,,,,5.550683052827356,,,6,,,1782005453,LONG,0.33,1782016221,,,,,7,,,,btc-updown-5m-1782016200,,,trades.db,early_reversion_v2_trades,-0.010000000000000009,YES_B,BTC,1782016221,,,,5.550683052827356,,,6
,BTC,True,Asia,0.33,0.34,10.880000000004657,0.33,1782016221,btc-updown-5m-1782016200,,YES,early_reversion_v2_trades,-0.010000000000000009,-10.0,YES_C,0.03,0.01,3.549002113271967,3.2434343937674655,5.550683052827356,1782016221,105,105,105,hist:er_v2,,,LONG,0.33,,,,,7,,,,,,-0.010000000000000009,BTC,1782016221,,,,5.550683052827356,,,6,,,1782005453,LONG,0.33,1782016221,,,,,7,,,,btc-updown-5m-1782016200,,,trades.db,early_reversion_v2_trades,-0.010000000000000009,YES_C,BTC,1782016221,,,,5.550683052827356,,,6
,BTC,True,Asia,0.29,0.29,12.720000000001164,0.29,1782016829,btc-updown-5m-1782016800,,YES,early_reversion_v2_trades,0.0,-10.0,YES_B,0.03,0.01,6.040706581186463,4.521760828222716,7.188610657379009,1782016829,106,106,106,hist:er_v2,,,LONG,0.29,,,,,7,,,,,,0.0,BTC,1782016829,,,,7.188610657379009,,,6,,,1782006062,LONG,0.29,1782016829,,,,,7,,,,btc-updown-5m-1782016800,,,trades.db,early_reversion_v2_trades,0.0,YES_B,BTC,1782016829,,,,7.188610657379009,,,6
,BTC,True,Asia,0.29,0.29,12.720000000001164,0.29,1782016829,btc-updown-5m-1782016800,,YES,early_reversion_v2_trades,0.0,-10.0,YES_C,0.03,0.01,6.040706581186463,4.521760828222716,7.188610657379009,1782016829,107,107,107,hist:er_v2,,,LONG,0.29,,,,,7,,,,,,0.0,BTC,1782016829,,,,7.188610657379009,,,6,,,1782006062,LONG,0.29,1782016829,,,,,7,,,,btc-updown-5m-1782016800,,,trades.db,early_reversion_v2_trades,0.0,YES_C,BTC,1782016829,,,,7.188610657379009,,,6
,BTC,True,Asia,0.34,0.35,7.7700000000040745,0.34,1782017120,btc-updown-5m-1782017100,,YES,early_reversion_v2_trades,-0.009999999999999953,-10.0,YES_B,0.03,0.01,3.019407888975594,5.4756552119366875,9.190678104135069,1782017120,108,108,108,hist:er_v2,,,LONG,0.34,,,,,7,,,,,,-0.009999999999999953,BTC,1782017120,,,,9.190678104135069,,,6,,,1782006356,LONG,0.34,1782017120,,,,,7,,,,btc-updown-5m-1782017100,,,trades.db,early_reversion_v2_trades,-0.009999999999999953,YES_B,BTC,1782017120,,,,9.190678104135069,,,6
,BTC,True,Asia,0.34,0.35,7.7700000000040745,0.34,1782017120,btc-updown-5m-1782017100,,YES,early_reversion_v2_trades,-0.009999999999999953,-10.0,YES_C,0.03,0.01,3.019407888975594,5.4756552119366875,9.190678104135069,1782017120,109,109,109,hist:er_v2,,,LONG,0.34,,,,,7,,,,,,-0.009999999999999953,BTC,1782017120,,,,9.190678104135069,,,6,,,1782006356,LONG,0.34,1782017120,,,,,7,,,,btc-updown-5m-1782017100,,,trades.db,early_reversion_v2_trades,-0.009999999999999953,YES_C,BTC,1782017120,,,,9.190678104135069,,,6
,BTC,True,Asia,0.4,0.41,7.5,0.4,1782017403,btc-updown-5m-1782017400,,YES,early_reversion_v2_trades,-0.009999999999999953,-10.0,YES_C,0.03,0.01,3.688642026545265,2.977432815839942,3.8248768666437614,1782017403,110,110,110,hist:er_v2,,,LONG,0.4,,,,,7,,,,,,-0.009999999999999953,BTC,1782017403,,,,3.8248768666437614,,,6,,,1782006635,LONG,0.4,1782017403,,,,,7,,,,btc-updown-5m-1782017400,,,trades.db,early_reversion_v2_trades,-0.009999999999999953,YES_C,BTC,1782017403,,,,3.8248768666437614,,,6
,BTC,True,Asia,0.35,0.36,13.559999999997672,0.35,1782017407,btc-updown-5m-1782017400,,YES,early_reversion_v2_trades,-0.010000000000000009,-10.0,YES_B,0.03,0.01,6.168304791430788,5.327963500412052,5.357979335584879,1782017407,111,111,111,hist:er_v2,,,LONG,0.35,,,,,7,,,,,,-0.010000000000000009,BTC,1782017407,,,,5.357979335584879,,,6,,,1782006639,LONG,0.35,1782017407,,,,,7,,,,btc-updown-5m-1782017400,,,trades.db,early_reversion_v2_trades,-0.010000000000000009,YES_B,BTC,1782017407,,,,5.357979335584879,,,6
,BTC,True,London,0.36,0.37,6.360000000000582,0.36,1782018023,btc-updown-5m-1782018000,,NO,early_reversion_v2_trades,-0.010000000000000009,-10.0,NO_C,0.03,0.01,2.544007861624031,4.137441842490387,5.559539661697375,1782018023,112,112,112,hist:er_v2,,,SHORT,0.36,,,,,8,,,,,,-0.010000000000000009,BTC,1782018023,,,,5.559539661697375,,,6,,,1782007256,SHORT,0.36,1782018023,,,,,8,,,,btc-updown-5m-1782018000,,,trades.db,early_reversion_v2_trades,-0.010000000000000009,NO_C,BTC,1782018023,,,,5.559539661697375,,,6
,BTC,True,London,0.4,0.41,5.989999999997963,0.4,1782018608,btc-updown-5m-1782018600,,NO,early_reversion_v2_trades,-0.009999999999999953,-10.0,NO_C,0.03,0.01,2.508151510575145,2.1099049185761274,2.0725325096266594,1782018608,113,113,113,hist:er_v2,,,SHORT,0.4,,,,,8,,,,,,-0.009999999999999953,BTC,1782018608,,,,2.0725325096266594,,,6,,,1782007897,SHORT,0.4,1782018608,,,,,8,,,,btc-updown-5m-1782018600,,,trades.db,early_reversion_v2_trades,-0.009999999999999953,NO_C,BTC,1782018608,,,,2.0725325096266594,,,6
,BTC,True,London,0.4,0.41,7.419999999998254,0.4,1782019202,btc-updown-5m-1782019200,,YES,early_reversion_v2_trades,-0.009999999999999953,-10.0,YES_C,0.03,0.01,3.854988456531952,2.8756221012387364,3.0036156988589826,1782019202,114,114,114,hist:er_v2,,,LONG,0.4,,,,,8,,,,,,-0.009999999999999953,BTC,1782019202,,,,3.0036156988589826,,,6,,,1782008435,LONG,0.4,1782019202,,,,,8,,,,btc-updown-5m-1782019200,,,trades.db,early_reversion_v2_trades,-0.009999999999999953,YES_C,BTC,1782019202,,,,3.0036156988589826,,,6
,BTC,True,London,0.34,0.35,18.290000000000873,0.34,1782019224,btc-updown-5m-1782019200,,YES,early_reversion_v2_trades,-0.009999999999999953,-10.0,YES_B,0.03,0.01,5.353762788917186,5.379082945384406,5.47619333347555,1782019224,115,115,115,hist:er_v2,,,LONG,0.34,,,,,8,,,,,,-0.009999999999999953,BTC,1782019224,,,,5.47619333347555,,,6,,,1782008465,LONG,0.34,1782019224,,,,,8,,,,btc-updown-5m-1782019200,,,trades.db,early_reversion_v2_trades,-0.009999999999999953,YES_B,BTC,1782019224,,,,5.47619333347555,,,6
,BTC,True,London,0.28,0.29,11.0,0.28,1782019807,btc-updown-5m-1782019800,,NO,early_reversion_v2_trades,-0.009999999999999953,-10.0,NO_C,0.03,0.01,4.403001703384339,3.4581480093140398,2.5891219069668945,1782019807,116,116,116,hist:er_v2,,,SHORT,0.28,,,,,8,,,,,,-0.009999999999999953,BTC,1782019807,,,,2.5891219069668945,,,6,,,1782009050,SHORT,0.28,1782019807,,,,,8,,,,btc-updown-5m-1782019800,,,trades.db,early_reversion_v2_trades,-0.009999999999999953,NO_C,BTC,1782019807,,,,2.5891219069668945,,,6
,BTC,True,London,0.4,0.41,1.9799999999959255,0.4,1782020107,btc-updown-5m-1782020100,,NO,early_reversion_v2_trades,-0.009999999999999953,-10.0,NO_C,0.03,0.01,3.1305780217080987,3.430921660065475,2.7571223109438345,1782020107,117,117,117,hist:er_v2,,,SHORT,0.4,,,,,8,,,,,,-0.009999999999999953,BTC,1782020107,,,,2.7571223109438345,,,6,,,1782009351,SHORT,0.4,1782020107,,,,,8,,,,btc-updown-5m-1782020100,,,trades.db,early_reversion_v2_trades,-0.009999999999999953,NO_C,BTC,1782020107,,,,2.7571223109438345,,,6
,BTC,True,London,0.36,0.37,5.650000000001455,0.36,1782020403,btc-updown-5m-1782020400,,YES,early_reversion_v2_trades,-0.010000000000000009,-10.0,YES_C,0.03,0.01,2.261003317114674,1.7768080688647083,5.140488781574945,1782020403,118,118,118,hist:er_v2,,,LONG,0.36,,,,,8,,,,,,-0.010000000000000009,BTC,1782020403,,,,5.140488781574945,,,6,,,1782009633,LONG,0.36,1782020403,,,,,8,,,,btc-updown-5m-1782020400,,,trades.db,early_reversion_v2_trades,-0.010000000000000009,YES_C,BTC,1782020403,,,,5.140488781574945,,,6
,BTC,True,London,0.35,0.36,7.4099999999962165,0.35,1782020418,btc-updown-5m-1782020400,,YES,early_reversion_v2_trades,-0.010000000000000009,-10.0,YES_B,0.03,0.01,0.7039999999979045,3.029451728907206,3.6779585694725565,1782020418,119,119,119,hist:er_v2,,,LONG,0.35,,,,,8,,,,,,-0.010000000000000009,BTC,1782020418,,,,3.6779585694725565,,,6,,,1782009648,LONG,0.35,1782020418,,,,,8,,,,btc-updown-5m-1782020400,,,trades.db,early_reversion_v2_trades,-0.010000000000000009,YES_B,BTC,1782020418,,,,3.6779585694725565,,,6
,BTC,True,London,0.38,0.39,6.3399999999965075,0.38,1782020717,btc-updown-5m-1782020700,,YES,early_reversion_v2_trades,-0.010000000000000009,-10.0,YES_C,0.03,0.01,2.525042573897054,4.27943431129487,4.362631344628476,1782020717,120,120,120,hist:er_v2,,,LONG,0.38,,,,,8,,,,,,-0.010000000000000009,BTC,1782020717,,,,4.362631344628476,,,6,,,1782009954,LONG,0.38,1782020717,,,,,8,,,,btc-updown-5m-1782020700,,,trades.db,early_reversion_v2_trades,-0.010000000000000009,YES_C,BTC,1782020717,,,,4.362631344628476,,,6
,BTC,True,London,0.32,0.33,13.37999999999738,0.32,1782020721,btc-updown-5m-1782020700,,YES,early_reversion_v2_trades,-0.010000000000000009,-10.0,YES_B,0.03,0.01,2.827038025920824,4.361358733238575,5.435474150316128,1782020721,121,121,121,hist:er_v2,,,LONG,0.32,,,,,8,,,,,,-0.010000000000000009,BTC,1782020721,,,,5.435474150316128,,,6,,,1782009954,LONG,0.32,1782020721,,,,,8,,,,btc-updown-5m-1782020700,,,trades.db,early_reversion_v2_trades,-0.010000000000000009,YES_B,BTC,1782020721,,,,5.435474150316128,,,6
,BTC,True,London,0.4,0.41,0.9899999999979627,0.4,1782021322,btc-updown-5m-1782021300,,NO,early_reversion_v2_trades,-0.009999999999999953,-10.0,NO_C,0.03,0.01,0.3910191811162826,3.1828010026118227,5.313714644370544,1782021322,122,122,122,hist:er_v2,,,SHORT,0.4,,,,,8,,,,,,-0.009999999999999953,BTC,1782021322,,,,5.313714644370544,,,6,,,1782010568,SHORT,0.4,1782021322,,,,,8,,,,btc-updown-5m-1782021300,,,trades.db,early_reversion_v2_trades,-0.009999999999999953,NO_C,BTC,1782021322,,,,5.313714644370544,,,6
,BTC,True,London,0.39,0.4,2.970000000001164,0.39,1782021628,btc-updown-5m-1782021600,,NO,early_reversion_v2_trades,-0.010000000000000009,-10.0,NO_C,0.03,0.01,1.1900084033310832,0.9846065203919292,0.7203905190931418,1782021628,123,123,123,hist:er_v2,,,SHORT,0.39,,,,,9,,,,,,-0.010000000000000009,BTC,1782021628,,,,0.7203905190931418,,,6,,,1782010865,SHORT,0.39,1782021628,,,,,9,,,,btc-updown-5m-1782021600,,,trades.db,early_reversion_v2_trades,-0.010000000000000009,NO_C,BTC,1782021628,,,,0.7203905190931418,,,6
,BTC,True,London,0.34,0.35,12.860000000000582,0.34,1782021923,btc-updown-5m-1782021900,,YES,early_reversion_v2_trades,-0.009999999999999953,-10.0,YES_B,0.03,0.01,5.141001458859559,7.270360096824713,7.405696186045585,1782021923,124,124,124,hist:er_v2,,,LONG,0.34,,,,,9,,,,,,-0.009999999999999953,BTC,1782021923,,,,7.405696186045585,,,6,,,1782011153,LONG,0.34,1782021923,,,,,9,,,,btc-updown-5m-1782021900,,,trades.db,early_reversion_v2_trades,-0.009999999999999953,YES_B,BTC,1782021923,,,,7.405696186045585,,,6
,BTC,True,London,0.34,0.35,12.860000000000582,0.34,1782021923,btc-updown-5m-1782021900,,YES,early_reversion_v2_trades,-0.009999999999999953,-10.0,YES_C,0.03,0.01,5.141001458859559,7.270360096824713,7.405696186045585,1782021923,125,125,125,hist:er_v2,,,LONG,0.34,,,,,9,,,,,,-0.009999999999999953,BTC,1782021923,,,,7.405696186045585,,,6,,,1782011153,LONG,0.34,1782021923,,,,,9,,,,btc-updown-5m-1782021900,,,trades.db,early_reversion_v2_trades,-0.009999999999999953,YES_C,BTC,1782021923,,,,7.405696186045585,,,6
,BTC,True,London,0.38,0.39,0.010000000002037268,0.38,1782022225,btc-updown-5m-1782022200,,NO,early_reversion_v2_trades,-0.010000000000000009,-10.0,NO_C,0.03,0.01,0.0043301270198043565,0.005000000001018634,0.004960783709256752,1782022225,126,126,126,hist:er_v2,,,SHORT,0.38,,,,,9,,,,,,-0.010000000000000009,BTC,1782022225,,,,0.004960783709256752,,,6,,,1782011455,SHORT,0.38,1782022225,,,,,9,,,,btc-updown-5m-1782022200,,,trades.db,early_reversion_v2_trades,-0.010000000000000009,NO_C,BTC,1782022225,,,,0.004960783709256752,,,6
,BTC,True,London,0.35,0.36,0.0,0.35,1782022510,btc-updown-5m-1782022500,,YES,early_reversion_v2_trades,-0.010000000000000009,-10.0,YES_B,0.03,0.01,0.0043301270198043565,0.005000000001018634,0.008267972848761254,1782022510,127,127,127,hist:er_v2,,,LONG,0.35,,,,,9,,,,,,-0.010000000000000009,BTC,1782022510,,,,0.008267972848761254,,,6,,,1782011743,LONG,0.35,1782022510,,,,,9,,,,btc-updown-5m-1782022500,,,trades.db,early_reversion_v2_trades,-0.010000000000000009,YES_B,BTC,1782022510,,,,0.008267972848761254,,,6
,BTC,True,London,0.35,0.36,0.0,0.35,1782022510,btc-updown-5m-1782022500,,YES,early_reversion_v2_trades,-0.010000000000000009,-10.0,YES_C,0.03,0.01,0.0043301270198043565,0.005000000001018634,0.008267972848761254,1782022510,128,128,128,hist:er_v2,,,LONG,0.35,,,,,9,,,,,,-0.010000000000000009,BTC,1782022510,,,,0.008267972848761254,,,6,,,1782011743,LONG,0.35,1782022510,,,,,9,,,,btc-updown-5m-1782022500,,,trades.db,early_reversion_v2_trades,-0.010000000000000009,YES_C,BTC,1782022510,,,,0.008267972848761254,,,6
,BTC,True,London,0.38,0.39,0.0,0.38,1782022827,btc-updown-5m-1782022800,,NO,early_reversion_v2_trades,-0.010000000000000009,-10.0,NO_C,0.03,0.01,0.003999999997904524,0.0031426968036271834,0.0038122004088310597,1782022827,129,129,129,hist:er_v2,,,SHORT,0.38,,,,,9,,,,,,-0.010000000000000009,BTC,1782022827,,,,0.0038122004088310597,,,6,,,1782012058,SHORT,0.38,1782022827,,,,,9,,,,btc-updown-5m-1782022800,,,trades.db,early_reversion_v2_trades,-0.010000000000000009,NO_C,BTC,1782022827,,,,0.0038122004088310597,,,6
,BTC,True,London,0.38,0.39,9.099999999998545,0.38,1782023403,btc-updown-5m-1782023400,,YES,early_reversion_v2_trades,-0.010000000000000009,-10.0,YES_C,0.03,0.01,6.673422410327266,6.921492443027141,8.780752322105192,1782023403,130,130,130,hist:er_v2,,,LONG,0.38,,,,,9,,,,,,-0.010000000000000009,BTC,1782023403,,,,8.780752322105192,,,6,,,1782012634,LONG,0.38,1782023403,,,,,9,,,,btc-updown-5m-1782023400,,,trades.db,early_reversion_v2_trades,-0.010000000000000009,YES_C,BTC,1782023403,,,,8.780752322105192,,,6
,BTC,True,London,0.35,0.36,15.459999999999127,0.35,1782023421,btc-updown-5m-1782023400,,YES,early_reversion_v2_trades,-0.010000000000000009,-10.0,YES_B,0.03,0.01,0.004714045208870694,8.541979140625976,9.609907910937714,1782023421,131,131,131,hist:er_v2,,,LONG,0.35,,,,,9,,,,,,-0.010000000000000009,BTC,1782023421,,,,9.609907910937714,,,6,,,1782012653,LONG,0.35,1782023421,,,,,9,,,,btc-updown-5m-1782023400,,,trades.db,early_reversion_v2_trades,-0.010000000000000009,YES_B,BTC,1782023421,,,,9.609907910937714,,,6
,BTC,True,London,0.35,0.36,5.739999999997963,0.35,1782023720,btc-updown-5m-1782023700,,NO,early_reversion_v2_trades,-0.010000000000000009,-10.0,NO_C,0.03,0.01,2.1361933953217784,1.6481274122284584,1.1944551647066055,1782023720,132,132,132,hist:er_v2,,,SHORT,0.35,,,,,9,,,,,,-0.010000000000000009,BTC,1782023720,,,,1.1944551647066055,,,6,,,1782012950,SHORT,0.35,1782023720,,,,,9,,,,btc-updown-5m-1782023700,,,trades.db,early_reversion_v2_trades,-0.010000000000000009,NO_C,BTC,1782023720,,,,1.1944551647066055,,,6
,BTC,True,London,0.32,0.33,12.0,0.32,1782024006,btc-updown-5m-1782024000,,NO,early_reversion_v2_trades,-0.010000000000000009,-10.0,NO_C,0.03,0.01,4.661161228706122,3.438482992433415,2.46182620827962,1782024006,133,133,133,hist:er_v2,,,SHORT,0.32,,,,,9,,,,,,-0.010000000000000009,BTC,1782024006,,,,2.46182620827962,,,6,,,1782013262,SHORT,0.32,1782024006,,,,,9,,,,btc-updown-5m-1782024000,,,trades.db,early_reversion_v2_trades,-0.010000000000000009,NO_C,BTC,1782024006,,,,2.46182620827962,,,6
,BTC,True,London,0.29,0.29,4.019999999996799,0.29,1782024308,btc-updown-5m-1782024300,,NO,early_reversion_v2_trades,0.0,-10.0,NO_C,0.03,0.01,1.5011514099363203,1.9830188826341388,1.6326358523518583,1782024308,134,134,134,hist:er_v2,,,SHORT,0.29,,,,,9,,,,,,0.0,BTC,1782024308,,,,1.6326358523518583,,,6,,,1782013538,SHORT,0.29,1782024308,,,,,9,,,,btc-updown-5m-1782024300,,,trades.db,early_reversion_v2_trades,0.0,NO_C,BTC,1782024308,,,,1.6326358523518583,,,6
,BTC,True,London,0.4,0.43,2.8299999999944703,0.4,1782024914,btc-updown-5m-1782024900,,YES,early_reversion_v2_trades,-0.02999999999999997,-10.0,YES_C,0.03,0.01,0.9920541459861479,0.7558983056728187,0.5558094637545155,1782024914,135,135,135,hist:er_v2,,,LONG,0.4,,,,,9,,,,,,-0.02999999999999997,BTC,1782024914,,,,0.5558094637545155,,,6,,,1782014144,LONG,0.4,1782024914,,,,,9,,,,btc-updown-5m-1782024900,,,trades.db,early_reversion_v2_trades,-0.02999999999999997,YES_C,BTC,1782024914,,,,0.5558094637545155,,,6
,BTC,True,London,0.38,0.39,0.00999999999476131,0.38,1782025503,btc-updown-5m-1782025500,,YES,early_reversion_v2_trades,-0.010000000000000009,-10.0,YES_C,0.03,0.01,0.004999999997380655,0.004714045205440775,0.004489988861776564,1782025503,136,136,136,hist:er_v2,,,LONG,0.38,,,,,10,,,,,,-0.010000000000000009,BTC,1782025503,,,,0.004489988861776564,,,6,,,1782014782,LONG,0.38,1782025503,,,,,10,,,,btc-updown-5m-1782025500,,,trades.db,early_reversion_v2_trades,-0.010000000000000009,YES_C,BTC,1782025503,,,,0.004489988861776564,,,6
,BTC,True,London,0.38,0.4,0.0,0.38,1782026710,btc-updown-5m-1782026700,,YES,early_reversion_v2_trades,-0.020000000000000018,-10.0,YES_C,0.03,0.01,0.004517539512159658,0.6460173848579708,0.9296487215954761,1782026710,137,137,137,hist:er_v2,,,LONG,0.38,,,,,10,,,,,,-0.020000000000000018,BTC,1782026710,,,,0.9296487215954761,,,6,,,1782015957,LONG,0.38,1782026710,,,,,10,,,,btc-updown-5m-1782026700,,,trades.db,early_reversion_v2_trades,-0.020000000000000018,YES_C,BTC,1782026710,,,,0.9296487215954761,,,6
,BTC,True,London,0.33,0.34,10.090000000003783,0.33,1782026712,btc-updown-5m-1782026700,,YES,early_reversion_v2_trades,-0.010000000000000009,-10.0,YES_B,0.03,0.01,3.533100043639869,2.692806547190632,2.0132485744406408,1782026712,138,138,138,hist:er_v2,,,LONG,0.33,,,,,10,,,,,,-0.010000000000000009,BTC,1782026712,,,,2.0132485744406408,,,6,,,1782015957,LONG,0.33,1782026712,,,,,10,,,,btc-updown-5m-1782026700,,,trades.db,early_reversion_v2_trades,-0.010000000000000009,YES_B,BTC,1782026712,,,,2.0132485744406408,,,6
,BTC,True,London,0.38,0.39,6.870000000002619,0.38,1782027608,btc-updown-5m-1782027600,,YES,early_reversion_v2_trades,-0.010000000000000009,-10.0,YES_C,0.03,0.01,4.529674074612953,3.4163016065134397,2.5373879518412403,1782027608,139,139,139,hist:er_v2,,,LONG,0.38,,,,,10,,,,,,-0.010000000000000009,BTC,1782027608,,,,2.5373879518412403,,,6,,,1782016840,LONG,0.38,1782027608,,,,,10,,,,btc-updown-5m-1782027600,,,trades.db,early_reversion_v2_trades,-0.010000000000000009,YES_C,BTC,1782027608,,,,2.5373879518412403,,,6
,BTC,True,London,0.32,0.33,12.860000000000582,0.32,1782027613,btc-updown-5m-1782027600,,YES,early_reversion_v2_trades,-0.010000000000000009,-10.0,YES_B,0.03,0.01,4.589076401871982,3.8122371494084177,2.9287691692723925,1782027613,140,140,140,hist:er_v2,,,LONG,0.32,,,,,10,,,,,,-0.010000000000000009,BTC,1782027613,,,,2.9287691692723925,,,6,,,1782016846,LONG,0.32,1782027613,,,,,10,,,,btc-updown-5m-1782027600,,,trades.db,early_reversion_v2_trades,-0.010000000000000009,YES_B,BTC,1782027613,,,,2.9287691692723925,,,6
,BTC,True,London,0.4,0.41,9.660000000003492,0.4,1782027923,btc-updown-5m-1782027900,,YES,early_reversion_v2_trades,-0.009999999999999953,-10.0,YES_C,0.03,0.01,0.004948716590461456,15.73378831288122,19.122115389255427,1782027923,141,141,141,hist:er_v2,,,LONG,0.4,,,,,10,,,,,,-0.009999999999999953,BTC,1782027923,,,,19.122115389255427,,,6,,,1782017153,LONG,0.4,1782027923,,,,,10,,,,btc-updown-5m-1782027900,,,trades.db,early_reversion_v2_trades,-0.009999999999999953,YES_C,BTC,1782027923,,,,19.122115389255427,,,6
,BTC,True,London,0.4,0.47,0.00999999999476131,0.4,1782028214,btc-updown-5m-1782028200,,NO,early_reversion_v2_trades,-0.06999999999999995,-10.0,NO_C,0.03,0.01,0.004948716590461456,0.004985185150009847,0.004963869455795925,1782028214,142,142,142,hist:er_v2,,,SHORT,0.4,,,,,10,,,,,,-0.06999999999999995,BTC,1782028214,,,,0.004963869455795925,,,6,,,1782017445,SHORT,0.4,1782028214,,,,,10,,,,btc-updown-5m-1782028200,,,trades.db,early_reversion_v2_trades,-0.06999999999999995,NO_C,BTC,1782028214,,,,0.004963869455795925,,,6
,BTC,True,London,0.38,0.39,3.2999999999956344,0.38,1782028228,btc-updown-5m-1782028200,,YES,early_reversion_v2_trades,-0.010000000000000009,-10.0,YES_C,0.03,0.01,1.1524348669014832,1.6446434479860808,1.3901002475443889,1782028228,143,143,143,hist:er_v2,,,LONG,0.38,,,,,10,,,,,,-0.010000000000000009,BTC,1782028228,,,,1.3901002475443889,,,6,,,1782017459,LONG,0.38,1782028228,,,,,10,,,,btc-updown-5m-1782028200,,,trades.db,early_reversion_v2_trades,-0.010000000000000009,YES_C,BTC,1782028228,,,,1.3901002475443889,,,6
,BTC,True,London,0.4,0.41,12.989999999997963,0.4,1782028522,btc-updown-5m-1782028500,,YES,early_reversion_v2_trades,-0.009999999999999953,-10.0,YES_C,0.03,0.01,4.492501391207642,7.1329880660211185,8.364010787551571,1782028522,144,144,144,hist:er_v2,,,LONG,0.4,,,,,10,,,,,,-0.009999999999999953,BTC,1782028522,,,,8.364010787551571,,,6,,,1782017753,LONG,0.4,1782028522,,,,,10,,,,btc-updown-5m-1782028500,,,trades.db,early_reversion_v2_trades,-0.009999999999999953,YES_C,BTC,1782028522,,,,8.364010787551571,,,6
,BTC,True,London,0.3,0.31,8.85000000000582,0.3,1782028803,btc-updown-5m-1782028800,,NO,early_reversion_v2_trades,-0.010000000000000009,-10.0,NO_C,0.03,0.01,0.8523056963321523,0.5965701970429284,0.4245258793313804,1782028803,145,145,145,hist:er_v2,,,SHORT,0.3,,,,,11,,,,,,-0.010000000000000009,BTC,1782028803,,,,0.4245258793313804,,,6,,,1782018039,SHORT,0.3,1782028803,,,,,11,,,,btc-updown-5m-1782028800,,,trades.db,early_reversion_v2_trades,-0.010000000000000009,NO_C,BTC,1782028803,,,,0.4245258793313804,,,6
,BTC,True,London,0.4,0.41,3.209999999999127,0.4,1782029108,btc-updown-5m-1782029100,,NO,early_reversion_v2_trades,-0.009999999999999953,-10.0,NO_C,0.03,0.01,1.200787935760554,9.016893250388952,10.050550142143091,1782029108,146,146,146,hist:er_v2,,,SHORT,0.4,,,,,11,,,,,,-0.009999999999999953,BTC,1782029108,,,,10.050550142143091,,,6,,,1782018339,SHORT,0.4,1782029108,,,,,11,,,,btc-updown-5m-1782029100,,,trades.db,early_reversion_v2_trades,-0.009999999999999953,NO_C,BTC,1782029108,,,,10.050550142143091,,,6
,BTC,True,London,0.38,0.39,4.470000000001164,0.38,1782029420,btc-updown-5m-1782029400,,NO,early_reversion_v2_trades,-0.010000000000000009,-10.0,NO_C,0.03,0.01,2.2162056192819883,1.938940862085751,1.4554422008444783,1782029420,147,147,147,hist:er_v2,,,SHORT,0.38,,,,,11,,,,,,-0.010000000000000009,BTC,1782029420,,,,1.4554422008444783,,,6,,,1782018661,SHORT,0.38,1782029420,,,,,11,,,,btc-updown-5m-1782029400,,,trades.db,early_reversion_v2_trades,-0.010000000000000009,NO_C,BTC,1782029420,,,,1.4554422008444783,,,6
,BTC,True,London,0.36,0.37,20.55999999999767,0.36,1782030004,btc-updown-5m-1782030000,,YES,early_reversion_v2_trades,-0.010000000000000009,-10.0,YES_C,0.03,0.01,7.663751619727785,5.893010160350672,6.929197887200899,1782030004,148,148,148,hist:er_v2,,,LONG,0.36,,,,,11,,,,,,-0.010000000000000009,BTC,1782030004,,,,6.929197887200899,,,6,,,1782019239,LONG,0.36,1782030004,,,,,11,,,,btc-updown-5m-1782030000,,,trades.db,early_reversion_v2_trades,-0.010000000000000009,YES_C,BTC,1782030004,,,,6.929197887200899,,,6
,BTC,True,London,0.27,0.26,23.56999999999971,0.27,1782030014,btc-updown-5m-1782030000,,YES,early_reversion_v2_trades,0.010000000000000009,-10.0,YES_B,0.03,0.01,9.223361200600849,9.95333947309503,10.575669502053614,1782030014,149,149,149,hist:er_v2,,,LONG,0.27,,,,,11,,,,,,0.010000000000000009,BTC,1782030014,,,,10.575669502053614,,,6,,,1782019244,LONG,0.27,1782030014,,,,,11,,,,btc-updown-5m-1782030000,,,trades.db,early_reversion_v2_trades,0.010000000000000009,YES_B,BTC,1782030014,,,,10.575669502053614,,,6
,BTC,True,London,0.39,0.4,0.0,0.39,1782030309,btc-updown-5m-1782030300,,NO,early_reversion_v2_trades,-0.010000000000000009,-10.0,NO_C,0.03,0.01,0.0037267799632588945,0.004930066486920733,0.004489988865043461,1782030309,150,150,150,hist:er_v2,,,SHORT,0.39,,,,,11,,,,,,-0.010000000000000009,BTC,1782030309,,,,0.004489988865043461,,,6,,,1782019559,SHORT,0.39,1782030309,,,,,11,,,,btc-updown-5m-1782030300,,,trades.db,early_reversion_v2_trades,-0.010000000000000009,NO_C,BTC,1782030309,,,,0.004489988865043461,,,6
,BTC,True,London,0.4,0.41,2.459999999999127,0.4,1782030623,btc-updown-5m-1782030600,,NO,early_reversion_v2_trades,-0.009999999999999953,-10.0,NO_C,0.03,0.01,0.8549997016351799,1.2258406979169245,3.7904728602292264,1782030623,151,151,151,hist:er_v2,,,SHORT,0.4,,,,,11,,,,,,-0.009999999999999953,BTC,1782030623,,,,3.7904728602292264,,,6,,,1782019857,SHORT,0.4,1782030623,,,,,11,,,,btc-updown-5m-1782030600,,,trades.db,early_reversion_v2_trades,-0.009999999999999953,NO_C,BTC,1782030623,,,,3.7904728602292264,,,6
,BTC,True,London,0.4,0.41,1.25,0.4,1782030915,btc-updown-5m-1782030900,,YES,early_reversion_v2_trades,-0.009999999999999953,-10.0,YES_C,0.03,0.01,0.46810492650970553,3.1016241265219335,15.547756933388772,1782030915,152,152,152,hist:er_v2,,,LONG,0.4,,,,,11,,,,,,-0.009999999999999953,BTC,1782030915,,,,15.547756933388772,,,6,,,1782020145,LONG,0.4,1782030915,,,,,11,,,,btc-updown-5m-1782030900,,,trades.db,early_reversion_v2_trades,-0.009999999999999953,YES_C,BTC,1782030915,,,,15.547756933388772,,,6
,BTC,True,London,0.29,0.34,21.639999999999418,0.29,1782030922,btc-updown-5m-1782030900,,YES,early_reversion_v2_trades,-0.050000000000000044,-10.0,YES_B,0.03,0.01,7.763525393184188,6.126091909475029,14.914975270727272,1782030922,153,153,153,hist:er_v2,,,LONG,0.29,,,,,11,,,,,,-0.050000000000000044,BTC,1782030922,,,,14.914975270727272,,,6,,,1782020153,LONG,0.29,1782030922,,,,,11,,,,btc-updown-5m-1782030900,,,trades.db,early_reversion_v2_trades,-0.050000000000000044,YES_B,BTC,1782030922,,,,14.914975270727272,,,6
,BTC,True,London,0.4,0.41,0.0,0.4,1782031203,btc-updown-5m-1782031200,,NO,early_reversion_v2_trades,-0.009999999999999953,-10.0,NO_C,0.03,0.01,2.621071536602827,2.425098760873935,3.9677011059444185,1782031203,154,154,154,hist:er_v2,,,SHORT,0.4,,,,,11,,,,,,-0.009999999999999953,BTC,1782031203,,,,3.9677011059444185,,,6,,,1782020444,SHORT,0.4,1782031203,,,,,11,,,,btc-updown-5m-1782031200,,,trades.db,early_reversion_v2_trades,-0.009999999999999953,NO_C,BTC,1782031203,,,,3.9677011059444185,,,6
,BTC,True,London,0.37,0.38,4.94999999999709,0.37,1782031505,btc-updown-5m-1782031500,,YES,early_reversion_v2_trades,-0.010000000000000009,-10.0,YES_C,0.03,0.01,1.744144489427014,2.4647492547694134,13.126208602362084,1782031505,155,155,155,hist:er_v2,,,LONG,0.37,,,,,11,,,,,,-0.010000000000000009,BTC,1782031505,,,,13.126208602362084,,,6,,,1782020737,LONG,0.37,1782031505,,,,,11,,,,btc-updown-5m-1782031500,,,trades.db,early_reversion_v2_trades,-0.010000000000000009,YES_C,BTC,1782031505,,,,13.126208602362084,,,6
,BTC,True,London,0.3,0.31,18.729999999995925,0.3,1782031508,btc-updown-5m-1782031500,,YES,early_reversion_v2_trades,-0.010000000000000009,-10.0,YES_B,0.03,0.01,7.028335222510643,4.914086010877761,11.547766277152382,1782031508,156,156,156,hist:er_v2,,,LONG,0.3,,,,,11,,,,,,-0.010000000000000009,BTC,1782031508,,,,11.547766277152382,,,6,,,1782020740,LONG,0.3,1782031508,,,,,11,,,,btc-updown-5m-1782031500,,,trades.db,early_reversion_v2_trades,-0.010000000000000009,YES_B,BTC,1782031508,,,,11.547766277152382,,,6
,BTC,True,London,0.38,0.39,3.1999999999970896,0.38,1782031804,btc-updown-5m-1782031800,,YES,early_reversion_v2_trades,-0.010000000000000009,-10.0,YES_C,0.03,0.01,2.9127250723228655,7.991168572111791,8.886099580804578,1782031804,157,157,157,hist:er_v2,,,LONG,0.38,,,,,11,,,,,,-0.010000000000000009,BTC,1782031804,,,,8.886099580804578,,,6,,,1782021048,LONG,0.38,1782031804,,,,,11,,,,btc-updown-5m-1782031800,,,trades.db,early_reversion_v2_trades,-0.010000000000000009,YES_C,BTC,1782031804,,,,8.886099580804578,,,6
,BTC,True,London,0.27,0.28,11.62999999999738,0.27,1782031816,btc-updown-5m-1782031800,,YES,early_reversion_v2_trades,-0.010000000000000009,-10.0,YES_B,0.03,0.01,3.3860210831456814,3.146308816946211,8.783783112075337,1782031816,158,158,158,hist:er_v2,,,LONG,0.27,,,,,11,,,,,,-0.010000000000000009,BTC,1782031816,,,,8.783783112075337,,,6,,,1782021048,LONG,0.27,1782031816,,,,,11,,,,btc-updown-5m-1782031800,,,trades.db,early_reversion_v2_trades,-0.010000000000000009,YES_B,BTC,1782031816,,,,8.783783112075337,,,6
,BTC,True,London,0.34,0.37,0.0,0.34,1782032101,btc-updown-5m-1782032100,,NO,early_reversion_v2_trades,-0.02999999999999997,-10.0,NO_C,0.03,0.01,5.504967700880029,6.099088398271373,5.475962872289636,1782032101,159,159,159,hist:er_v2,,,SHORT,0.34,,,,,11,,,,,,-0.02999999999999997,BTC,1782032101,,,,5.475962872289636,,,6,,,1782021332,SHORT,0.34,1782032101,,,,,11,,,,btc-updown-5m-1782032100,,,trades.db,early_reversion_v2_trades,-0.02999999999999997,NO_C,BTC,1782032101,,,,5.475962872289636,,,6
,BTC,True,London,0.37,0.38,8.0,0.37,1782032410,btc-updown-5m-1782032400,,NO,early_reversion_v2_trades,-0.010000000000000009,-10.0,NO_C,0.03,0.01,3.340754527996267,5.7918968083917015,5.395168075540505,1782032410,160,160,160,hist:er_v2,,,SHORT,0.37,,,,,12,,,,,,-0.010000000000000009,BTC,1782032410,,,,5.395168075540505,,,6,,,1782021641,SHORT,0.37,1782032410,,,,,12,,,,btc-updown-5m-1782032400,,,trades.db,early_reversion_v2_trades,-0.010000000000000009,NO_C,BTC,1782032410,,,,5.395168075540505,,,6
,BTC,True,London,0.39,0.4,5.30000000000291,0.39,1782033318,btc-updown-5m-1782033300,,YES,early_reversion_v2_trades,-0.010000000000000009,-10.0,YES_C,0.03,0.01,1.3696297727076154,1.4899291556612624,1.330751563212472,1782033318,161,161,161,hist:er_v2,,,LONG,0.39,,,,,12,,,,,,-0.010000000000000009,BTC,1782033318,,,,1.330751563212472,,,6,,,1782022548,LONG,0.39,1782033318,,,,,12,,,,btc-updown-5m-1782033300,,,trades.db,early_reversion_v2_trades,-0.010000000000000009,YES_C,BTC,1782033318,,,,1.330751563212472,,,6
,BTC,True,London,0.33,0.34,12.0,0.33,1782033322,btc-updown-5m-1782033300,,YES,early_reversion_v2_trades,-0.010000000000000009,-10.0,YES_B,0.03,0.01,3.963324207720948,3.8170920432528015,3.2654714598161356,1782033322,162,162,162,hist:er_v2,,,LONG,0.33,,,,,12,,,,,,-0.010000000000000009,BTC,1782033322,,,,3.2654714598161356,,,6,,,1782022569,LONG,0.33,1782033322,,,,,12,,,,btc-updown-5m-1782033300,,,trades.db,early_reversion_v2_trades,-0.010000000000000009,YES_B,BTC,1782033322,,,,3.2654714598161356,,,6
,BTC,True,London,0.39,0.4,0.0,0.39,1782033614,btc-updown-5m-1782033600,,YES,early_reversion_v2_trades,-0.010000000000000009,-10.0,YES_C,0.03,0.01,0.004714045208870694,0.004865042555096339,0.005000000001018634,1782033614,163,163,163,hist:er_v2,,,LONG,0.39,,,,,12,,,,,,-0.010000000000000009,BTC,1782033614,,,,0.005000000001018634,,,6,,,1782022845,LONG,0.39,1782033614,,,,,12,,,,btc-updown-5m-1782033600,,,trades.db,early_reversion_v2_trades,-0.010000000000000009,YES_C,BTC,1782033614,,,,0.005000000001018634,,,6
,BTC,True,London,0.32,0.33,4.0,0.32,1782033917,btc-updown-5m-1782033900,,NO,early_reversion_v2_trades,-0.010000000000000009,-10.0,NO_C,0.03,0.01,1.4014657050566695,1.066775265675023,1.1763094830869427,1782033917,164,164,164,hist:er_v2,,,SHORT,0.32,,,,,12,,,,,,-0.010000000000000009,BTC,1782033917,,,,1.1763094830869427,,,6,,,1782023148,SHORT,0.32,1782033917,,,,,12,,,,btc-updown-5m-1782033900,,,trades.db,early_reversion_v2_trades,-0.010000000000000009,NO_C,BTC,1782033917,,,,1.1763094830869427,,,6
,BTC,True,London,0.36,0.37,5.9799999999959255,0.36,1782034215,btc-updown-5m-1782034200,,NO,early_reversion_v2_trades,-0.010000000000000009,-10.0,NO_C,0.03,0.01,2.230109613647607,1.6542991130847091,1.1729889343035946,1782034215,165,165,165,hist:er_v2,,,SHORT,0.36,,,,,12,,,,,,-0.010000000000000009,BTC,1782034215,,,,1.1729889343035946,,,6,,,1782023445,SHORT,0.36,1782034215,,,,,12,,,,btc-updown-5m-1782034200,,,trades.db,early_reversion_v2_trades,-0.010000000000000009,NO_C,BTC,1782034215,,,,1.1729889343035946,,,6
,BTC,True,London,0.37,0.38,5.9799999999959255,0.37,1782034505,btc-updown-5m-1782034500,,NO,early_reversion_v2_trades,-0.010000000000000009,-10.0,NO_C,0.03,0.01,2.230109613647607,2.952973078101781,6.001508476462352,1782034505,166,166,166,hist:er_v2,,,SHORT,0.37,,,,,12,,,,,,-0.010000000000000009,BTC,1782034505,,,,6.001508476462352,,,6,,,1782023736,SHORT,0.37,1782034505,,,,,12,,,,btc-updown-5m-1782034500,,,trades.db,early_reversion_v2_trades,-0.010000000000000009,NO_C,BTC,1782034505,,,,6.001508476462352,,,6
,BTC,True,London,0.36,0.37,19.529999999998836,0.36,1782034809,btc-updown-5m-1782034800,,NO,early_reversion_v2_trades,-0.010000000000000009,-10.0,NO_C,0.03,0.01,15.27187557811672,25.817650988248186,24.817667237284336,1782034809,167,167,167,hist:er_v2,,,SHORT,0.36,,,,,12,,,,,,-0.010000000000000009,BTC,1782034809,,,,24.817667237284336,,,6,,,1782024099,SHORT,0.36,1782034809,,,,,12,,,,btc-updown-5m-1782034800,,,trades.db,early_reversion_v2_trades,-0.010000000000000009,NO_C,BTC,1782034809,,,,24.817667237284336,,,6
,BTC,True,London,0.24,0.25,25.87000000000262,0.24,1782034823,btc-updown-5m-1782034800,,YES,early_reversion_v2_trades,-0.010000000000000009,-10.0,YES_B,0.03,0.01,15.67353248020929,16.272825643934173,27.86228689316696,1782034823,168,168,168,hist:er_v2,,,LONG,0.24,,,,,12,,,,,,-0.010000000000000009,BTC,1782034823,,,,27.86228689316696,,,6,,,1782024053,LONG,0.24,1782034823,,,,,12,,,,btc-updown-5m-1782034800,,,trades.db,early_reversion_v2_trades,-0.010000000000000009,YES_B,BTC,1782034823,,,,27.86228689316696,,,6
,BTC,True,London,0.24,0.25,25.87000000000262,0.24,1782034823,btc-updown-5m-1782034800,,YES,early_reversion_v2_trades,-0.010000000000000009,-10.0,YES_C,0.03,0.01,15.67353248020929,16.272825643934173,27.86228689316696,1782034823,169,169,169,hist:er_v2,,,LONG,0.24,,,,,12,,,,,,-0.010000000000000009,BTC,1782034823,,,,27.86228689316696,,,6,,,1782024053,LONG,0.24,1782034823,,,,,12,,,,btc-updown-5m-1782034800,,,trades.db,early_reversion_v2_trades,-0.010000000000000009,YES_C,BTC,1782034823,,,,27.86228689316696,,,6
,BTC,True,London,0.4,0.41,0.0,0.4,1782035102,btc-updown-5m-1782035100,,YES,early_reversion_v2_trades,-0.009999999999999953,-10.0,YES_C,0.03,0.01,2.6779134429928444,3.0295149688924883,5.759963888776017,1782035102,170,170,170,hist:er_v2,,,LONG,0.4,,,,,12,,,,,,-0.009999999999999953,BTC,1782035102,,,,5.759963888776017,,,6,,,1782024343,LONG,0.4,1782035102,,,,,12,,,,btc-updown-5m-1782035100,,,trades.db,early_reversion_v2_trades,-0.009999999999999953,YES_C,BTC,1782035102,,,,5.759963888776017,,,6
,BTC,True,London,0.37,0.49,3.220000000001164,0.37,1782035711,btc-updown-5m-1782035700,,NO,early_reversion_v2_trades,-0.12,-10.0,NO_C,0.03,0.01,4.748849054975881,5.563508003209495,7.023001221261428,1782035711,171,171,171,hist:er_v2,,,SHORT,0.37,,,,,12,,,,,,-0.12,BTC,1782035711,,,,7.023001221261428,,,6,,,1782024941,SHORT,0.37,1782035711,,,,,12,,,,btc-updown-5m-1782035700,,,trades.db,early_reversion_v2_trades,-0.12,NO_C,BTC,1782035711,,,,7.023001221261428,,,6
,BTC,True,NewYork,0.4,0.41,3.1600000000034925,0.4,1782036010,btc-updown-5m-1782036000,,YES,early_reversion_v2_trades,-0.009999999999999953,-10.0,YES_C,0.03,0.01,1.361256922172801,2.211932673894477,1.9190646054777565,1782036010,172,172,172,hist:er_v2,,,LONG,0.4,,,,,13,,,,,,-0.009999999999999953,BTC,1782036010,,,,1.9190646054777565,,,6,,,1782025250,LONG,0.4,1782036010,,,,,13,,,,btc-updown-5m-1782036000,,,trades.db,early_reversion_v2_trades,-0.009999999999999953,YES_C,BTC,1782036010,,,,1.9190646054777565,,,6
,BTC,True,NewYork,0.4,0.41,7.290000000000873,0.4,1782036322,btc-updown-5m-1782036300,,YES,early_reversion_v2_trades,-0.009999999999999953,-10.0,YES_C,0.03,0.01,2.552722436289947,1.943899880540173,1.42922647386984,1782036322,173,173,173,hist:er_v2,,,LONG,0.4,,,,,13,,,,,,-0.009999999999999953,BTC,1782036322,,,,1.42922647386984,,,6,,,1782025552,LONG,0.4,1782036322,,,,,13,,,,btc-updown-5m-1782036300,,,trades.db,early_reversion_v2_trades,-0.009999999999999953,YES_C,BTC,1782036322,,,,1.42922647386984,,,6
,BTC,True,NewYork,0.39,0.4,4.849999999998545,0.39,1782036617,btc-updown-5m-1782036600,,YES,early_reversion_v2_trades,-0.010000000000000009,-10.0,YES_C,0.03,0.01,1.918441033756496,7.90657220292179,12.135491047963653,1782036617,174,174,174,hist:er_v2,,,LONG,0.39,,,,,13,,,,,,-0.010000000000000009,BTC,1782036617,,,,12.135491047963653,,,6,,,1782025848,LONG,0.39,1782036617,,,,,13,,,,btc-updown-5m-1782036600,,,trades.db,early_reversion_v2_trades,-0.010000000000000009,YES_C,BTC,1782036617,,,,12.135491047963653,,,6
,BTC,True,NewYork,0.4,0.41,2.0,0.4,1782036918,btc-updown-5m-1782036900,,YES,early_reversion_v2_trades,-0.009999999999999953,-10.0,YES_C,0.03,0.01,0.7016191187215546,0.5540476062580659,2.068320532797108,1782036918,175,175,175,hist:er_v2,,,LONG,0.4,,,,,13,,,,,,-0.009999999999999953,BTC,1782036918,,,,2.068320532797108,,,6,,,1782026149,LONG,0.4,1782036918,,,,,13,,,,btc-updown-5m-1782036900,,,trades.db,early_reversion_v2_trades,-0.009999999999999953,YES_C,BTC,1782036918,,,,2.068320532797108,,,6
,BTC,True,NewYork,0.4,0.41,0.010000000002037268,0.4,1782037212,btc-updown-5m-1782037200,,YES,early_reversion_v2_trades,-0.009999999999999953,-10.0,YES_C,0.03,0.01,0.004948716594062121,3.6498797905148517,3.4990205258044207,1782037212,176,176,176,hist:er_v2,,,LONG,0.4,,,,,13,,,,,,-0.009999999999999953,BTC,1782037212,,,,3.4990205258044207,,,6,,,1782026444,LONG,0.4,1782037212,,,,,13,,,,btc-updown-5m-1782037200,,,trades.db,early_reversion_v2_trades,-0.009999999999999953,YES_C,BTC,1782037212,,,,3.4990205258044207,,,6
,BTC,True,NewYork,0.37,0.38,2.360000000000582,0.37,1782037510,btc-updown-5m-1782037500,,YES,early_reversion_v2_trades,-0.010000000000000009,-10.0,YES_C,0.03,0.01,3.022004945212639,11.11826884381471,9.326550024527172,1782037510,177,177,177,hist:er_v2,,,LONG,0.37,,,,,13,,,,,,-0.010000000000000009,BTC,1782037510,,,,9.326550024527172,,,6,,,1782026741,LONG,0.37,1782037510,,,,,13,,,,btc-updown-5m-1782037500,,,trades.db,early_reversion_v2_trades,-0.010000000000000009,YES_C,BTC,1782037510,,,,9.326550024527172,,,6
,BTC,True,NewYork,0.21,0.22,18.589999999996508,0.21,1782037515,btc-updown-5m-1782037500,,YES,early_reversion_v2_trades,-0.010000000000000009,-10.0,YES_B,0.03,0.01,6.662375493936813,12.586082563909823,11.224054982046795,1782037515,178,178,178,hist:er_v2,,,LONG,0.21,,,,,13,,,,,,-0.010000000000000009,BTC,1782037515,,,,11.224054982046795,,,6,,,1782026746,LONG,0.21,1782037515,,,,,13,,,,btc-updown-5m-1782037500,,,trades.db,early_reversion_v2_trades,-0.010000000000000009,YES_B,BTC,1782037515,,,,11.224054982046795,,,6
,BTC,True,NewYork,0.39,0.4,3.9899999999979627,0.39,1782037810,btc-updown-5m-1782037800,,YES,early_reversion_v2_trades,-0.010000000000000009,-10.0,YES_C,0.03,0.01,2.318526097611077,3.726960307823146,3.6430021905012584,1782037810,179,179,179,hist:er_v2,,,LONG,0.39,,,,,13,,,,,,-0.010000000000000009,BTC,1782037810,,,,3.6430021905012584,,,6,,,1782027042,LONG,0.39,1782037810,,,,,13,,,,btc-updown-5m-1782037800,,,trades.db,early_reversion_v2_trades,-0.010000000000000009,YES_C,BTC,1782037810,,,,3.6430021905012584,,,6
,BTC,True,NewYork,0.4,0.41,1.9899999999979627,0.4,1782038124,btc-updown-5m-1782038100,,NO,early_reversion_v2_trades,-0.009999999999999953,-10.0,NO_C,0.03,0.01,0.6952022169467426,2.4075350157508537,4.572806298105421,1782038124,180,180,180,hist:er_v2,,,SHORT,0.4,,,,,13,,,,,,-0.009999999999999953,BTC,1782038124,,,,4.572806298105421,,,6,,,1782027379,SHORT,0.4,1782038124,,,,,13,,,,btc-updown-5m-1782038100,,,trades.db,early_reversion_v2_trades,-0.009999999999999953,NO_C,BTC,1782038124,,,,4.572806298105421,,,6
,BTC,True,NewYork,0.35,0.36,18.389999999999418,0.35,1782039310,btc-updown-5m-1782039300,,YES,early_reversion_v2_trades,-0.010000000000000009,-10.0,YES_B,0.03,0.01,6.535904468565427,7.534840741515397,6.479290158651458,1782039310,181,181,181,hist:er_v2,,,LONG,0.35,,,,,13,,,,,,-0.010000000000000009,BTC,1782039310,,,,6.479290158651458,,,6,,,1782028541,LONG,0.35,1782039310,,,,,13,,,,btc-updown-5m-1782039300,,,trades.db,early_reversion_v2_trades,-0.010000000000000009,YES_B,BTC,1782039310,,,,6.479290158651458,,,6
,BTC,True,NewYork,0.35,0.36,18.389999999999418,0.35,1782039310,btc-updown-5m-1782039300,,YES,early_reversion_v2_trades,-0.010000000000000009,-10.0,YES_C,0.03,0.01,6.535904468565427,7.534840741515397,6.479290158651458,1782039310,182,182,182,hist:er_v2,,,LONG,0.35,,,,,13,,,,,,-0.010000000000000009,BTC,1782039310,,,,6.479290158651458,,,6,,,1782028541,LONG,0.35,1782039310,,,,,13,,,,btc-updown-5m-1782039300,,,trades.db,early_reversion_v2_trades,-0.010000000000000009,YES_C,BTC,1782039310,,,,6.479290158651458,,,6
,BTC,True,NewYork,0.4,0.41,5.360000000000582,0.4,1782039914,btc-updown-5m-1782039900,,YES,early_reversion_v2_trades,-0.009999999999999953,-10.0,YES_C,0.03,0.01,3.8116716564152235,5.521331414768751,24.95735862036606,1782039914,183,183,183,hist:er_v2,,,LONG,0.4,,,,,14,,,,,,-0.009999999999999953,BTC,1782039914,,,,24.95735862036606,,,6,,,1782029146,LONG,0.4,1782039914,,,,,14,,,,btc-updown-5m-1782039900,,,trades.db,early_reversion_v2_trades,-0.009999999999999953,YES_C,BTC,1782039914,,,,24.95735862036606,,,6
,BTC,True,NewYork,0.4,0.45,4.0,0.4,1782040502,btc-updown-5m-1782040500,,YES,early_reversion_v2_trades,-0.04999999999999999,-10.0,YES_C,0.03,0.01,4.359860153210513,3.4086347666212364,5.6217602474468915,1782040502,184,184,184,hist:er_v2,,,LONG,0.4,,,,,14,,,,,,-0.04999999999999999,BTC,1782040502,,,,5.6217602474468915,,,6,,,1782029732,LONG,0.4,1782040502,,,,,14,,,,btc-updown-5m-1782040500,,,trades.db,early_reversion_v2_trades,-0.04999999999999999,YES_C,BTC,1782040502,,,,5.6217602474468915,,,6
,BTC,True,NewYork,0.32,0.33,23.970000000001164,0.32,1782040504,btc-updown-5m-1782040500,,YES,early_reversion_v2_trades,-0.010000000000000009,-10.0,YES_B,0.03,0.01,11.259500803025862,8.926525857739332,7.516694706156251,1782040504,185,185,185,hist:er_v2,,,LONG,0.32,,,,,14,,,,,,-0.010000000000000009,BTC,1782040504,,,,7.516694706156251,,,6,,,1782029735,LONG,0.32,1782040504,,,,,14,,,,btc-updown-5m-1782040500,,,trades.db,early_reversion_v2_trades,-0.010000000000000009,YES_B,BTC,1782040504,,,,7.516694706156251,,,6
,BTC,True,NewYork,0.35,0.36,21.380000000004657,0.35,1782040823,btc-updown-5m-1782040800,,NO,early_reversion_v2_trades,-0.010000000000000009,-10.0,NO_C,0.03,0.01,10.1195068432223,9.34374434225156,10.621248269055343,1782040823,186,186,186,hist:er_v2,,,SHORT,0.35,,,,,14,,,,,,-0.010000000000000009,BTC,1782040823,,,,10.621248269055343,,,6,,,1782030055,SHORT,0.35,1782040823,,,,,14,,,,btc-updown-5m-1782040800,,,trades.db,early_reversion_v2_trades,-0.010000000000000009,NO_C,BTC,1782040823,,,,10.621248269055343,,,6
,BTC,True,NewYork,0.38,0.39,23.349999999998545,0.38,1782041122,btc-updown-5m-1782041100,,NO,early_reversion_v2_trades,-0.010000000000000009,-10.0,NO_C,0.03,0.01,5.190592986890332,7.398064536369841,9.652538319012324,1782041122,187,187,187,hist:er_v2,,,SHORT,0.38,,,,,14,,,,,,-0.010000000000000009,BTC,1782041122,,,,9.652538319012324,,,6,,,1782030354,SHORT,0.38,1782041122,,,,,14,,,,btc-updown-5m-1782041100,,,trades.db,early_reversion_v2_trades,-0.010000000000000009,NO_C,BTC,1782041122,,,,9.652538319012324,,,6
,BTC,True,NewYork,0.38,0.39,12.790000000000873,0.38,1782041412,btc-updown-5m-1782041400,,NO,early_reversion_v2_trades,-0.010000000000000009,-10.0,NO_C,0.03,0.01,,,12.630357010877344,1782041412,188,188,188,hist:er_v2,,,SHORT,0.38,,,,,14,,,,,,-0.010000000000000009,BTC,1782041412,,,,12.630357010877344,,,6,,,1782030702,SHORT,0.38,1782041412,,,,,14,,,,btc-updown-5m-1782041400,,,trades.db,early_reversion_v2_trades,-0.010000000000000009,NO_C,BTC,1782041412,,,,12.630357010877344,,,6
,BTC,True,NewYork,0.25,0.3,26.0,0.25,1782042607,btc-updown-5m-1782042600,,YES,early_reversion_v2_trades,-0.04999999999999999,-10.0,YES_B,0.03,0.01,9.33750040904321,6.943675759844348,5.082282484075013,1782042607,189,189,189,hist:er_v2,,,LONG,0.25,,,,,14,,,,,,-0.04999999999999999,BTC,1782042607,,,,5.082282484075013,,,6,,,1782031837,LONG,0.25,1782042607,,,,,14,,,,btc-updown-5m-1782042600,,,trades.db,early_reversion_v2_trades,-0.04999999999999999,YES_B,BTC,1782042607,,,,5.082282484075013,,,6
,BTC,True,NewYork,0.25,0.3,26.0,0.25,1782042607,btc-updown-5m-1782042600,,YES,early_reversion_v2_trades,-0.04999999999999999,-10.0,YES_C,0.03,0.01,9.33750040904321,6.943675759844348,5.082282484075013,1782042607,190,190,190,hist:er_v2,,,LONG,0.25,,,,,14,,,,,,-0.04999999999999999,BTC,1782042607,,,,5.082282484075013,,,6,,,1782031837,LONG,0.25,1782042607,,,,,14,,,,btc-updown-5m-1782042600,,,trades.db,early_reversion_v2_trades,-0.04999999999999999,YES_C,BTC,1782042607,,,,5.082282484075013,,,6
,BTC,True,NewYork,0.4,0.41,44.36999999999534,0.4,1782044110,btc-updown-5m-1782044100,,YES,early_reversion_v2_trades,-0.009999999999999953,-10.0,YES_C,0.03,0.01,15.032895222660134,11.592506965771328,13.983138440278156,1782044110,191,191,191,hist:er_v2,,,LONG,0.4,,,,,15,,,,,,-0.009999999999999953,BTC,1782044110,,,,13.983138440278156,,,6,,,1782033342,LONG,0.4,1782044110,,,,,15,,,,btc-updown-5m-1782044100,,,trades.db,early_reversion_v2_trades,-0.009999999999999953,YES_C,BTC,1782044110,,,,13.983138440278156,,,6
,BTC,True,NewYork,0.32,0.33,44.36999999999534,0.32,1782044113,btc-updown-5m-1782044100,,YES,early_reversion_v2_trades,-0.010000000000000009,-10.0,YES_B,0.03,0.01,19.489112060040902,16.11210957633909,16.21001714989777,1782044113,192,192,192,hist:er_v2,,,LONG,0.32,,,,,15,,,,,,-0.010000000000000009,BTC,1782044113,,,,16.21001714989777,,,6,,,1782033361,LONG,0.32,1782044113,,,,,15,,,,btc-updown-5m-1782044100,,,trades.db,early_reversion_v2_trades,-0.010000000000000009,YES_B,BTC,1782044113,,,,16.21001714989777,,,6
,BTC,True,NewYork,0.38,0.39,12.059999999997672,0.38,1782044408,btc-updown-5m-1782044400,,NO,early_reversion_v2_trades,-0.010000000000000009,-10.0,NO_C,0.03,0.01,6.030001842637214,5.221653832837682,4.84329087429763,1782044408,193,193,193,hist:er_v2,,,SHORT,0.38,,,,,15,,,,,,-0.010000000000000009,BTC,1782044408,,,,4.84329087429763,,,6,,,1782033693,SHORT,0.38,1782044408,,,,,15,,,,btc-updown-5m-1782044400,,,trades.db,early_reversion_v2_trades,-0.010000000000000009,NO_C,BTC,1782044408,,,,4.84329087429763,,,6
,BTC,True,NewYork,0.34,0.36,20.25,0.34,1782044705,btc-updown-5m-1782044700,,NO,early_reversion_v2_trades,-0.019999999999999962,-10.0,NO_C,0.03,0.01,7.543748883825141,5.394007523146304,11.043403562308512,1782044705,194,194,194,hist:er_v2,,,SHORT,0.34,,,,,15,,,,,,-0.019999999999999962,BTC,1782044705,,,,11.043403562308512,,,6,,,1782033945,SHORT,0.34,1782044705,,,,,15,,,,btc-updown-5m-1782044700,,,trades.db,early_reversion_v2_trades,-0.019999999999999962,NO_C,BTC,1782044705,,,,11.043403562308512,,,6
,BTC,True,NewYork,0.39,0.41,4.0,0.39,1782045322,btc-updown-5m-1782045300,,NO,early_reversion_v2_trades,-0.019999999999999962,-10.0,NO_C,0.03,0.01,1.4557458289023832,3.383708444921849,9.04730442218586,1782045322,195,195,195,hist:er_v2,,,SHORT,0.39,,,,,15,,,,,,-0.019999999999999962,BTC,1782045322,,,,9.04730442218586,,,6,,,1782034561,SHORT,0.39,1782045322,,,,,15,,,,btc-updown-5m-1782045300,,,trades.db,early_reversion_v2_trades,-0.019999999999999962,NO_C,BTC,1782045322,,,,9.04730442218586,,,6
,BTC,True,NewYork,0.4,0.41,7.980000000003201,0.4,1782045619,btc-updown-5m-1782045600,,NO,early_reversion_v2_trades,-0.009999999999999953,-10.0,NO_C,0.03,0.01,3.949490796422255,3.761810568064917,2.9261750050195117,1782045619,196,196,196,hist:er_v2,,,SHORT,0.4,,,,,15,,,,,,-0.009999999999999953,BTC,1782045619,,,,2.9261750050195117,,,6,,,1782034849,SHORT,0.4,1782045619,,,,,15,,,,btc-updown-5m-1782045600,,,trades.db,early_reversion_v2_trades,-0.009999999999999953,NO_C,BTC,1782045619,,,,2.9261750050195117,,,6
,BTC,True,NewYork,0.36,0.37,7.9799999999959255,0.36,1782045928,btc-updown-5m-1782045900,,NO,early_reversion_v2_trades,-0.010000000000000009,-10.0,NO_C,0.03,0.01,3.3721337035003143,2.652424467454946,4.200493687916078,1782045928,197,197,197,hist:er_v2,,,SHORT,0.36,,,,,15,,,,,,-0.010000000000000009,BTC,1782045928,,,,4.200493687916078,,,6,,,1782035160,SHORT,0.36,1782045928,,,,,15,,,,btc-updown-5m-1782045900,,,trades.db,early_reversion_v2_trades,-0.010000000000000009,NO_C,BTC,1782045928,,,,4.200493687916078,,,6
,BTC,True,NewYork,0.38,0.45,15.830000000001746,0.38,1782046217,btc-updown-5m-1782046200,,YES,early_reversion_v2_trades,-0.07,-10.0,YES_C,0.03,0.01,7.007942141687048,6.434581313993112,5.756862284265352,1782046217,198,198,198,hist:er_v2,,,LONG,0.38,,,,,15,,,,,,-0.07,BTC,1782046217,,,,5.756862284265352,,,6,,,1782035465,LONG,0.38,1782046217,,,,,15,,,,btc-updown-5m-1782046200,,,trades.db,early_reversion_v2_trades,-0.07,YES_C,BTC,1782046217,,,,5.756862284265352,,,6
,BTC,True,NewYork,0.4,0.41,3.4899999999979627,0.4,1782046505,btc-updown-5m-1782046500,,NO,early_reversion_v2_trades,-0.009999999999999953,-10.0,NO_C,0.03,0.01,3.6295197876417764,3.6953604545271017,3.5799534205141366,1782046505,199,199,199,hist:er_v2,,,SHORT,0.4,,,,,15,,,,,,-0.009999999999999953,BTC,1782046505,,,,3.5799534205141366,,,6,,,1782035736,SHORT,0.4,1782046505,,,,,15,,,,btc-updown-5m-1782046500,,,trades.db,early_reversion_v2_trades,-0.009999999999999953,NO_C,BTC,1782046505,,,,3.5799534205141366,,,6
,BTC,True,NewYork,0.36,0.44,22.489999999997963,0.36,1782046517,btc-updown-5m-1782046500,,YES,early_reversion_v2_trades,-0.08000000000000002,-10.0,YES_C,0.03,0.01,9.415135231559178,8.453812584994179,5.986401924360819,1782046517,200,200,200,hist:er_v2,,,LONG,0.36,,,,,15,,,,,,-0.08000000000000002,BTC,1782046517,,,,5.986401924360819,,,6,,,1782035749,LONG,0.36,1782046517,,,,,15,,,,btc-updown-5m-1782046500,,,trades.db,early_reversion_v2_trades,-0.08000000000000002,YES_C,BTC,1782046517,,,,5.986401924360819,,,6
,BTC,True,NewYork,0.28,0.29,31.610000000000582,0.28,1782046519,btc-updown-5m-1782046500,,YES,early_reversion_v2_trades,-0.009999999999999953,-10.0,YES_B,0.03,0.01,14.568689238309023,12.728638532414775,9.051300759558961,1782046519,201,201,201,hist:er_v2,,,LONG,0.28,,,,,15,,,,,,-0.009999999999999953,BTC,1782046519,,,,9.051300759558961,,,6,,,1782035753,LONG,0.28,1782046519,,,,,15,,,,btc-updown-5m-1782046500,,,trades.db,early_reversion_v2_trades,-0.009999999999999953,YES_B,BTC,1782046519,,,,9.051300759558961,,,6
,BTC,True,NewYork,0.38,0.39,11.989999999997963,0.38,1782046826,btc-updown-5m-1782046800,,YES,early_reversion_v2_trades,-0.010000000000000009,-10.0,YES_C,0.03,0.01,0.11788960591730423,4.927632987948464,5.838081781885376,1782046826,202,202,202,hist:er_v2,,,LONG,0.38,,,,,16,,,,,,-0.010000000000000009,BTC,1782046826,,,,5.838081781885376,,,6,,,1782036057,LONG,0.38,1782046826,,,,,16,,,,btc-updown-5m-1782046800,,,trades.db,early_reversion_v2_trades,-0.010000000000000009,YES_C,BTC,1782046826,,,,5.838081781885376,,,6
,BTC,True,NewYork,0.4,0.41,3.4400000000023283,0.4,1782047114,btc-updown-5m-1782047100,,YES,early_reversion_v2_trades,-0.009999999999999953,-10.0,YES_C,0.03,0.01,1.5073006010880377,1.6046564187451922,2.7275939287212143,1782047114,203,203,203,hist:er_v2,,,LONG,0.4,,,,,16,,,,,,-0.009999999999999953,BTC,1782047114,,,,2.7275939287212143,,,6,,,1782036348,LONG,0.4,1782047114,,,,,16,,,,btc-updown-5m-1782047100,,,trades.db,early_reversion_v2_trades,-0.009999999999999953,YES_C,BTC,1782047114,,,,2.7275939287212143,,,6
,BTC,True,NewYork,0.4,0.44,3.569999999999709,0.4,1782047720,btc-updown-5m-1782047700,,NO,early_reversion_v2_trades,-0.03999999999999998,-10.0,NO_C,0.03,0.01,0.004517539512159658,4.208868630396161,6.849590677962208,1782047720,204,204,204,hist:er_v2,,,SHORT,0.4,,,,,16,,,,,,-0.03999999999999998,BTC,1782047720,,,,6.849590677962208,,,6,,,1782036950,SHORT,0.4,1782047720,,,,,16,,,,btc-updown-5m-1782047700,,,trades.db,early_reversion_v2_trades,-0.03999999999999998,NO_C,BTC,1782047720,,,,6.849590677962208,,,6
,BTC,True,NewYork,0.4,0.41,2.0100000000020373,0.4,1782048605,btc-updown-5m-1782048600,,NO,early_reversion_v2_trades,-0.009999999999999953,-10.0,NO_C,0.03,0.01,0.7461102837756545,0.5338461538463426,4.925623517889899,1782048605,205,205,205,hist:er_v2,,,SHORT,0.4,,,,,16,,,,,,-0.009999999999999953,BTC,1782048605,,,,4.925623517889899,,,6,,,1782037897,SHORT,0.4,1782048605,,,,,16,,,,btc-updown-5m-1782048600,,,trades.db,early_reversion_v2_trades,-0.009999999999999953,NO_C,BTC,1782048605,,,,4.925623517889899,,,6
,BTC,True,NewYork,0.4,0.41,2.0,0.4,1782048622,btc-updown-5m-1782048600,,YES,early_reversion_v2_trades,-0.009999999999999953,-10.0,YES_C,0.03,0.01,2.5226856437423217,2.4235066773964795,4.2747403944563205,1782048622,206,206,206,hist:er_v2,,,LONG,0.4,,,,,16,,,,,,-0.009999999999999953,BTC,1782048622,,,,4.2747403944563205,,,6,,,1782037853,LONG,0.4,1782048622,,,,,16,,,,btc-updown-5m-1782048600,,,trades.db,early_reversion_v2_trades,-0.009999999999999953,YES_C,BTC,1782048622,,,,4.2747403944563205,,,6
,BTC,True,NewYork,0.35,0.36,12.779999999998836,0.35,1782049204,btc-updown-5m-1782049200,,YES,early_reversion_v2_trades,-0.010000000000000009,-10.0,YES_B,0.03,0.01,9.135698313400447,8.172980234722178,6.3060822171133015,1782049204,207,207,207,hist:er_v2,,,LONG,0.35,,,,,16,,,,,,-0.010000000000000009,BTC,1782049204,,,,6.3060822171133015,,,6,,,1782038494,LONG,0.35,1782049204,,,,,16,,,,btc-updown-5m-1782049200,,,trades.db,early_reversion_v2_trades,-0.010000000000000009,YES_B,BTC,1782049204,,,,6.3060822171133015,,,6
,BTC,True,NewYork,0.35,0.36,12.779999999998836,0.35,1782049204,btc-updown-5m-1782049200,,YES,early_reversion_v2_trades,-0.010000000000000009,-10.0,YES_C,0.03,0.01,9.135698313400447,8.172980234722178,6.3060822171133015,1782049204,208,208,208,hist:er_v2,,,LONG,0.35,,,,,16,,,,,,-0.010000000000000009,BTC,1782049204,,,,6.3060822171133015,,,6,,,1782038494,LONG,0.35,1782049204,,,,,16,,,,btc-updown-5m-1782049200,,,trades.db,early_reversion_v2_trades,-0.010000000000000009,YES_C,BTC,1782049204,,,,6.3060822171133015,,,6
,BTC,True,NewYork,0.4,0.43,4.560000000004948,0.4,1782049505,btc-updown-5m-1782049500,,YES,early_reversion_v2_trades,-0.02999999999999997,-10.0,YES_C,0.03,0.01,2.2801987024054617,1.7796708691125611,1.300484945962478,1782049505,209,209,209,hist:er_v2,,,LONG,0.4,,,,,16,,,,,,-0.02999999999999997,BTC,1782049505,,,,1.300484945962478,,,6,,,1782038736,LONG,0.4,1782049505,,,,,16,,,,btc-updown-5m-1782049500,,,trades.db,early_reversion_v2_trades,-0.02999999999999997,YES_C,BTC,1782049505,,,,1.300484945962478,,,6
,BTC,True,NewYork,0.34,0.36,0.029999999998835847,0.34,1782049807,btc-updown-5m-1782049800,,NO,early_reversion_v2_trades,-0.019999999999999962,-10.0,NO_C,0.03,0.01,2.5773392386384377,2.3666106891175387,5.336417101876954,1782049807,210,210,210,hist:er_v2,,,SHORT,0.34,,,,,16,,,,,,-0.019999999999999962,BTC,1782049807,,,,5.336417101876954,,,6,,,1782039038,SHORT,0.34,1782049807,,,,,16,,,,btc-updown-5m-1782049800,,,trades.db,early_reversion_v2_trades,-0.019999999999999962,NO_C,BTC,1782049807,,,,5.336417101876954,,,6
,BTC,True,NewYork,0.4,0.41,6.120000000002619,0.4,1782050106,btc-updown-5m-1782050100,,NO,early_reversion_v2_trades,-0.009999999999999953,-10.0,NO_C,0.03,0.01,2.88735557599547,9.131717348253796,7.271231323419772,1782050106,211,211,211,hist:er_v2,,,SHORT,0.4,,,,,16,,,,,,-0.009999999999999953,BTC,1782050106,,,,7.271231323419772,,,6,,,1782039341,SHORT,0.4,1782050106,,,,,16,,,,btc-updown-5m-1782050100,,,trades.db,early_reversion_v2_trades,-0.009999999999999953,NO_C,BTC,1782050106,,,,7.271231323419772,,,6
,BTC,True,NewYork,0.34,0.35,0.0,0.34,1782050703,btc-updown-5m-1782050700,,NO,early_reversion_v2_trades,-0.009999999999999953,-10.0,NO_C,0.03,0.01,0.0037267799632588945,0.0030000000006111804,0.4617481371432857,1782050703,212,212,212,hist:er_v2,,,SHORT,0.34,,,,,17,,,,,,-0.009999999999999953,BTC,1782050703,,,,0.4617481371432857,,,6,,,1782039935,SHORT,0.34,1782050703,,,,,17,,,,btc-updown-5m-1782050700,,,trades.db,early_reversion_v2_trades,-0.009999999999999953,NO_C,BTC,1782050703,,,,0.4617481371432857,,,6
,BTC,True,NewYork,0.37,0.41,0.010000000002037268,0.37,1782051021,btc-updown-5m-1782051000,,YES,early_reversion_v2_trades,-0.03999999999999998,-10.0,YES_C,0.03,0.01,0.003499271061831721,0.0037267799632588945,2.64328375321214,1782051021,213,213,213,hist:er_v2,,,LONG,0.37,,,,,17,,,,,,-0.03999999999999998,BTC,1782051021,,,,2.64328375321214,,,6,,,1782040263,LONG,0.37,1782051021,,,,,17,,,,btc-updown-5m-1782051000,,,trades.db,early_reversion_v2_trades,-0.03999999999999998,YES_C,BTC,1782051021,,,,2.64328375321214,,,6
,BTC,True,NewYork,0.38,0.39,7.989999999997963,0.38,1782051313,btc-updown-5m-1782051300,,YES,early_reversion_v2_trades,-0.010000000000000009,-10.0,YES_C,0.03,0.01,2.492232934537394,2.205324837498118,1.68238758237044,1782051313,214,214,214,hist:er_v2,,,LONG,0.38,,,,,17,,,,,,-0.010000000000000009,BTC,1782051313,,,,1.68238758237044,,,6,,,1782040565,LONG,0.38,1782051313,,,,,17,,,,btc-updown-5m-1782051300,,,trades.db,early_reversion_v2_trades,-0.010000000000000009,YES_C,BTC,1782051313,,,,1.68238758237044,,,6
,BTC,True,NewYork,0.35,0.36,11.0,0.35,1782051316,btc-updown-5m-1782051300,,YES,early_reversion_v2_trades,-0.010000000000000009,-10.0,YES_B,0.03,0.01,3.646467087773248,3.416095379067207,2.6989739403291635,1782051316,215,215,215,hist:er_v2,,,LONG,0.35,,,,,17,,,,,,-0.010000000000000009,BTC,1782051316,,,,2.6989739403291635,,,6,,,1782040565,LONG,0.35,1782051316,,,,,17,,,,btc-updown-5m-1782051300,,,trades.db,early_reversion_v2_trades,-0.010000000000000009,YES_B,BTC,1782051316,,,,2.6989739403291635,,,6
,BTC,True,NewYork,0.4,0.41,0.0,0.4,1782051606,btc-updown-5m-1782051600,,YES,early_reversion_v2_trades,-0.009999999999999953,-10.0,YES_C,0.03,0.01,0.004948716594062121,0.004985185153637047,6.034878763188645,1782051606,216,216,216,hist:er_v2,,,LONG,0.4,,,,,17,,,,,,-0.009999999999999953,BTC,1782051606,,,,6.034878763188645,,,6,,,1782040837,LONG,0.4,1782051606,,,,,17,,,,btc-updown-5m-1782051600,,,trades.db,early_reversion_v2_trades,-0.009999999999999953,YES_C,BTC,1782051606,,,,6.034878763188645,,,6
,BTC,True,NewYork,0.39,0.4,7.989999999997963,0.39,1782052214,btc-updown-5m-1782052200,,YES,early_reversion_v2_trades,-0.010000000000000009,-10.0,YES_C,0.03,0.01,2.528018502902652,2.4834648443529277,2.6756912826399115,1782052214,217,217,217,hist:er_v2,,,LONG,0.39,,,,,17,,,,,,-0.010000000000000009,BTC,1782052214,,,,2.6756912826399115,,,6,,,1782041448,LONG,0.39,1782052214,,,,,17,,,,btc-updown-5m-1782052200,,,trades.db,early_reversion_v2_trades,-0.010000000000000009,YES_C,BTC,1782052214,,,,2.6756912826399115,,,6
,BTC,True,NewYork,0.32,0.33,13.989999999997963,0.32,1782052217,btc-updown-5m-1782052200,,YES,early_reversion_v2_trades,-0.010000000000000009,-10.0,YES_B,0.03,0.01,4.139744150626332,4.029526819681269,3.493659634092078,1782052217,218,218,218,hist:er_v2,,,LONG,0.32,,,,,17,,,,,,-0.010000000000000009,BTC,1782052217,,,,3.493659634092078,,,6,,,1782041448,LONG,0.32,1782052217,,,,,17,,,,btc-updown-5m-1782052200,,,trades.db,early_reversion_v2_trades,-0.010000000000000009,YES_B,BTC,1782052217,,,,3.493659634092078,,,6
,BTC,True,NewYork,0.37,0.5,0.0,0.37,1782052811,btc-updown-5m-1782052800,,NO,early_reversion_v2_trades,-0.13,-10.0,NO_C,0.03,0.01,0.0,0.0,0.003499271061831721,1782052811,219,219,219,hist:er_v2,,,SHORT,0.37,,,,,17,,,,,,-0.13,BTC,1782052811,,,,0.003499271061831721,,,6,,,1782042043,SHORT,0.37,1782052811,,,,,17,,,,btc-updown-5m-1782052800,,,trades.db,early_reversion_v2_trades,-0.13,NO_C,BTC,1782052811,,,,0.003499271061831721,,,6
,BTC,True,NewYork,0.27,0.28,24.93000000000029,0.27,1782053413,btc-updown-5m-1782053400,,NO,early_reversion_v2_trades,-0.010000000000000009,-10.0,NO_C,0.03,0.01,8.131132386628545,9.925369430571719,8.761454829949136,1782053413,220,220,220,hist:er_v2,,,SHORT,0.27,,,,,17,,,,,,-0.010000000000000009,BTC,1782053413,,,,8.761454829949136,,,6,,,1782042644,SHORT,0.27,1782053413,,,,,17,,,,btc-updown-5m-1782053400,,,trades.db,early_reversion_v2_trades,-0.010000000000000009,NO_C,BTC,1782053413,,,,8.761454829949136,,,6
,BTC,True,NewYork,0.36,0.44,3.3399999999965075,0.36,1782053708,btc-updown-5m-1782053700,,NO,early_reversion_v2_trades,-0.08000000000000002,-10.0,NO_C,0.03,0.01,1.2277169416797198,0.9401340773170064,4.890040648351806,1782053708,221,221,221,hist:er_v2,,,SHORT,0.36,,,,,17,,,,,,-0.08000000000000002,BTC,1782053708,,,,4.890040648351806,,,6,,,1782042938,SHORT,0.36,1782053708,,,,,17,,,,btc-updown-5m-1782053700,,,trades.db,early_reversion_v2_trades,-0.08000000000000002,NO_C,BTC,1782053708,,,,4.890040648351806,,,6
,BTC,True,NewYork,0.4,0.41,18.0,0.4,1782054316,btc-updown-5m-1782054300,,NO,early_reversion_v2_trades,-0.009999999999999953,-10.0,NO_C,0.03,0.01,5.767097527255009,10.27013993602559,7.955554794188052,1782054316,222,222,222,hist:er_v2,,,SHORT,0.4,,,,,18,,,,,,-0.009999999999999953,BTC,1782054316,,,,7.955554794188052,,,6,,,1782043547,SHORT,0.4,1782054316,,,,,18,,,,btc-updown-5m-1782054300,,,trades.db,early_reversion_v2_trades,-0.009999999999999953,NO_C,BTC,1782054316,,,,7.955554794188052,,,6
,BTC,True,NewYork,0.4,0.41,19.44000000000233,0.4,1782054619,btc-updown-5m-1782054600,,YES,early_reversion_v2_trades,-0.009999999999999953,-10.0,YES_C,0.03,0.01,7.242625559837122,5.3719290969098745,19.275042977146562,1782054619,223,223,223,hist:er_v2,,,LONG,0.4,,,,,18,,,,,,-0.009999999999999953,BTC,1782054619,,,,19.275042977146562,,,6,,,1782043852,LONG,0.4,1782054619,,,,,18,,,,btc-updown-5m-1782054600,,,trades.db,early_reversion_v2_trades,-0.009999999999999953,YES_C,BTC,1782054619,,,,19.275042977146562,,,6
,BTC,True,NewYork,0.35,0.36,6.440000000002328,0.35,1782054908,btc-updown-5m-1782054900,,NO,early_reversion_v2_trades,-0.010000000000000009,-10.0,NO_C,0.03,0.01,2.791491536796936,1.933005173299724,2.600354502258775,1782054908,224,224,224,hist:er_v2,,,SHORT,0.35,,,,,18,,,,,,-0.010000000000000009,BTC,1782054908,,,,2.600354502258775,,,6,,,1782044146,SHORT,0.35,1782054908,,,,,18,,,,btc-updown-5m-1782054900,,,trades.db,early_reversion_v2_trades,-0.010000000000000009,NO_C,BTC,1782054908,,,,2.600354502258775,,,6
,BTC,True,NewYork,0.4,0.41,12.849999999998545,0.4,1782055208,btc-updown-5m-1782055200,,YES,early_reversion_v2_trades,-0.009999999999999953,-10.0,YES_C,0.03,0.01,4.662475474576403,4.035140091193745,7.47304540591659,1782055208,225,225,225,hist:er_v2,,,LONG,0.4,,,,,18,,,,,,-0.009999999999999953,BTC,1782055208,,,,7.47304540591659,,,6,,,1782044439,LONG,0.4,1782055208,,,,,18,,,,btc-updown-5m-1782055200,,,trades.db,early_reversion_v2_trades,-0.009999999999999953,YES_C,BTC,1782055208,,,,7.47304540591659,,,6
,BTC,True,NewYork,0.4,0.41,6.970000000001164,0.4,1782055818,btc-updown-5m-1782055800,,YES,early_reversion_v2_trades,-0.009999999999999953,-10.0,YES_C,0.03,0.01,2.5945867793455397,2.360550783185994,4.3238453445196114,1782055818,226,226,226,hist:er_v2,,,LONG,0.4,,,,,18,,,,,,-0.009999999999999953,BTC,1782055818,,,,4.3238453445196114,,,6,,,1782045049,LONG,0.4,1782055818,,,,,18,,,,btc-updown-5m-1782055800,,,trades.db,early_reversion_v2_trades,-0.009999999999999953,YES_C,BTC,1782055818,,,,4.3238453445196114,,,6
,BTC,True,NewYork,0.28,0.29,20.959999999999127,0.28,1782055824,btc-updown-5m-1782055800,,YES,early_reversion_v2_trades,-0.009999999999999953,-10.0,YES_B,0.03,0.01,7.540184384717817,6.354192342900031,5.972266707715833,1782055824,227,227,227,hist:er_v2,,,LONG,0.28,,,,,18,,,,,,-0.009999999999999953,BTC,1782055824,,,,5.972266707715833,,,6,,,1782045060,LONG,0.28,1782055824,,,,,18,,,,btc-updown-5m-1782055800,,,trades.db,early_reversion_v2_trades,-0.009999999999999953,YES_B,BTC,1782055824,,,,5.972266707715833,,,6
,BTC,True,NewYork,0.39,0.4,5.989999999997963,0.39,1782056118,btc-updown-5m-1782056100,,NO,early_reversion_v2_trades,-0.010000000000000009,-10.0,NO_C,0.03,0.01,2.2308549681420695,1.6548002564921618,1.2209070352227953,1782056118,228,228,228,hist:er_v2,,,SHORT,0.39,,,,,18,,,,,,-0.010000000000000009,BTC,1782056118,,,,1.2209070352227953,,,6,,,1782045348,SHORT,0.39,1782056118,,,,,18,,,,btc-updown-5m-1782056100,,,trades.db,early_reversion_v2_trades,-0.010000000000000009,NO_C,BTC,1782056118,,,,1.2209070352227953,,,6
,BTC,True,NewYork,0.38,0.39,5.559999999997672,0.38,1782056415,btc-updown-5m-1782056400,,NO,early_reversion_v2_trades,-0.010000000000000009,-10.0,NO_C,0.03,0.01,2.2235157346453507,3.6355217988601867,22.51653940311077,1782056415,229,229,229,hist:er_v2,,,SHORT,0.38,,,,,18,,,,,,-0.010000000000000009,BTC,1782056415,,,,22.51653940311077,,,6,,,1782045669,SHORT,0.38,1782056415,,,,,18,,,,btc-updown-5m-1782056400,,,trades.db,early_reversion_v2_trades,-0.010000000000000009,NO_C,BTC,1782056415,,,,22.51653940311077,,,6
,BTC,True,NewYork,0.36,0.37,12.839999999996508,0.36,1782057303,btc-updown-5m-1782057300,,YES,early_reversion_v2_trades,-0.010000000000000009,-10.0,YES_C,0.03,0.01,5.561327966411121,4.246904571272,4.478314690720405,1782057303,230,230,230,hist:er_v2,,,LONG,0.36,,,,,18,,,,,,-0.010000000000000009,BTC,1782057303,,,,4.478314690720405,,,6,,,1782046533,LONG,0.36,1782057303,,,,,18,,,,btc-updown-5m-1782057300,,,trades.db,early_reversion_v2_trades,-0.010000000000000009,YES_C,BTC,1782057303,,,,4.478314690720405,,,6
,BTC,True,NewYork,0.29,0.3,17.389999999999418,0.29,1782057322,btc-updown-5m-1782057300,,YES,early_reversion_v2_trades,-0.010000000000000009,-10.0,YES_B,0.03,0.01,1.589841475861377,5.310515842401108,7.511426850693045,1782057322,231,231,231,hist:er_v2,,,LONG,0.29,,,,,18,,,,,,-0.010000000000000009,BTC,1782057322,,,,7.511426850693045,,,6,,,1782046552,LONG,0.29,1782057322,,,,,18,,,,btc-updown-5m-1782057300,,,trades.db,early_reversion_v2_trades,-0.010000000000000009,YES_B,BTC,1782057322,,,,7.511426850693045,,,6
,BTC,True,NewYork,0.36,0.37,10.0,0.36,1782057622,btc-updown-5m-1782057600,,YES,early_reversion_v2_trades,-0.010000000000000009,-10.0,YES_C,0.03,0.01,2.621306731306936,3.4388017737126786,10.667374829825102,1782057622,232,232,232,hist:er_v2,,,LONG,0.36,,,,,19,,,,,,-0.010000000000000009,BTC,1782057622,,,,10.667374829825102,,,6,,,1782046853,LONG,0.36,1782057622,,,,,19,,,,btc-updown-5m-1782057600,,,trades.db,early_reversion_v2_trades,-0.010000000000000009,YES_C,BTC,1782057622,,,,10.667374829825102,,,6
,BTC,True,NewYork,0.39,0.4,5.0,0.39,1782058210,btc-updown-5m-1782058200,,NO,early_reversion_v2_trades,-0.010000000000000009,-10.0,NO_C,0.03,0.01,3.5264949548617563,3.173988902872718,7.180849096729238,1782058210,233,233,233,hist:er_v2,,,SHORT,0.39,,,,,19,,,,,,-0.010000000000000009,BTC,1782058210,,,,7.180849096729238,,,6,,,1782047440,SHORT,0.39,1782058210,,,,,19,,,,btc-updown-5m-1782058200,,,trades.db,early_reversion_v2_trades,-0.010000000000000009,NO_C,BTC,1782058210,,,,7.180849096729238,,,6
,BTC,True,NewYork,0.4,0.43,10.889999999999418,0.4,1782058527,btc-updown-5m-1782058500,,YES,early_reversion_v2_trades,-0.02999999999999997,-10.0,YES_C,0.03,0.01,5.583515826034729,5.118888331607833,5.977687392294038,1782058527,234,234,234,hist:er_v2,,,LONG,0.4,,,,,19,,,,,,-0.02999999999999997,BTC,1782058527,,,,5.977687392294038,,,6,,,1782047760,LONG,0.4,1782058527,,,,,19,,,,btc-updown-5m-1782058500,,,trades.db,early_reversion_v2_trades,-0.02999999999999997,YES_C,BTC,1782058527,,,,5.977687392294038,,,6
,BTC,True,NewYork,0.35,0.36,19.4800000000032,0.35,1782058529,btc-updown-5m-1782058500,,YES,early_reversion_v2_trades,-0.010000000000000009,-10.0,YES_B,0.03,0.01,8.995036272913152,7.388251188292322,6.701262179089439,1782058529,235,235,235,hist:er_v2,,,LONG,0.35,,,,,19,,,,,,-0.010000000000000009,BTC,1782058529,,,,6.701262179089439,,,6,,,1782047760,LONG,0.35,1782058529,,,,,19,,,,btc-updown-5m-1782058500,,,trades.db,early_reversion_v2_trades,-0.010000000000000009,YES_B,BTC,1782058529,,,,6.701262179089439,,,6
,BTC,True,NewYork,0.39,0.4,11.770000000004075,0.39,1782058802,btc-updown-5m-1782058800,,YES,early_reversion_v2_trades,-0.010000000000000009,-10.0,YES_C,0.03,0.01,5.016907247831335,4.3255423552054255,3.634941540108309,1782058802,236,236,236,hist:er_v2,,,LONG,0.39,,,,,19,,,,,,-0.010000000000000009,BTC,1782058802,,,,3.634941540108309,,,6,,,1782048088,LONG,0.39,1782058802,,,,,19,,,,btc-updown-5m-1782058800,,,trades.db,early_reversion_v2_trades,-0.010000000000000009,YES_C,BTC,1782058802,,,,3.634941540108309,,,6
,BTC,True,NewYork,0.38,0.43,0.22000000000116415,0.38,1782059410,btc-updown-5m-1782059400,,NO,early_reversion_v2_trades,-0.04999999999999999,-10.0,NO_C,0.03,0.01,4.431023284405511,4.838936628259525,4.406124029121716,1782059410,237,237,237,hist:er_v2,,,SHORT,0.38,,,,,19,,,,,,-0.04999999999999999,BTC,1782059410,,,,4.406124029121716,,,6,,,1782048641,SHORT,0.38,1782059410,,,,,19,,,,btc-updown-5m-1782059400,,,trades.db,early_reversion_v2_trades,-0.04999999999999999,NO_C,BTC,1782059410,,,,4.406124029121716,,,6
,BTC,True,NewYork,0.4,0.41,4.069999999999709,0.4,1782059420,btc-updown-5m-1782059400,,YES,early_reversion_v2_trades,-0.009999999999999953,-10.0,YES_C,0.03,0.01,1.5309140926852753,4.480672366071064,4.387667735825368,1782059420,238,238,238,hist:er_v2,,,LONG,0.4,,,,,19,,,,,,-0.009999999999999953,BTC,1782059420,,,,4.387667735825368,,,6,,,1782048651,LONG,0.4,1782059420,,,,,19,,,,btc-updown-5m-1782059400,,,trades.db,early_reversion_v2_trades,-0.009999999999999953,YES_C,BTC,1782059420,,,,4.387667735825368,,,6
,BTC,True,NewYork,0.34,0.35,9.650000000001455,0.34,1782059427,btc-updown-5m-1782059400,,YES,early_reversion_v2_trades,-0.009999999999999953,-10.0,YES_B,0.03,0.01,3.94652003772449,3.992321179760815,4.553299006215461,1782059427,239,239,239,hist:er_v2,,,LONG,0.34,,,,,19,,,,,,-0.009999999999999953,BTC,1782059427,,,,4.553299006215461,,,6,,,1782048658,LONG,0.34,1782059427,,,,,19,,,,btc-updown-5m-1782059400,,,trades.db,early_reversion_v2_trades,-0.009999999999999953,YES_B,BTC,1782059427,,,,4.553299006215461,,,6
,BTC,True,NewYork,0.38,0.39,7.0,0.38,1782059703,btc-updown-5m-1782059700,,NO,early_reversion_v2_trades,-0.010000000000000009,-10.0,NO_C,0.03,0.01,2.9623814744218397,9.444794268566554,14.402038604876973,1782059703,240,240,240,hist:er_v2,,,SHORT,0.38,,,,,19,,,,,,-0.010000000000000009,BTC,1782059703,,,,14.402038604876973,,,6,,,1782048937,SHORT,0.38,1782059703,,,,,19,,,,btc-updown-5m-1782059700,,,trades.db,early_reversion_v2_trades,-0.010000000000000009,NO_C,BTC,1782059703,,,,14.402038604876973,,,6
,BTC,True,NewYork,0.38,0.39,5.6599999999962165,0.38,1782060018,btc-updown-5m-1782060000,,NO,early_reversion_v2_trades,-0.010000000000000009,-10.0,NO_C,0.03,0.01,3.19527602702558,4.834805627379733,6.134032986587038,1782060018,241,241,241,hist:er_v2,,,SHORT,0.38,,,,,19,,,,,,-0.010000000000000009,BTC,1782060018,,,,6.134032986587038,,,6,,,1782049254,SHORT,0.38,1782060018,,,,,19,,,,btc-updown-5m-1782060000,,,trades.db,early_reversion_v2_trades,-0.010000000000000009,NO_C,BTC,1782060018,,,,6.134032986587038,,,6
,BTC,True,NewYork,0.4,0.41,11.959999999999127,0.4,1782060302,btc-updown-5m-1782060300,,NO,early_reversion_v2_trades,-0.009999999999999953,-10.0,NO_C,0.03,0.01,3.5817566298611987,2.5546367158559473,1.9490419341940695,1782060302,242,242,242,hist:er_v2,,,SHORT,0.4,,,,,19,,,,,,-0.009999999999999953,BTC,1782060302,,,,1.9490419341940695,,,6,,,1782049533,SHORT,0.4,1782060302,,,,,19,,,,btc-updown-5m-1782060300,,,trades.db,early_reversion_v2_trades,-0.009999999999999953,NO_C,BTC,1782060302,,,,1.9490419341940695,,,6
,BTC,True,NewYork,0.38,0.39,11.889999999999418,0.38,1782060602,btc-updown-5m-1782060600,,NO,early_reversion_v2_trades,-0.010000000000000009,-10.0,NO_C,0.03,0.01,4.434124302873883,3.2879844383250925,8.164904369311683,1782060602,243,243,243,hist:er_v2,,,SHORT,0.38,,,,,19,,,,,,-0.010000000000000009,BTC,1782060602,,,,8.164904369311683,,,6,,,1782049832,SHORT,0.38,1782060602,,,,,19,,,,btc-updown-5m-1782060600,,,trades.db,early_reversion_v2_trades,-0.010000000000000009,NO_C,BTC,1782060602,,,,8.164904369311683,,,6
,BTC,True,NewYork,0.38,0.39,15.919999999998254,0.38,1782060926,btc-updown-5m-1782060900,,NO,early_reversion_v2_trades,-0.010000000000000009,-10.0,NO_C,0.03,0.01,6.367001177947788,5.6155113166060335,10.09006688912327,1782060926,244,244,244,hist:er_v2,,,SHORT,0.38,,,,,19,,,,,,-0.010000000000000009,BTC,1782060926,,,,10.09006688912327,,,6,,,1782050157,SHORT,0.38,1782060926,,,,,19,,,,btc-updown-5m-1782060900,,,trades.db,early_reversion_v2_trades,-0.010000000000000009,NO_C,BTC,1782060926,,,,10.09006688912327,,,6
,BTC,True,NewYork,0.37,0.38,12.25,0.37,1782061510,btc-updown-5m-1782061500,,NO,early_reversion_v2_trades,-0.010000000000000009,-10.0,NO_C,0.03,0.01,5.922872992881518,7.601804285980609,7.690641585720209,1782061510,245,245,245,hist:er_v2,,,SHORT,0.37,,,,,20,,,,,,-0.010000000000000009,BTC,1782061510,,,,7.690641585720209,,,6,,,1782050741,SHORT,0.37,1782061510,,,,,20,,,,btc-updown-5m-1782061500,,,trades.db,early_reversion_v2_trades,-0.010000000000000009,NO_C,BTC,1782061510,,,,7.690641585720209,,,6
,BTC,True,NewYork,0.4,0.41,5.989999999997963,0.4,1782061527,btc-updown-5m-1782061500,,YES,early_reversion_v2_trades,-0.009999999999999953,-10.0,YES_C,0.03,0.01,6.279284373628497,5.94162819117242,9.263248104201942,1782061527,246,246,246,hist:er_v2,,,LONG,0.4,,,,,20,,,,,,-0.009999999999999953,BTC,1782061527,,,,9.263248104201942,,,6,,,1782050758,LONG,0.4,1782061527,,,,,20,,,,btc-updown-5m-1782061500,,,trades.db,early_reversion_v2_trades,-0.009999999999999953,YES_C,BTC,1782061527,,,,9.263248104201942,,,6
,BTC,True,NewYork,0.38,0.39,10.049999999995634,0.38,1782061816,btc-updown-5m-1782061800,,YES,early_reversion_v2_trades,-0.010000000000000009,-10.0,YES_C,0.03,0.01,2.849625825776573,3.2679315065279186,2.8067603563939865,1782061816,247,247,247,hist:er_v2,,,LONG,0.38,,,,,20,,,,,,-0.010000000000000009,BTC,1782061816,,,,2.8067603563939865,,,6,,,1782051046,LONG,0.38,1782061816,,,,,20,,,,btc-updown-5m-1782061800,,,trades.db,early_reversion_v2_trades,-0.010000000000000009,YES_C,BTC,1782061816,,,,2.8067603563939865,,,6
,BTC,True,NewYork,0.35,0.36,4.099999999998545,0.35,1782062115,btc-updown-5m-1782062100,,YES,early_reversion_v2_trades,-0.010000000000000009,-10.0,YES_B,0.03,0.01,1.5264956236064342,1.0916455197675434,0.8027118038250943,1782062115,248,248,248,hist:er_v2,,,LONG,0.35,,,,,20,,,,,,-0.010000000000000009,BTC,1782062115,,,,0.8027118038250943,,,6,,,1782051345,LONG,0.35,1782062115,,,,,20,,,,btc-updown-5m-1782062100,,,trades.db,early_reversion_v2_trades,-0.010000000000000009,YES_B,BTC,1782062115,,,,0.8027118038250943,,,6
,BTC,True,NewYork,0.35,0.36,4.099999999998545,0.35,1782062115,btc-updown-5m-1782062100,,YES,early_reversion_v2_trades,-0.010000000000000009,-10.0,YES_C,0.03,0.01,1.5264956236064342,1.0916455197675434,0.8027118038250943,1782062115,249,249,249,hist:er_v2,,,LONG,0.35,,,,,20,,,,,,-0.010000000000000009,BTC,1782062115,,,,0.8027118038250943,,,6,,,1782051345,LONG,0.35,1782062115,,,,,20,,,,btc-updown-5m-1782062100,,,trades.db,early_reversion_v2_trades,-0.010000000000000009,YES_C,BTC,1782062115,,,,0.8027118038250943,,,6
,BTC,True,NewYork,0.35,0.36,7.1599999999962165,0.35,1782062716,btc-updown-5m-1782062700,,YES,early_reversion_v2_trades,-0.010000000000000009,-10.0,YES_B,0.03,0.01,2.861002621457703,2.0909624499106187,1.9135329814429676,1782062716,250,250,250,hist:er_v2,,,LONG,0.35,,,,,20,,,,,,-0.010000000000000009,BTC,1782062716,,,,1.9135329814429676,,,6,,,1782051980,LONG,0.35,1782062716,,,,,20,,,,btc-updown-5m-1782062700,,,trades.db,early_reversion_v2_trades,-0.010000000000000009,YES_B,BTC,1782062716,,,,1.9135329814429676,,,6
,BTC,True,NewYork,0.35,0.36,7.1599999999962165,0.35,1782062716,btc-updown-5m-1782062700,,YES,early_reversion_v2_trades,-0.010000000000000009,-10.0,YES_C,0.03,0.01,2.861002621457703,2.0909624499106187,1.9135329814429676,1782062716,251,251,251,hist:er_v2,,,LONG,0.35,,,,,20,,,,,,-0.010000000000000009,BTC,1782062716,,,,1.9135329814429676,,,6,,,1782051980,LONG,0.35,1782062716,,,,,20,,,,btc-updown-5m-1782062700,,,trades.db,early_reversion_v2_trades,-0.010000000000000009,YES_C,BTC,1782062716,,,,1.9135329814429676,,,6
,BTC,True,NewYork,0.4,0.41,3.400000000001455,0.4,1782063026,btc-updown-5m-1782063000,,NO,early_reversion_v2_trades,-0.009999999999999953,-10.0,NO_C,0.03,0.01,1.2678558014755066,0.9407266694783438,3.5398703042403357,1782063026,252,252,252,hist:er_v2,,,SHORT,0.4,,,,,20,,,,,,-0.009999999999999953,BTC,1782063026,,,,3.5398703042403357,,,6,,,1782052257,SHORT,0.4,1782063026,,,,,20,,,,btc-updown-5m-1782063000,,,trades.db,early_reversion_v2_trades,-0.009999999999999953,NO_C,BTC,1782063026,,,,3.5398703042403357,,,6
,BTC,True,NewYork,0.35,0.36,12.839999999996508,0.35,1782063905,btc-updown-5m-1782063900,,NO,early_reversion_v2_trades,-0.010000000000000009,-10.0,NO_C,0.03,0.01,4.903361658653197,4.400017992387242,4.0725741441986525,1782063905,253,253,253,hist:er_v2,,,SHORT,0.35,,,,,20,,,,,,-0.010000000000000009,BTC,1782063905,,,,4.0725741441986525,,,6,,,1782053135,SHORT,0.35,1782063905,,,,,20,,,,btc-updown-5m-1782063900,,,trades.db,early_reversion_v2_trades,-0.010000000000000009,NO_C,BTC,1782063905,,,,4.0725741441986525,,,6
,BTC,True,NewYork,0.37,0.37,6.42000000000553,0.37,1782064505,btc-updown-5m-1782064500,,YES,early_reversion_v2_trades,0.0,-10.0,YES_C,0.03,0.01,3.3356458644972595,2.822879954881509,2.810575832091326,1782064505,254,254,254,hist:er_v2,,,LONG,0.37,,,,,20,,,,,,0.0,BTC,1782064505,,,,2.810575832091326,,,6,,,1782053737,LONG,0.37,1782064505,,,,,20,,,,btc-updown-5m-1782064500,,,trades.db,early_reversion_v2_trades,0.0,YES_C,BTC,1782064505,,,,2.810575832091326,,,6
,BTC,True,Offhours,0.39,0.4,0.0,0.39,1782064823,btc-updown-5m-1782064800,,NO,early_reversion_v2_trades,-0.010000000000000009,-10.0,NO_C,0.03,0.01,0.005000000001018634,0.004979295978334108,11.667067632819348,1782064823,255,255,255,hist:er_v2,,,SHORT,0.39,,,,,21,,,,,,-0.010000000000000009,BTC,1782064823,,,,11.667067632819348,,,6,,,1782054115,SHORT,0.39,1782064823,,,,,21,,,,btc-updown-5m-1782064800,,,trades.db,early_reversion_v2_trades,-0.010000000000000009,NO_C,BTC,1782064823,,,,11.667067632819348,,,6
,BTC,True,Offhours,0.37,0.38,2.529999999998836,0.37,1782065108,btc-updown-5m-1782065100,,NO,early_reversion_v2_trades,-0.010000000000000009,-10.0,NO_C,0.03,0.01,2.3181727718173826,2.2594247055378682,4.494432052072388,1782065108,256,256,256,hist:er_v2,,,SHORT,0.37,,,,,21,,,,,,-0.010000000000000009,BTC,1782065108,,,,4.494432052072388,,,6,,,1782054340,SHORT,0.37,1782065108,,,,,21,,,,btc-updown-5m-1782065100,,,trades.db,early_reversion_v2_trades,-0.010000000000000009,NO_C,BTC,1782065108,,,,4.494432052072388,,,6
,BTC,True,Offhours,0.35,0.36,6.010000000002037,0.35,1782065722,btc-updown-5m-1782065700,,NO,early_reversion_v2_trades,-0.010000000000000009,-10.0,NO_C,0.03,0.01,2.4020041631941367,1.985736245703632,1.5464323655515129,1782065722,257,257,257,hist:er_v2,,,SHORT,0.35,,,,,21,,,,,,-0.010000000000000009,BTC,1782065722,,,,1.5464323655515129,,,6,,,1782054954,SHORT,0.35,1782065722,,,,,21,,,,btc-updown-5m-1782065700,,,trades.db,early_reversion_v2_trades,-0.010000000000000009,NO_C,BTC,1782065722,,,,1.5464323655515129,,,6
,BTC,True,Offhours,0.4,0.41,5.9799999999959255,0.4,1782066316,btc-updown-5m-1782066300,,NO,early_reversion_v2_trades,-0.009999999999999953,-10.0,NO_C,0.03,0.01,2.395999999999185,1.796005567919287,1.2746744726934303,1782066316,258,258,258,hist:er_v2,,,SHORT,0.4,,,,,21,,,,,,-0.009999999999999953,BTC,1782066316,,,,1.2746744726934303,,,6,,,1782055548,SHORT,0.4,1782066316,,,,,21,,,,btc-updown-5m-1782066300,,,trades.db,early_reversion_v2_trades,-0.009999999999999953,NO_C,BTC,1782066316,,,,1.2746744726934303,,,6
,BTC,True,Offhours,0.4,0.41,8.439999999995052,0.4,1782067220,btc-updown-5m-1782067200,,NO,early_reversion_v2_trades,-0.009999999999999953,-10.0,NO_C,0.03,0.01,1.0682022280446677,4.955829797278463,6.300305259810447,1782067220,259,259,259,hist:er_v2,,,SHORT,0.4,,,,,21,,,,,,-0.009999999999999953,BTC,1782067220,,,,6.300305259810447,,,6,,,1782056470,SHORT,0.4,1782067220,,,,,21,,,,btc-updown-5m-1782067200,,,trades.db,early_reversion_v2_trades,-0.009999999999999953,NO_C,BTC,1782067220,,,,6.300305259810447,,,6
,BTC,True,Offhours,0.38,0.39,3.209999999999127,0.38,1782067802,btc-updown-5m-1782067800,,NO,early_reversion_v2_trades,-0.010000000000000009,-10.0,NO_C,0.03,0.01,1.7427044356401566,12.297993484710833,11.524452817481873,1782067802,260,260,260,hist:er_v2,,,SHORT,0.38,,,,,21,,,,,,-0.010000000000000009,BTC,1782067802,,,,11.524452817481873,,,6,,,1782057032,SHORT,0.38,1782067802,,,,,21,,,,btc-updown-5m-1782067800,,,trades.db,early_reversion_v2_trades,-0.010000000000000009,NO_C,BTC,1782067802,,,,11.524452817481873,,,6
,BTC,True,Offhours,0.38,0.39,3.9899999999979627,0.38,1782068106,btc-updown-5m-1782068100,,YES,early_reversion_v2_trades,-0.010000000000000009,-10.0,YES_C,0.03,0.01,3.577711000066943,6.884448343912237,21.475524608991396,1782068106,261,261,261,hist:er_v2,,,LONG,0.38,,,,,21,,,,,,-0.010000000000000009,BTC,1782068106,,,,21.475524608991396,,,6,,,1782057337,LONG,0.38,1782068106,,,,,21,,,,btc-updown-5m-1782068100,,,trades.db,early_reversion_v2_trades,-0.010000000000000009,YES_C,BTC,1782068106,,,,21.475524608991396,,,6
,BTC,True,Offhours,0.35,0.36,9.989999999997963,0.35,1782068108,btc-updown-5m-1782068100,,YES,early_reversion_v2_trades,-0.010000000000000009,-10.0,YES_B,0.03,0.01,3.9564321750224467,6.091628353732441,20.921639771867664,1782068108,262,262,262,hist:er_v2,,,LONG,0.35,,,,,21,,,,,,-0.010000000000000009,BTC,1782068108,,,,20.921639771867664,,,6,,,1782057340,LONG,0.35,1782068108,,,,,21,,,,btc-updown-5m-1782068100,,,trades.db,early_reversion_v2_trades,-0.010000000000000009,YES_B,BTC,1782068108,,,,20.921639771867664,,,6
,BTC,True,Offhours,0.35,0.36,11.819999999999709,0.35,1782068418,btc-updown-5m-1782068400,,YES,early_reversion_v2_trades,-0.010000000000000009,-10.0,YES_B,0.03,0.01,4.434716473922594,10.220247978889336,17.663173901859267,1782068418,263,263,263,hist:er_v2,,,LONG,0.35,,,,,22,,,,,,-0.010000000000000009,BTC,1782068418,,,,17.663173901859267,,,6,,,1782057661,LONG,0.35,1782068418,,,,,22,,,,btc-updown-5m-1782068400,,,trades.db,early_reversion_v2_trades,-0.010000000000000009,YES_B,BTC,1782068418,,,,17.663173901859267,,,6
,BTC,True,Offhours,0.35,0.36,11.819999999999709,0.35,1782068418,btc-updown-5m-1782068400,,YES,early_reversion_v2_trades,-0.010000000000000009,-10.0,YES_C,0.03,0.01,4.434716473922594,10.220247978889336,17.663173901859267,1782068418,264,264,264,hist:er_v2,,,LONG,0.35,,,,,22,,,,,,-0.010000000000000009,BTC,1782068418,,,,17.663173901859267,,,6,,,1782057661,LONG,0.35,1782068418,,,,,22,,,,btc-updown-5m-1782068400,,,trades.db,early_reversion_v2_trades,-0.010000000000000009,YES_C,BTC,1782068418,,,,17.663173901859267,,,6
,BTC,True,Offhours,0.4,0.41,6.0,0.4,1782069312,btc-updown-5m-1782069300,,YES,early_reversion_v2_trades,-0.009999999999999953,-10.0,YES_C,0.03,0.01,3.7542642421639645,5.060366661003503,4.0110082680525245,1782069312,265,265,265,hist:er_v2,,,LONG,0.4,,,,,22,,,,,,-0.009999999999999953,BTC,1782069312,,,,4.0110082680525245,,,6,,,1782058544,LONG,0.4,1782069312,,,,,22,,,,btc-updown-5m-1782069300,,,trades.db,early_reversion_v2_trades,-0.009999999999999953,YES_C,BTC,1782069312,,,,4.0110082680525245,,,6
,BTC,True,Offhours,0.35,0.36,14.0,0.35,1782069317,btc-updown-5m-1782069300,,YES,early_reversion_v2_trades,-0.010000000000000009,-10.0,YES_B,0.03,0.01,5.08527503899409,7.009787750391969,5.963969580716732,1782069317,266,266,266,hist:er_v2,,,LONG,0.35,,,,,22,,,,,,-0.010000000000000009,BTC,1782069317,,,,5.963969580716732,,,6,,,1782058547,LONG,0.35,1782069317,,,,,22,,,,btc-updown-5m-1782069300,,,trades.db,early_reversion_v2_trades,-0.010000000000000009,YES_B,BTC,1782069317,,,,5.963969580716732,,,6
,BTC,True,Offhours,0.4,0.41,6.849999999998545,0.4,1782069608,btc-updown-5m-1782069600,,YES,early_reversion_v2_trades,-0.009999999999999953,-10.0,YES_C,0.03,0.01,3.35729429749642,4.042222655916691,9.86274243987785,1782069608,267,267,267,hist:er_v2,,,LONG,0.4,,,,,22,,,,,,-0.009999999999999953,BTC,1782069608,,,,9.86274243987785,,,6,,,1782058840,LONG,0.4,1782069608,,,,,22,,,,btc-updown-5m-1782069600,,,trades.db,early_reversion_v2_trades,-0.009999999999999953,YES_C,BTC,1782069608,,,,9.86274243987785,,,6
,BTC,True,Offhours,0.32,0.33,16.790000000000873,0.32,1782069622,btc-updown-5m-1782069600,,YES,early_reversion_v2_trades,-0.010000000000000009,-10.0,YES_B,0.03,0.01,3.9760000000009312,4.194223835258643,8.332149947642767,1782069622,268,268,268,hist:er_v2,,,LONG,0.32,,,,,22,,,,,,-0.010000000000000009,BTC,1782069622,,,,8.332149947642767,,,6,,,1782058852,LONG,0.32,1782069622,,,,,22,,,,btc-updown-5m-1782069600,,,trades.db,early_reversion_v2_trades,-0.010000000000000009,YES_B,BTC,1782069622,,,,8.332149947642767,,,6
,BTC,True,Offhours,0.38,0.39,0.0,0.38,1782072007,btc-updown-5m-1782072000,,NO,early_reversion_v2_trades,-0.010000000000000009,-10.0,NO_C,0.03,0.01,3.5490021132712366,5.821184594448601,4.48194951506322,1782072007,269,269,269,hist:er_v2,,,SHORT,0.38,,,,,23,,,,,,-0.010000000000000009,BTC,1782072007,,,,4.48194951506322,,,6,,,1782061239,SHORT,0.38,1782072007,,,,,23,,,,btc-updown-5m-1782072000,,,trades.db,early_reversion_v2_trades,-0.010000000000000009,NO_C,BTC,1782072007,,,,4.48194951506322,,,6
,BTC,True,Offhours,0.4,0.41,3.0100000000020373,0.4,1782072329,btc-updown-5m-1782072300,,NO,early_reversion_v2_trades,-0.009999999999999953,-10.0,NO_C,0.03,0.01,1.1195336330616619,0.8636019131887235,8.761900113276978,1782072329,270,270,270,hist:er_v2,,,SHORT,0.4,,,,,23,,,,,,-0.009999999999999953,BTC,1782072329,,,,8.761900113276978,,,6,,,1782061563,SHORT,0.4,1782072329,,,,,23,,,,btc-updown-5m-1782072300,,,trades.db,early_reversion_v2_trades,-0.009999999999999953,NO_C,BTC,1782072329,,,,8.761900113276978,,,6
,BTC,True,Offhours,0.32,0.33,19.9800000000032,0.32,1782072616,btc-updown-5m-1782072600,,YES,early_reversion_v2_trades,-0.010000000000000009,-10.0,YES_B,0.03,0.01,4.377429121560487,6.144986699615799,8.481253643182672,1782072616,271,271,271,hist:er_v2,,,LONG,0.32,,,,,23,,,,,,-0.010000000000000009,BTC,1782072616,,,,8.481253643182672,,,6,,,1782061849,LONG,0.32,1782072616,,,,,23,,,,btc-updown-5m-1782072600,,,trades.db,early_reversion_v2_trades,-0.010000000000000009,YES_B,BTC,1782072616,,,,8.481253643182672,,,6
,BTC,True,Offhours,0.35,0.36,6.180000000000291,0.35,1782073213,btc-updown-5m-1782073200,,NO,early_reversion_v2_trades,-0.010000000000000009,-10.0,NO_C,0.03,0.01,2.4720000000001163,3.100432873002969,3.14435096247287,1782073213,272,272,272,hist:er_v2,,,SHORT,0.35,,,,,23,,,,,,-0.010000000000000009,BTC,1782073213,,,,3.14435096247287,,,6,,,1782062447,SHORT,0.35,1782073213,,,,,23,,,,btc-updown-5m-1782073200,,,trades.db,early_reversion_v2_trades,-0.010000000000000009,NO_C,BTC,1782073213,,,,3.14435096247287,,,6
,BTC,True,Offhours,0.39,0.42,4.0,0.39,1782073519,btc-updown-5m-1782073500,,NO,early_reversion_v2_trades,-0.02999999999999997,-10.0,NO_C,0.03,0.01,1.7920516118659258,1.5128710117602953,1.1632324617203151,1782073519,273,273,273,hist:er_v2,,,SHORT,0.39,,,,,23,,,,,,-0.02999999999999997,BTC,1782073519,,,,1.1632324617203151,,,6,,,1782062750,SHORT,0.39,1782073519,,,,,23,,,,btc-updown-5m-1782073500,,,trades.db,early_reversion_v2_trades,-0.02999999999999997,NO_C,BTC,1782073519,,,,1.1632324617203151,,,6
,BTC,True,Offhours,0.37,0.38,7.779999999998836,0.37,1782073821,btc-updown-5m-1782073800,,NO,early_reversion_v2_trades,-0.010000000000000009,-10.0,NO_C,0.03,0.01,2.8957080308610346,2.234296161845916,1.9051646002891467,1782073821,274,274,274,hist:er_v2,,,SHORT,0.37,,,,,23,,,,,,-0.010000000000000009,BTC,1782073821,,,,1.9051646002891467,,,6,,,1782063054,SHORT,0.37,1782073821,,,,,23,,,,btc-updown-5m-1782073800,,,trades.db,early_reversion_v2_trades,-0.010000000000000009,NO_C,BTC,1782073821,,,,1.9051646002891467,,,6
,BTC,True,Offhours,0.31,0.35,6.379999999997381,0.31,1782074122,btc-updown-5m-1782074100,,NO,early_reversion_v2_trades,-0.03999999999999998,-10.0,NO_C,0.03,0.01,4.4699021242076356,4.456134410483783,13.638325367171738,1782074122,275,275,275,hist:er_v2,,,SHORT,0.31,,,,,23,,,,,,-0.03999999999999998,BTC,1782074122,,,,13.638325367171738,,,6,,,1782063352,SHORT,0.31,1782074122,,,,,23,,,,btc-updown-5m-1782074100,,,trades.db,early_reversion_v2_trades,-0.03999999999999998,NO_C,BTC,1782074122,,,,13.638325367171738,,,6
,BTC,True,Offhours,0.3,0.31,22.889999999999418,0.3,1782075018,btc-updown-5m-1782075000,,NO,early_reversion_v2_trades,-0.010000000000000009,-10.0,NO_C,0.03,0.01,7.348894852667137,7.038912740045733,13.565805951557646,1782075018,276,276,276,hist:er_v2,,,SHORT,0.3,,,,,23,,,,,,-0.010000000000000009,BTC,1782075018,,,,13.565805951557646,,,6,,,1782064257,SHORT,0.3,1782075018,,,,,23,,,,btc-updown-5m-1782075000,,,trades.db,early_reversion_v2_trades,-0.010000000000000009,NO_C,BTC,1782075018,,,,13.565805951557646,,,6
,BTC,True,Offhours,0.4,0.41,0.0,0.4,1782075302,btc-updown-5m-1782075300,,NO,early_reversion_v2_trades,-0.009999999999999953,-10.0,NO_C,0.03,0.01,0.004714045208870694,2.2967267401679825,19.373113004445447,1782075302,277,277,277,hist:er_v2,,,SHORT,0.4,,,,,23,,,,,,-0.009999999999999953,BTC,1782075302,,,,19.373113004445447,,,6,,,1782064535,SHORT,0.4,1782075302,,,,,23,,,,btc-updown-5m-1782075300,,,trades.db,early_reversion_v2_trades,-0.009999999999999953,NO_C,BTC,1782075302,,,,19.373113004445447,,,6
,BTC,True,Asia,0.38,0.39,8.0,0.38,1782075624,btc-updown-5m-1782075600,,NO,early_reversion_v2_trades,-0.010000000000000009,-10.0,NO_C,0.03,0.01,6.087070997888586,5.923022539211231,5.439034694934428,1782075624,278,278,278,hist:er_v2,,,SHORT,0.38,,,,,0,,,,,,-0.010000000000000009,BTC,1782075624,,,,5.439034694934428,,,0,,,1782064854,SHORT,0.38,1782075624,,,,,0,,,,btc-updown-5m-1782075600,,,trades.db,early_reversion_v2_trades,-0.010000000000000009,NO_C,BTC,1782075624,,,,5.439034694934428,,,0
,BTC,True,Asia,0.34,0.37,9.989999999997963,0.34,1782076216,btc-updown-5m-1782076200,,NO,early_reversion_v2_trades,-0.02999999999999997,-10.0,NO_C,0.03,0.01,10.020842723486743,37.355100973627756,56.270169344197264,1782076216,279,279,279,hist:er_v2,,,SHORT,0.34,,,,,0,,,,,,-0.02999999999999997,BTC,1782076216,,,,56.270169344197264,,,0,,,1782065446,SHORT,0.34,1782076216,,,,,0,,,,btc-updown-5m-1782076200,,,trades.db,early_reversion_v2_trades,-0.02999999999999997,NO_C,BTC,1782076216,,,,56.270169344197264,,,0
,BTC,True,Asia,0.39,0.4,26.68000000000029,0.39,1782076508,btc-updown-5m-1782076500,,NO,early_reversion_v2_trades,-0.010000000000000009,-10.0,NO_C,0.03,0.01,9.592737994036165,15.061111323722624,16.656901092132323,1782076508,280,280,280,hist:er_v2,,,SHORT,0.39,,,,,0,,,,,,-0.010000000000000009,BTC,1782076508,,,,16.656901092132323,,,0,,,1782065738,SHORT,0.39,1782076508,,,,,0,,,,btc-updown-5m-1782076500,,,trades.db,early_reversion_v2_trades,-0.010000000000000009,NO_C,BTC,1782076508,,,,16.656901092132323,,,0
,BTC,True,Asia,0.4,0.41,8.0,0.4,1782076814,btc-updown-5m-1782076800,,NO,early_reversion_v2_trades,-0.009999999999999953,-10.0,NO_C,0.03,0.01,6.697264781651411,6.178847429378927,9.973435708656691,1782076814,281,281,281,hist:er_v2,,,SHORT,0.4,,,,,0,,,,,,-0.009999999999999953,BTC,1782076814,,,,9.973435708656691,,,0,,,1782066045,SHORT,0.4,1782076814,,,,,0,,,,btc-updown-5m-1782076800,,,trades.db,early_reversion_v2_trades,-0.009999999999999953,NO_C,BTC,1782076814,,,,9.973435708656691,,,0
,BTC,True,Asia,0.31,0.36,29.830000000001746,0.31,1782077108,btc-updown-5m-1782077100,,YES,early_reversion_v2_trades,-0.04999999999999999,-10.0,YES_B,0.03,0.01,9.74111004968161,7.073853803895964,12.665628663434022,1782077108,282,282,282,hist:er_v2,,,LONG,0.31,,,,,0,,,,,,-0.04999999999999999,BTC,1782077108,,,,12.665628663434022,,,0,,,1782066340,LONG,0.31,1782077108,,,,,0,,,,btc-updown-5m-1782077100,,,trades.db,early_reversion_v2_trades,-0.04999999999999999,YES_B,BTC,1782077108,,,,12.665628663434022,,,0
,BTC,True,Asia,0.39,0.4,25.409999999996217,0.39,1782077413,btc-updown-5m-1782077400,,NO,early_reversion_v2_trades,-0.010000000000000009,-10.0,NO_C,0.03,0.01,10.600928680492478,12.123468023758456,13.431699175886102,1782077413,283,283,283,hist:er_v2,,,SHORT,0.39,,,,,0,,,,,,-0.010000000000000009,BTC,1782077413,,,,13.431699175886102,,,0,,,1782066643,SHORT,0.39,1782077413,,,,,0,,,,btc-updown-5m-1782077400,,,trades.db,early_reversion_v2_trades,-0.010000000000000009,NO_C,BTC,1782077413,,,,13.431699175886102,,,0
,BTC,True,Asia,0.34,0.35,33.49000000000524,0.34,1782078024,btc-updown-5m-1782078000,,YES,early_reversion_v2_trades,-0.009999999999999953,-10.0,YES_B,0.03,0.01,6.640601767667358,9.376592245739923,15.065090771221648,1782078024,284,284,284,hist:er_v2,,,LONG,0.34,,,,,0,,,,,,-0.009999999999999953,BTC,1782078024,,,,15.065090771221648,,,0,,,1782067255,LONG,0.34,1782078024,,,,,0,,,,btc-updown-5m-1782078000,,,trades.db,early_reversion_v2_trades,-0.009999999999999953,YES_B,BTC,1782078024,,,,15.065090771221648,,,0
,BTC,True,Asia,0.28,0.32,31.839999999996508,0.28,1782078328,btc-updown-5m-1782078300,,YES,early_reversion_v2_trades,-0.03999999999999998,-10.0,YES_B,0.03,0.01,8.542762780176398,9.336164905780215,8.563741094781854,1782078328,285,285,285,hist:er_v2,,,LONG,0.28,,,,,0,,,,,,-0.03999999999999998,BTC,1782078328,,,,8.563741094781854,,,0,,,1782067559,LONG,0.28,1782078328,,,,,0,,,,btc-updown-5m-1782078300,,,trades.db,early_reversion_v2_trades,-0.03999999999999998,YES_B,BTC,1782078328,,,,8.563741094781854,,,0
,BTC,True,Asia,0.32,0.33,35.98999999999796,0.32,1782078622,btc-updown-5m-1782078600,,YES,early_reversion_v2_trades,-0.010000000000000009,-10.0,YES_B,0.03,0.01,12.23945460302743,11.754111454919295,12.603637289647812,1782078622,286,286,286,hist:er_v2,,,LONG,0.32,,,,,0,,,,,,-0.010000000000000009,BTC,1782078622,,,,12.603637289647812,,,0,,,1782067852,LONG,0.32,1782078622,,,,,0,,,,btc-updown-5m-1782078600,,,trades.db,early_reversion_v2_trades,-0.010000000000000009,YES_B,BTC,1782078622,,,,12.603637289647812,,,0
,BTC,True,Asia,0.23,0.34,74.0,0.23,1782079202,btc-updown-5m-1782079200,,YES,early_reversion_v2_trades,-0.11000000000000001,-10.0,YES_B,0.03,0.01,27.407457721859533,23.79583355704396,18.442144152261168,1782079202,287,287,287,hist:er_v2,,,LONG,0.23,,,,,1,,,,,,-0.11000000000000001,BTC,1782079202,,,,18.442144152261168,,,0,,,1782068433,LONG,0.23,1782079202,,,,,1,,,,btc-updown-5m-1782079200,,,trades.db,early_reversion_v2_trades,-0.11000000000000001,YES_B,BTC,1782079202,,,,18.442144152261168,,,0
,BTC,True,Asia,0.39,0.4,33.80999999999767,0.39,1782079508,btc-updown-5m-1782079500,,NO,early_reversion_v2_trades,-0.010000000000000009,-10.0,NO_C,0.03,0.01,12.124045896023466,9.131376729290333,17.04416720875583,1782079508,288,288,288,hist:er_v2,,,SHORT,0.39,,,,,1,,,,,,-0.010000000000000009,BTC,1782079508,,,,17.04416720875583,,,0,,,1782068751,SHORT,0.39,1782079508,,,,,1,,,,btc-updown-5m-1782079500,,,trades.db,early_reversion_v2_trades,-0.010000000000000009,NO_C,BTC,1782079508,,,,17.04416720875583,,,0
,BTC,True,Asia,0.4,0.41,20.0,0.4,1782079813,btc-updown-5m-1782079800,,NO,early_reversion_v2_trades,-0.009999999999999953,-10.0,NO_C,0.03,0.01,7.5196081096327285,13.60590021682066,10.825045404062228,1782079813,289,289,289,hist:er_v2,,,SHORT,0.4,,,,,1,,,,,,-0.009999999999999953,BTC,1782079813,,,,10.825045404062228,,,0,,,1782069045,SHORT,0.4,1782079813,,,,,1,,,,btc-updown-5m-1782079800,,,trades.db,early_reversion_v2_trades,-0.009999999999999953,NO_C,BTC,1782079813,,,,10.825045404062228,,,0
,BTC,True,Asia,0.32,0.33,37.150000000001455,0.32,1782080414,btc-updown-5m-1782080400,,YES,early_reversion_v2_trades,-0.010000000000000009,-10.0,YES_B,0.03,0.01,9.651240708956868,17.574828355234654,13.994600307260907,1782080414,290,290,290,hist:er_v2,,,LONG,0.32,,,,,1,,,,,,-0.010000000000000009,BTC,1782080414,,,,13.994600307260907,,,0,,,1782069645,LONG,0.32,1782080414,,,,,1,,,,btc-updown-5m-1782080400,,,trades.db,early_reversion_v2_trades,-0.010000000000000009,YES_B,BTC,1782080414,,,,13.994600307260907,,,0
,BTC,True,Asia,0.32,0.33,27.989999999997963,0.32,1782081006,btc-updown-5m-1782081000,,YES,early_reversion_v2_trades,-0.010000000000000009,-10.0,YES_B,0.03,0.01,8.37898561879659,13.320948222197456,11.97324860881636,1782081006,291,291,291,hist:er_v2,,,LONG,0.32,,,,,1,,,,,,-0.010000000000000009,BTC,1782081006,,,,11.97324860881636,,,0,,,1782070236,LONG,0.32,1782081006,,,,,1,,,,btc-updown-5m-1782081000,,,trades.db,early_reversion_v2_trades,-0.010000000000000009,YES_B,BTC,1782081006,,,,11.97324860881636,,,0
,BTC,True,Asia,0.36,0.37,17.989999999997963,0.36,1782081306,btc-updown-5m-1782081300,,NO,early_reversion_v2_trades,-0.010000000000000009,-10.0,NO_C,0.03,0.01,6.67104923975005,12.756920490783004,18.784325814260814,1782081306,292,292,292,hist:er_v2,,,SHORT,0.36,,,,,1,,,,,,-0.010000000000000009,BTC,1782081306,,,,18.784325814260814,,,0,,,1782070536,SHORT,0.36,1782081306,,,,,1,,,,btc-updown-5m-1782081300,,,trades.db,early_reversion_v2_trades,-0.010000000000000009,NO_C,BTC,1782081306,,,,18.784325814260814,,,0
,BTC,True,Asia,0.33,0.34,26.05000000000291,0.33,1782081607,btc-updown-5m-1782081600,,YES,early_reversion_v2_trades,-0.010000000000000009,-10.0,YES_B,0.03,0.01,7.654222509324012,8.66950078072429,7.397590334120754,1782081607,293,293,293,hist:er_v2,,,LONG,0.33,,,,,1,,,,,,-0.010000000000000009,BTC,1782081607,,,,7.397590334120754,,,0,,,1782070859,LONG,0.33,1782081607,,,,,1,,,,btc-updown-5m-1782081600,,,trades.db,early_reversion_v2_trades,-0.010000000000000009,YES_B,BTC,1782081607,,,,7.397590334120754,,,0
,BTC,True,Asia,0.37,0.38,14.25,0.37,1782081919,btc-updown-5m-1782081900,,NO,early_reversion_v2_trades,-0.010000000000000009,-10.0,NO_C,0.03,0.01,8.160873052534043,6.078726314735716,4.310376773437643,1782081919,294,294,294,hist:er_v2,,,SHORT,0.37,,,,,1,,,,,,-0.010000000000000009,BTC,1782081919,,,,4.310376773437643,,,0,,,1782071149,SHORT,0.37,1782081919,,,,,1,,,,btc-updown-5m-1782081900,,,trades.db,early_reversion_v2_trades,-0.010000000000000009,NO_C,BTC,1782081919,,,,4.310376773437643,,,0
,BTC,True,Asia,0.4,0.41,7.989999999997963,0.4,1782082223,btc-updown-5m-1782082200,,NO,early_reversion_v2_trades,-0.009999999999999953,-10.0,NO_C,0.03,0.01,2.3077739075046497,3.426730979680636,7.3954486111389635,1782082223,295,295,295,hist:er_v2,,,SHORT,0.4,,,,,1,,,,,,-0.009999999999999953,BTC,1782082223,,,,7.3954486111389635,,,0,,,1782071453,SHORT,0.4,1782082223,,,,,1,,,,btc-updown-5m-1782082200,,,trades.db,early_reversion_v2_trades,-0.009999999999999953,NO_C,BTC,1782082223,,,,7.3954486111389635,,,0
,BTC,True,Asia,0.35,0.36,26.669999999998254,0.35,1782082507,btc-updown-5m-1782082500,,NO,early_reversion_v2_trades,-0.010000000000000009,-10.0,NO_C,0.03,0.01,10.068693853641745,15.616970817503628,13.790945168444031,1782082507,296,296,296,hist:er_v2,,,SHORT,0.35,,,,,1,,,,,,-0.010000000000000009,BTC,1782082507,,,,13.790945168444031,,,0,,,1782071737,SHORT,0.35,1782082507,,,,,1,,,,btc-updown-5m-1782082500,,,trades.db,early_reversion_v2_trades,-0.010000000000000009,NO_C,BTC,1782082507,,,,13.790945168444031,,,0
,BTC,True,Asia,0.3,0.31,22.369999999995343,0.3,1782082806,btc-updown-5m-1782082800,,YES,early_reversion_v2_trades,-0.010000000000000009,-10.0,YES_B,0.03,0.01,7.983831876269363,6.284410033362827,4.734173634330198,1782082806,297,297,297,hist:er_v2,,,LONG,0.3,,,,,2,,,,,,-0.010000000000000009,BTC,1782082806,,,,4.734173634330198,,,0,,,1782072037,LONG,0.3,1782082806,,,,,2,,,,btc-updown-5m-1782082800,,,trades.db,early_reversion_v2_trades,-0.010000000000000009,YES_B,BTC,1782082806,,,,4.734173634330198,,,0
,BTC,True,Asia,0.31,0.32,30.489999999997963,0.31,1782083422,btc-updown-5m-1782083400,,YES,early_reversion_v2_trades,-0.010000000000000009,-10.0,YES_B,0.03,0.01,14.090073941377376,12.322341385557653,12.323660923606104,1782083422,298,298,298,hist:er_v2,,,LONG,0.31,,,,,2,,,,,,-0.010000000000000009,BTC,1782083422,,,,12.323660923606104,,,0,,,1782072653,LONG,0.31,1782083422,,,,,2,,,,btc-updown-5m-1782083400,,,trades.db,early_reversion_v2_trades,-0.010000000000000009,YES_B,BTC,1782083422,,,,12.323660923606104,,,0
,BTC,True,Asia,0.38,0.39,25.779999999998836,0.38,1782083708,btc-updown-5m-1782083700,,NO,early_reversion_v2_trades,-0.010000000000000009,-10.0,NO_C,0.03,0.01,9.423378139263408,7.843363436689372,8.121788553364118,1782083708,299,299,299,hist:er_v2,,,SHORT,0.38,,,,,2,,,,,,-0.010000000000000009,BTC,1782083708,,,,8.121788553364118,,,0,,,1782072938,SHORT,0.38,1782083708,,,,,2,,,,btc-updown-5m-1782083700,,,trades.db,early_reversion_v2_trades,-0.010000000000000009,NO_C,BTC,1782083708,,,,8.121788553364118,,,0
,BTC,True,Asia,0.38,0.39,9.989999999997963,0.38,1782084025,btc-updown-5m-1782084000,,NO,early_reversion_v2_trades,-0.010000000000000009,-10.0,NO_C,0.03,0.01,3.915973567273838,3.409167765315315,6.031115423735909,1782084025,300,300,300,hist:er_v2,,,SHORT,0.38,,,,,2,,,,,,-0.010000000000000009,BTC,1782084025,,,,6.031115423735909,,,0,,,1782073256,SHORT,0.38,1782084025,,,,,2,,,,btc-updown-5m-1782084000,,,trades.db,early_reversion_v2_trades,-0.010000000000000009,NO_C,BTC,1782084025,,,,6.031115423735909,,,0
,BTC,True,Asia,0.38,0.39,5.970000000001164,0.38,1782084319,btc-updown-5m-1782084300,,NO,early_reversion_v2_trades,-0.010000000000000009,-10.0,NO_C,0.03,0.01,2.4805002787052097,5.343200733909454,6.240224556440612,1782084319,301,301,301,hist:er_v2,,,SHORT,0.38,,,,,2,,,,,,-0.010000000000000009,BTC,1782084319,,,,6.240224556440612,,,0,,,1782073597,SHORT,0.38,1782084319,,,,,2,,,,btc-updown-5m-1782084300,,,trades.db,early_reversion_v2_trades,-0.010000000000000009,NO_C,BTC,1782084319,,,,6.240224556440612,,,0
,BTC,True,Asia,0.39,0.4,10.360000000000582,0.39,1782084611,btc-updown-5m-1782084600,,NO,early_reversion_v2_trades,-0.010000000000000009,-10.0,NO_C,0.03,0.01,6.497124324637642,6.0613333624029755,10.162066551525516,1782084611,302,302,302,hist:er_v2,,,SHORT,0.39,,,,,2,,,,,,-0.010000000000000009,BTC,1782084611,,,,10.162066551525516,,,0,,,1782073848,SHORT,0.39,1782084611,,,,,2,,,,btc-updown-5m-1782084600,,,trades.db,early_reversion_v2_trades,-0.010000000000000009,NO_C,BTC,1782084611,,,,10.162066551525516,,,0
,BTC,True,Asia,0.39,0.4,9.75,0.39,1782084902,btc-updown-5m-1782084900,,NO,early_reversion_v2_trades,-0.010000000000000009,-10.0,NO_C,0.03,0.01,6.812723091272709,10.764056874996497,23.758077456824225,1782084902,303,303,303,hist:er_v2,,,SHORT,0.39,,,,,2,,,,,,-0.010000000000000009,BTC,1782084902,,,,23.758077456824225,,,0,,,1782074145,SHORT,0.39,1782084902,,,,,2,,,,btc-updown-5m-1782084900,,,trades.db,early_reversion_v2_trades,-0.010000000000000009,NO_C,BTC,1782084902,,,,23.758077456824225,,,0
,BTC,True,Asia,0.35,0.36,37.979999999995925,0.35,1782085207,btc-updown-5m-1782085200,,YES,early_reversion_v2_trades,-0.010000000000000009,-10.0,YES_B,0.03,0.01,18.41605406220822,14.128567099462334,12.432533647628008,1782085207,304,304,304,hist:er_v2,,,LONG,0.35,,,,,2,,,,,,-0.010000000000000009,BTC,1782085207,,,,12.432533647628008,,,0,,,1782074437,LONG,0.35,1782085207,,,,,2,,,,btc-updown-5m-1782085200,,,trades.db,early_reversion_v2_trades,-0.010000000000000009,YES_B,BTC,1782085207,,,,12.432533647628008,,,0
,BTC,True,Asia,0.35,0.36,26.25,0.35,1782085503,btc-updown-5m-1782085500,,NO,early_reversion_v2_trades,-0.010000000000000009,-10.0,NO_C,0.03,0.01,13.642963285966095,11.020474001703086,21.55505219543522,1782085503,305,305,305,hist:er_v2,,,SHORT,0.35,,,,,2,,,,,,-0.010000000000000009,BTC,1782085503,,,,21.55505219543522,,,0,,,1782074750,SHORT,0.35,1782085503,,,,,2,,,,btc-updown-5m-1782085500,,,trades.db,early_reversion_v2_trades,-0.010000000000000009,NO_C,BTC,1782085503,,,,21.55505219543522,,,0
,BTC,True,Asia,0.38,0.39,18.989999999997963,0.38,1782085807,btc-updown-5m-1782085800,,NO,early_reversion_v2_trades,-0.010000000000000009,-10.0,NO_C,0.03,0.01,6.918095635521681,6.156158411747937,11.191882386844519,1782085807,306,306,306,hist:er_v2,,,SHORT,0.38,,,,,2,,,,,,-0.010000000000000009,BTC,1782085807,,,,11.191882386844519,,,0,,,1782075037,SHORT,0.38,1782085807,,,,,2,,,,btc-updown-5m-1782085800,,,trades.db,early_reversion_v2_trades,-0.010000000000000009,NO_C,BTC,1782085807,,,,11.191882386844519,,,0
,BTC,True,Asia,0.38,0.39,23.989999999997963,0.38,1782086408,btc-updown-5m-1782086400,,NO,early_reversion_v2_trades,-0.010000000000000009,-10.0,NO_C,0.03,0.01,12.489870135432424,11.88994883644599,8.93651027930953,1782086408,307,307,307,hist:er_v2,,,SHORT,0.38,,,,,3,,,,,,-0.010000000000000009,BTC,1782086408,,,,8.93651027930953,,,0,,,1782075638,SHORT,0.38,1782086408,,,,,3,,,,btc-updown-5m-1782086400,,,trades.db,early_reversion_v2_trades,-0.010000000000000009,NO_C,BTC,1782086408,,,,8.93651027930953,,,0
,BTC,True,Asia,0.38,0.4,19.05999999999767,0.38,1782086710,btc-updown-5m-1782086700,,NO,early_reversion_v2_trades,-0.020000000000000018,-10.0,NO_C,0.03,0.01,6.811419333246258,12.095461614450837,15.096397743381758,1782086710,308,308,308,hist:er_v2,,,SHORT,0.38,,,,,3,,,,,,-0.020000000000000018,BTC,1782086710,,,,15.096397743381758,,,0,,,1782075940,SHORT,0.38,1782086710,,,,,3,,,,btc-updown-5m-1782086700,,,trades.db,early_reversion_v2_trades,-0.020000000000000018,NO_C,BTC,1782086710,,,,15.096397743381758,,,0
,BTC,True,Asia,0.4,0.41,16.94999999999709,0.4,1782087012,btc-updown-5m-1782087000,,NO,early_reversion_v2_trades,-0.009999999999999953,-10.0,NO_C,0.03,0.01,11.19296567293683,22.22087024750006,25.331862727221157,1782087012,309,309,309,hist:er_v2,,,SHORT,0.4,,,,,3,,,,,,-0.009999999999999953,BTC,1782087012,,,,25.331862727221157,,,0,,,1782076254,SHORT,0.4,1782087012,,,,,3,,,,btc-updown-5m-1782087000,,,trades.db,early_reversion_v2_trades,-0.009999999999999953,NO_C,BTC,1782087012,,,,25.331862727221157,,,0
,BTC,True,Asia,0.33,0.35,34.84000000000378,0.33,1782087028,btc-updown-5m-1782087000,,YES,early_reversion_v2_trades,-0.019999999999999962,-10.0,YES_B,0.03,0.01,15.282283326567931,15.935705991382552,21.893861613050152,1782087028,310,310,310,hist:er_v2,,,LONG,0.33,,,,,3,,,,,,-0.019999999999999962,BTC,1782087028,,,,21.893861613050152,,,0,,,1782076258,LONG,0.33,1782087028,,,,,3,,,,btc-updown-5m-1782087000,,,trades.db,early_reversion_v2_trades,-0.019999999999999962,YES_B,BTC,1782087028,,,,21.893861613050152,,,0
,BTC,True,Asia,0.4,0.44,0.4400000000023283,0.4,1782087322,btc-updown-5m-1782087300,,NO,early_reversion_v2_trades,-0.03999999999999998,-10.0,NO_C,0.03,0.01,0.6276259122384917,3.2871059940808456,3.3018973636792244,1782087322,311,311,311,hist:er_v2,,,SHORT,0.4,,,,,3,,,,,,-0.03999999999999998,BTC,1782087322,,,,3.3018973636792244,,,0,,,1782076555,SHORT,0.4,1782087322,,,,,3,,,,btc-updown-5m-1782087300,,,trades.db,early_reversion_v2_trades,-0.03999999999999998,NO_C,BTC,1782087322,,,,3.3018973636792244,,,0
,BTC,True,Asia,0.34,0.36,18.93000000000029,0.34,1782087907,btc-updown-5m-1782087900,,YES,early_reversion_v2_trades,-0.019999999999999962,-10.0,YES_B,0.03,0.01,7.238572027685781,8.307452275735354,18.606159336002197,1782087907,312,312,312,hist:er_v2,,,LONG,0.34,,,,,3,,,,,,-0.019999999999999962,BTC,1782087907,,,,18.606159336002197,,,0,,,1782077137,LONG,0.34,1782087907,,,,,3,,,,btc-updown-5m-1782087900,,,trades.db,early_reversion_v2_trades,-0.019999999999999962,YES_B,BTC,1782087907,,,,18.606159336002197,,,0
,BTC,True,Asia,0.36,0.37,22.939999999995052,0.36,1782088204,btc-updown-5m-1782088200,,NO,early_reversion_v2_trades,-0.010000000000000009,-10.0,NO_C,0.03,0.01,9.959732805200298,13.028187283936594,15.241860982185694,1782088204,313,313,313,hist:er_v2,,,SHORT,0.36,,,,,3,,,,,,-0.010000000000000009,BTC,1782088204,,,,15.241860982185694,,,0,,,1782077434,SHORT,0.36,1782088204,,,,,3,,,,btc-updown-5m-1782088200,,,trades.db,early_reversion_v2_trades,-0.010000000000000009,NO_C,BTC,1782088204,,,,15.241860982185694,,,0
,BTC,True,Asia,0.32,0.36,21.970000000001164,0.32,1782088506,btc-updown-5m-1782088500,,NO,early_reversion_v2_trades,-0.03999999999999998,-10.0,NO_C,0.03,0.01,7.901495337683955,11.853891141903404,12.616669498943024,1782088506,314,314,314,hist:er_v2,,,SHORT,0.32,,,,,3,,,,,,-0.03999999999999998,BTC,1782088506,,,,12.616669498943024,,,0,,,1782077736,SHORT,0.32,1782088506,,,,,3,,,,btc-updown-5m-1782088500,,,trades.db,early_reversion_v2_trades,-0.03999999999999998,NO_C,BTC,1782088506,,,,12.616669498943024,,,0
,BTC,True,Asia,0.35,0.36,24.12000000000262,0.35,1782088810,btc-updown-5m-1782088800,,YES,early_reversion_v2_trades,-0.010000000000000009,-10.0,YES_B,0.03,0.01,8.726963484894268,12.311080783553061,15.109361126104888,1782088810,315,315,315,hist:er_v2,,,LONG,0.35,,,,,3,,,,,,-0.010000000000000009,BTC,1782088810,,,,15.109361126104888,,,0,,,1782078041,LONG,0.35,1782088810,,,,,3,,,,btc-updown-5m-1782088800,,,trades.db,early_reversion_v2_trades,-0.010000000000000009,YES_B,BTC,1782088810,,,,15.109361126104888,,,0
,BTC,True,Asia,0.32,0.33,26.0,0.32,1782089414,btc-updown-5m-1782089400,,YES,early_reversion_v2_trades,-0.010000000000000009,-10.0,YES_B,0.03,0.01,8.795454763102944,8.23251024002208,6.723410493836625,1782089414,316,316,316,hist:er_v2,,,LONG,0.32,,,,,3,,,,,,-0.010000000000000009,BTC,1782089414,,,,6.723410493836625,,,0,,,1782078644,LONG,0.32,1782089414,,,,,3,,,,btc-updown-5m-1782089400,,,trades.db,early_reversion_v2_trades,-0.010000000000000009,YES_B,BTC,1782089414,,,,6.723410493836625,,,0
,BTC,True,Asia,0.37,0.41,17.589999999996508,0.37,1782090007,btc-updown-5m-1782090000,,NO,early_reversion_v2_trades,-0.03999999999999998,-10.0,NO_C,0.03,0.01,7.924818434651347,6.066566104934668,21.758487028284037,1782090007,317,317,317,hist:er_v2,,,SHORT,0.37,,,,,4,,,,,,-0.03999999999999998,BTC,1782090007,,,,21.758487028284037,,,0,,,1782079240,SHORT,0.37,1782090007,,,,,4,,,,btc-updown-5m-1782090000,,,trades.db,early_reversion_v2_trades,-0.03999999999999998,NO_C,BTC,1782090007,,,,21.758487028284037,,,0
,BTC,True,Asia,0.37,0.38,14.440000000002328,0.37,1782090910,btc-updown-5m-1782090900,,NO,early_reversion_v2_trades,-0.010000000000000009,-10.0,NO_C,0.03,0.01,15.072992403633922,13.222425231177986,13.522341326147144,1782090910,318,318,318,hist:er_v2,,,SHORT,0.37,,,,,4,,,,,,-0.010000000000000009,BTC,1782090910,,,,13.522341326147144,,,0,,,1782080141,SHORT,0.37,1782090910,,,,,4,,,,btc-updown-5m-1782090900,,,trades.db,early_reversion_v2_trades,-0.010000000000000009,NO_C,BTC,1782090910,,,,13.522341326147144,,,0
,BTC,True,Asia,0.37,0.38,40.83999999999651,0.37,1782091212,btc-updown-5m-1782091200,,NO,early_reversion_v2_trades,-0.010000000000000009,-10.0,NO_C,0.03,0.01,14.617548529078581,12.028762079272864,16.690373217399223,1782091212,319,319,319,hist:er_v2,,,SHORT,0.37,,,,,4,,,,,,-0.010000000000000009,BTC,1782091212,,,,16.690373217399223,,,0,,,1782080442,SHORT,0.37,1782091212,,,,,4,,,,btc-updown-5m-1782091200,,,trades.db,early_reversion_v2_trades,-0.010000000000000009,NO_C,BTC,1782091212,,,,16.690373217399223,,,0
,BTC,True,Asia,0.36,0.37,69.98999999999796,0.36,1782091505,btc-updown-5m-1782091500,,NO,early_reversion_v2_trades,-0.010000000000000009,-10.0,NO_C,0.03,0.01,32.05378504950734,27.065972873763307,29.992531914790874,1782091505,320,320,320,hist:er_v2,,,SHORT,0.36,,,,,4,,,,,,-0.010000000000000009,BTC,1782091505,,,,29.992531914790874,,,0,,,1782080736,SHORT,0.36,1782091505,,,,,4,,,,btc-updown-5m-1782091500,,,trades.db,early_reversion_v2_trades,-0.010000000000000009,NO_C,BTC,1782091505,,,,29.992531914790874,,,0
,BTC,True,Asia,0.4,0.41,21.19999999999709,0.4,1782091807,btc-updown-5m-1782091800,,NO,early_reversion_v2_trades,-0.009999999999999953,-10.0,NO_C,0.03,0.01,11.111898847631586,27.61204548743257,25.495542313957273,1782091807,321,321,321,hist:er_v2,,,SHORT,0.4,,,,,4,,,,,,-0.009999999999999953,BTC,1782091807,,,,25.495542313957273,,,0,,,1782081037,SHORT,0.4,1782091807,,,,,4,,,,btc-updown-5m-1782091800,,,trades.db,early_reversion_v2_trades,-0.009999999999999953,NO_C,BTC,1782091807,,,,25.495542313957273,,,0
,BTC,True,Asia,0.4,0.41,28.0,0.4,1782092109,btc-updown-5m-1782092100,,NO,early_reversion_v2_trades,-0.009999999999999953,-10.0,NO_C,0.03,0.01,9.113882660142623,7.670278147752901,21.182112889114354,1782092109,322,322,322,hist:er_v2,,,SHORT,0.4,,,,,4,,,,,,-0.009999999999999953,BTC,1782092109,,,,21.182112889114354,,,0,,,1782081350,SHORT,0.4,1782092109,,,,,4,,,,btc-updown-5m-1782092100,,,trades.db,early_reversion_v2_trades,-0.009999999999999953,NO_C,BTC,1782092109,,,,21.182112889114354,,,0
,BTC,True,Asia,0.38,0.39,31.06999999999971,0.38,1782092419,btc-updown-5m-1782092400,,NO,early_reversion_v2_trades,-0.010000000000000009,-10.0,NO_C,0.03,0.01,10.909326098267798,9.114169539267879,11.565088264253868,1782092419,323,323,323,hist:er_v2,,,SHORT,0.38,,,,,4,,,,,,-0.010000000000000009,BTC,1782092419,,,,11.565088264253868,,,0,,,1782081649,SHORT,0.38,1782092419,,,,,4,,,,btc-updown-5m-1782092400,,,trades.db,early_reversion_v2_trades,-0.010000000000000009,NO_C,BTC,1782092419,,,,11.565088264253868,,,0
,BTC,True,Asia,0.29,0.3,38.979999999995925,0.29,1782092712,btc-updown-5m-1782092700,,NO,early_reversion_v2_trades,-0.010000000000000009,-10.0,NO_C,0.03,0.01,12.013616811305068,9.622621276797549,15.292112392995048,1782092712,324,324,324,hist:er_v2,,,SHORT,0.29,,,,,4,,,,,,-0.010000000000000009,BTC,1782092712,,,,15.292112392995048,,,0,,,1782081949,SHORT,0.29,1782092712,,,,,4,,,,btc-updown-5m-1782092700,,,trades.db,early_reversion_v2_trades,-0.010000000000000009,NO_C,BTC,1782092712,,,,15.292112392995048,,,0
,BTC,True,Asia,0.4,0.41,11.010000000002037,0.4,1782093024,btc-updown-5m-1782093000,,NO,early_reversion_v2_trades,-0.009999999999999953,-10.0,NO_C,0.03,0.01,7.270039159986451,9.760182726972664,29.947603160506592,1782093024,325,325,325,hist:er_v2,,,SHORT,0.4,,,,,4,,,,,,-0.009999999999999953,BTC,1782093024,,,,29.947603160506592,,,0,,,1782082254,SHORT,0.4,1782093024,,,,,4,,,,btc-updown-5m-1782093000,,,trades.db,early_reversion_v2_trades,-0.009999999999999953,NO_C,BTC,1782093024,,,,29.947603160506592,,,0
,BTC,True,Asia,0.34,0.35,55.98999999999796,0.34,1782093607,btc-updown-5m-1782093600,,NO,early_reversion_v2_trades,-0.009999999999999953,-10.0,NO_C,0.03,0.01,18.915223973275083,19.206103812815,36.40320851162445,1782093607,326,326,326,hist:er_v2,,,SHORT,0.34,,,,,5,,,,,,-0.009999999999999953,BTC,1782093607,,,,36.40320851162445,,,0,,,1782082837,SHORT,0.34,1782093607,,,,,5,,,,btc-updown-5m-1782093600,,,trades.db,early_reversion_v2_trades,-0.009999999999999953,NO_C,BTC,1782093607,,,,36.40320851162445,,,0
,BTC,True,Asia,0.35,0.36,26.0,0.35,1782094507,btc-updown-5m-1782094500,,YES,early_reversion_v2_trades,-0.010000000000000009,-10.0,YES_B,0.03,0.01,20.35953599968466,17.36117930169375,15.067176663862023,1782094507,327,327,327,hist:er_v2,,,LONG,0.35,,,,,5,,,,,,-0.010000000000000009,BTC,1782094507,,,,15.067176663862023,,,0,,,1782083739,LONG,0.35,1782094507,,,,,5,,,,btc-updown-5m-1782094500,,,trades.db,early_reversion_v2_trades,-0.010000000000000009,YES_B,BTC,1782094507,,,,15.067176663862023,,,0
,BTC,True,Asia,0.32,0.35,20.75,0.32,1782094823,btc-updown-5m-1782094800,,YES,early_reversion_v2_trades,-0.02999999999999997,-10.0,YES_B,0.03,0.01,6.340391845145285,12.682603749618753,17.1683660391909,1782094823,328,328,328,hist:er_v2,,,LONG,0.32,,,,,5,,,,,,-0.02999999999999997,BTC,1782094823,,,,17.1683660391909,,,0,,,1782084053,LONG,0.32,1782094823,,,,,5,,,,btc-updown-5m-1782094800,,,trades.db,early_reversion_v2_trades,-0.02999999999999997,YES_B,BTC,1782094823,,,,17.1683660391909,,,0
,BTC,True,Asia,0.4,0.43,3.4200000000055297,0.4,1782095106,btc-updown-5m-1782095100,,NO,early_reversion_v2_trades,-0.02999999999999997,-10.0,NO_C,0.03,0.01,3.055902285008423,3.3914566282401055,4.664709407305043,1782095106,329,329,329,hist:er_v2,,,SHORT,0.4,,,,,5,,,,,,-0.02999999999999997,BTC,1782095106,,,,4.664709407305043,,,0,,,1782084338,SHORT,0.4,1782095106,,,,,5,,,,btc-updown-5m-1782095100,,,trades.db,early_reversion_v2_trades,-0.02999999999999997,NO_C,BTC,1782095106,,,,4.664709407305043,,,0
,BTC,True,Asia,0.35,0.36,18.0,0.35,1782095727,btc-updown-5m-1782095700,,YES,early_reversion_v2_trades,-0.010000000000000009,-10.0,YES_B,0.03,0.01,5.080283617343537,9.664970544253608,10.15300673249358,1782095727,330,330,330,hist:er_v2,,,LONG,0.35,,,,,5,,,,,,-0.010000000000000009,BTC,1782095727,,,,10.15300673249358,,,0,,,1782084957,LONG,0.35,1782095727,,,,,5,,,,btc-updown-5m-1782095700,,,trades.db,early_reversion_v2_trades,-0.010000000000000009,YES_B,BTC,1782095727,,,,10.15300673249358,,,0
,BTC,True,Asia,0.4,0.41,4.959999999999127,0.4,1782096018,btc-updown-5m-1782096000,,NO,early_reversion_v2_trades,-0.009999999999999953,-10.0,NO_C,0.03,0.01,3.2250435845808907,4.7755568112153295,9.83493784775131,1782096018,331,331,331,hist:er_v2,,,SHORT,0.4,,,,,5,,,,,,-0.009999999999999953,BTC,1782096018,,,,9.83493784775131,,,0,,,1782085248,SHORT,0.4,1782096018,,,,,5,,,,btc-updown-5m-1782096000,,,trades.db,early_reversion_v2_trades,-0.009999999999999953,NO_C,BTC,1782096018,,,,9.83493784775131,,,0
,BTC,True,Asia,0.28,0.29,31.839999999996508,0.28,1782096623,btc-updown-5m-1782096600,,YES,early_reversion_v2_trades,-0.009999999999999953,-10.0,YES_B,0.03,0.01,11.426349069637299,9.465886430606933,7.869679399197111,1782096623,332,332,332,hist:er_v2,,,LONG,0.28,,,,,5,,,,,,-0.009999999999999953,BTC,1782096623,,,,7.869679399197111,,,0,,,1782085853,LONG,0.28,1782096623,,,,,5,,,,btc-updown-5m-1782096600,,,trades.db,early_reversion_v2_trades,-0.009999999999999953,YES_B,BTC,1782096623,,,,7.869679399197111,,,0
,BTC,True,Asia,0.36,0.41,10.0,0.36,1782096917,btc-updown-5m-1782096900,,NO,early_reversion_v2_trades,-0.04999999999999999,-10.0,NO_C,0.03,0.01,7.202894259551382,8.031602640335004,9.877921773328499,1782096917,333,333,333,hist:er_v2,,,SHORT,0.36,,,,,5,,,,,,-0.04999999999999999,BTC,1782096917,,,,9.877921773328499,,,0,,,1782086147,SHORT,0.36,1782096917,,,,,5,,,,btc-updown-5m-1782096900,,,trades.db,early_reversion_v2_trades,-0.04999999999999999,NO_C,BTC,1782096917,,,,9.877921773328499,,,0
,BTC,True,Asia,0.35,0.36,21.989999999997963,0.35,1782097222,btc-updown-5m-1782097200,,YES,early_reversion_v2_trades,-0.010000000000000009,-10.0,YES_B,0.03,0.01,8.82582874642548,7.741175980143663,10.383375297079946,1782097222,334,334,334,hist:er_v2,,,LONG,0.35,,,,,6,,,,,,-0.010000000000000009,BTC,1782097222,,,,10.383375297079946,,,0,,,1782086452,LONG,0.35,1782097222,,,,,6,,,,btc-updown-5m-1782097200,,,trades.db,early_reversion_v2_trades,-0.010000000000000009,YES_B,BTC,1782097222,,,,10.383375297079946,,,0
,BTC,True,Asia,0.4,0.41,10.849999999998545,0.4,1782097513,btc-updown-5m-1782097500,,NO,early_reversion_v2_trades,-0.009999999999999953,-10.0,NO_C,0.03,0.01,6.309365892003166,4.743307212652789,13.705657938734765,1782097513,335,335,335,hist:er_v2,,,SHORT,0.4,,,,,6,,,,,,-0.009999999999999953,BTC,1782097513,,,,13.705657938734765,,,0,,,1782086744,SHORT,0.4,1782097513,,,,,6,,,,btc-updown-5m-1782097500,,,trades.db,early_reversion_v2_trades,-0.009999999999999953,NO_C,BTC,1782097513,,,,13.705657938734765,,,0
,BTC,True,Asia,0.35,0.36,30.389999999999418,0.35,1782097810,btc-updown-5m-1782097800,,YES,early_reversion_v2_trades,-0.010000000000000009,-10.0,YES_B,0.03,0.01,12.636359466063084,10.44552496124486,17.624726062750714,1782097810,336,336,336,hist:er_v2,,,LONG,0.35,,,,,6,,,,,,-0.010000000000000009,BTC,1782097810,,,,17.624726062750714,,,0,,,1782087042,LONG,0.35,1782097810,,,,,6,,,,btc-updown-5m-1782097800,,,trades.db,early_reversion_v2_trades,-0.010000000000000009,YES_B,BTC,1782097810,,,,17.624726062750714,,,0
,BTC,True,Asia,0.36,0.38,17.989999999997963,0.36,1782098103,btc-updown-5m-1782098100,,NO,early_reversion_v2_trades,-0.020000000000000018,-10.0,NO_C,0.03,0.01,6.681051979707286,6.813067065590065,35.63554512465603,1782098103,337,337,337,hist:er_v2,,,SHORT,0.36,,,,,6,,,,,,-0.020000000000000018,BTC,1782098103,,,,35.63554512465603,,,0,,,1782087334,SHORT,0.36,1782098103,,,,,6,,,,btc-updown-5m-1782098100,,,trades.db,early_reversion_v2_trades,-0.020000000000000018,NO_C,BTC,1782098103,,,,35.63554512465603,,,0
,BTC,True,Asia,0.33,0.34,22.0,0.33,1782098703,btc-updown-5m-1782098700,,NO,early_reversion_v2_trades,-0.010000000000000009,-10.0,NO_C,0.03,0.01,18.256004872065784,13.595095393192604,13.554011952185666,1782098703,338,338,338,hist:er_v2,,,SHORT,0.33,,,,,6,,,,,,-0.010000000000000009,BTC,1782098703,,,,13.554011952185666,,,0,,,1782087933,SHORT,0.33,1782098703,,,,,6,,,,btc-updown-5m-1782098700,,,trades.db,early_reversion_v2_trades,-0.010000000000000009,NO_C,BTC,1782098703,,,,13.554011952185666,,,0
,BTC,True,Asia,0.4,0.41,20.010000000002037,0.4,1782099014,btc-updown-5m-1782099000,,NO,early_reversion_v2_trades,-0.009999999999999953,-10.0,NO_C,0.03,0.01,7.089429729456143,8.886130207191572,7.487838315103002,1782099014,339,339,339,hist:er_v2,,,SHORT,0.4,,,,,6,,,,,,-0.009999999999999953,BTC,1782099014,,,,7.487838315103002,,,0,,,1782088244,SHORT,0.4,1782099014,,,,,6,,,,btc-updown-5m-1782099000,,,trades.db,early_reversion_v2_trades,-0.009999999999999953,NO_C,BTC,1782099014,,,,7.487838315103002,,,0
,BTC,True,Asia,0.39,0.4,3.9899999999979627,0.39,1782099616,btc-updown-5m-1782099600,,NO,early_reversion_v2_trades,-0.010000000000000009,-10.0,NO_C,0.03,0.01,4.650898530699529,5.917686565349773,8.186910392520216,1782099616,340,340,340,hist:er_v2,,,SHORT,0.39,,,,,6,,,,,,-0.010000000000000009,BTC,1782099616,,,,8.186910392520216,,,0,,,1782088848,SHORT,0.39,1782099616,,,,,6,,,,btc-updown-5m-1782099600,,,trades.db,early_reversion_v2_trades,-0.010000000000000009,NO_C,BTC,1782099616,,,,8.186910392520216,,,0
,BTC,True,Asia,0.36,0.37,13.989999999997963,0.36,1782099906,btc-updown-5m-1782099900,,NO,early_reversion_v2_trades,-0.010000000000000009,-10.0,NO_C,0.03,0.01,6.185523916568241,5.39842920392699,6.138252695501462,1782099906,341,341,341,hist:er_v2,,,SHORT,0.36,,,,,6,,,,,,-0.010000000000000009,BTC,1782099906,,,,6.138252695501462,,,0,,,1782089156,SHORT,0.36,1782099906,,,,,6,,,,btc-updown-5m-1782099900,,,trades.db,early_reversion_v2_trades,-0.010000000000000009,NO_C,BTC,1782099906,,,,6.138252695501462,,,0
,BTC,True,Asia,0.4,0.41,7.9799999999959255,0.4,1782100202,btc-updown-5m-1782100200,,NO,early_reversion_v2_trades,-0.009999999999999953,-10.0,NO_C,0.03,0.01,5.077829763002117,5.197328591669611,7.015144835601706,1782100202,342,342,342,hist:er_v2,,,SHORT,0.4,,,,,6,,,,,,-0.009999999999999953,BTC,1782100202,,,,7.015144835601706,,,0,,,1782089432,SHORT,0.4,1782100202,,,,,6,,,,btc-updown-5m-1782100200,,,trades.db,early_reversion_v2_trades,-0.009999999999999953,NO_C,BTC,1782100202,,,,7.015144835601706,,,0
,BTC,True,Asia,0.34,0.34,42.0,0.34,1782100814,btc-updown-5m-1782100800,,YES,early_reversion_v2_trades,0.0,-10.0,YES_B,0.03,0.01,18.718443311343105,17.829715053496674,14.527512513847094,1782100814,343,343,343,hist:er_v2,,,LONG,0.34,,,,,7,,,,,,0.0,BTC,1782100814,,,,14.527512513847094,,,0,,,1782090045,LONG,0.34,1782100814,,,,,7,,,,btc-updown-5m-1782100800,,,trades.db,early_reversion_v2_trades,0.0,YES_B,BTC,1782100814,,,,14.527512513847094,,,0
,BTC,True,Asia,0.29,0.3,52.70999999999913,0.29,1782101125,btc-updown-5m-1782101100,,YES,early_reversion_v2_trades,-0.010000000000000009,-10.0,YES_B,0.03,0.01,12.678963132781485,10.433737097630477,8.867350357736958,1782101125,344,344,344,hist:er_v2,,,LONG,0.29,,,,,7,,,,,,-0.010000000000000009,BTC,1782101125,,,,8.867350357736958,,,0,,,1782090355,LONG,0.29,1782101125,,,,,7,,,,btc-updown-5m-1782101100,,,trades.db,early_reversion_v2_trades,-0.010000000000000009,YES_B,BTC,1782101125,,,,8.867350357736958,,,0
,BTC,True,Asia,0.39,0.4,23.989999999997963,0.39,1782102010,btc-updown-5m-1782102000,,NO,early_reversion_v2_trades,-0.010000000000000009,-10.0,NO_C,0.03,0.01,9.545391121721767,8.01340843791797,29.513110896563877,1782102010,345,345,345,hist:er_v2,,,SHORT,0.39,,,,,7,,,,,,-0.010000000000000009,BTC,1782102010,,,,29.513110896563877,,,0,,,1782091240,SHORT,0.39,1782102010,,,,,7,,,,btc-updown-5m-1782102000,,,trades.db,early_reversion_v2_trades,-0.010000000000000009,NO_C,BTC,1782102010,,,,29.513110896563877,,,0
,BTC,True,Asia,0.35,0.37,20.05000000000291,0.35,1782102305,btc-updown-5m-1782102300,,YES,early_reversion_v2_trades,-0.020000000000000018,-10.0,YES_B,0.03,0.01,7.326727327621562,6.846602751054381,10.56920991488223,1782102305,346,346,346,hist:er_v2,,,LONG,0.35,,,,,7,,,,,,-0.020000000000000018,BTC,1782102305,,,,10.56920991488223,,,0,,,1782091535,LONG,0.35,1782102305,,,,,7,,,,btc-updown-5m-1782102300,,,trades.db,early_reversion_v2_trades,-0.020000000000000018,YES_B,BTC,1782102305,,,,10.56920991488223,,,0
,BTC,True,Asia,0.35,0.39,15.12000000000262,0.35,1782102607,btc-updown-5m-1782102600,,NO,early_reversion_v2_trades,-0.040000000000000036,-10.0,NO_C,0.03,0.01,5.111640576934587,4.095151750197769,3.6496964189665726,1782102607,347,347,347,hist:er_v2,,,SHORT,0.35,,,,,7,,,,,,-0.040000000000000036,BTC,1782102607,,,,3.6496964189665726,,,0,,,1782091837,SHORT,0.35,1782102607,,,,,7,,,,btc-updown-5m-1782102600,,,trades.db,early_reversion_v2_trades,-0.040000000000000036,NO_C,BTC,1782102607,,,,3.6496964189665726,,,0
,BTC,True,Asia,0.38,0.42,8.0,0.38,1782102910,btc-updown-5m-1782102900,,NO,early_reversion_v2_trades,-0.03999999999999998,-10.0,NO_C,0.03,0.01,3.540788566613717,3.6781257011506323,5.108234114566861,1782102910,348,348,348,hist:er_v2,,,SHORT,0.38,,,,,7,,,,,,-0.03999999999999998,BTC,1782102910,,,,5.108234114566861,,,0,,,1782092148,SHORT,0.38,1782102910,,,,,7,,,,btc-updown-5m-1782102900,,,trades.db,early_reversion_v2_trades,-0.03999999999999998,NO_C,BTC,1782102910,,,,5.108234114566861,,,0
,BTC,True,Asia,0.39,0.4,7.44999999999709,0.39,1782103516,btc-updown-5m-1782103500,,NO,early_reversion_v2_trades,-0.010000000000000009,-10.0,NO_C,0.03,0.01,2.7786907388586326,2.0603330367248813,9.358473072033478,1782103516,349,349,349,hist:er_v2,,,SHORT,0.39,,,,,7,,,,,,-0.010000000000000009,BTC,1782103516,,,,9.358473072033478,,,0,,,1782092747,SHORT,0.39,1782103516,,,,,7,,,,btc-updown-5m-1782103500,,,trades.db,early_reversion_v2_trades,-0.010000000000000009,NO_C,BTC,1782103516,,,,9.358473072033478,,,0
,BTC,True,London,0.39,0.41,8.0,0.39,1782104710,btc-updown-5m-1782104700,,NO,early_reversion_v2_trades,-0.019999999999999962,-10.0,NO_C,0.03,0.01,2.797671043082824,2.1306498161481864,2.2537751695299635,1782104710,350,350,350,hist:er_v2,,,SHORT,0.39,,,,,8,,,,,,-0.019999999999999962,BTC,1782104710,,,,2.2537751695299635,,,0,,,1782093941,SHORT,0.39,1782104710,,,,,8,,,,btc-updown-5m-1782104700,,,trades.db,early_reversion_v2_trades,-0.019999999999999962,NO_C,BTC,1782104710,,,,2.2537751695299635,,,0
,BTC,True,London,0.39,0.4,19.979999999995925,0.39,1782105018,btc-updown-5m-1782105000,,NO,early_reversion_v2_trades,-0.010000000000000009,-10.0,NO_C,0.03,0.01,6.474882711095378,5.648527901641403,6.579760554914179,1782105018,351,351,351,hist:er_v2,,,SHORT,0.39,,,,,8,,,,,,-0.010000000000000009,BTC,1782105018,,,,6.579760554914179,,,0,,,1782094248,SHORT,0.39,1782105018,,,,,8,,,,btc-updown-5m-1782105000,,,trades.db,early_reversion_v2_trades,-0.010000000000000009,NO_C,BTC,1782105018,,,,6.579760554914179,,,0
,BTC,True,London,0.3,0.31,32.18000000000029,0.3,1782105324,btc-updown-5m-1782105300,,YES,early_reversion_v2_trades,-0.010000000000000009,-10.0,YES_B,0.03,0.01,8.914602558471643,9.16132809937384,9.632009328183747,1782105324,352,352,352,hist:er_v2,,,LONG,0.3,,,,,8,,,,,,-0.010000000000000009,BTC,1782105324,,,,9.632009328183747,,,0,,,1782094555,LONG,0.3,1782105324,,,,,8,,,,btc-updown-5m-1782105300,,,trades.db,early_reversion_v2_trades,-0.010000000000000009,YES_B,BTC,1782105324,,,,9.632009328183747,,,0
,BTC,True,London,0.34,0.35,20.0,0.34,1782105616,btc-updown-5m-1782105600,,YES,early_reversion_v2_trades,-0.009999999999999953,-10.0,YES_B,0.03,0.01,6.454805518814705,20.74485258259188,22.539119250707998,1782105616,353,353,353,hist:er_v2,,,LONG,0.34,,,,,8,,,,,,-0.009999999999999953,BTC,1782105616,,,,22.539119250707998,,,0,,,1782094846,LONG,0.34,1782105616,,,,,8,,,,btc-updown-5m-1782105600,,,trades.db,early_reversion_v2_trades,-0.009999999999999953,YES_B,BTC,1782105616,,,,22.539119250707998,,,0
,BTC,True,London,0.34,0.35,8.0,0.34,1782105909,btc-updown-5m-1782105900,,YES,early_reversion_v2_trades,-0.009999999999999953,-10.0,YES_B,0.03,0.01,6.200604644642447,7.468805364407342,5.666960457633836,1782105909,354,354,354,hist:er_v2,,,LONG,0.34,,,,,8,,,,,,-0.009999999999999953,BTC,1782105909,,,,5.666960457633836,,,0,,,1782095140,LONG,0.34,1782105909,,,,,8,,,,btc-updown-5m-1782105900,,,trades.db,early_reversion_v2_trades,-0.009999999999999953,YES_B,BTC,1782105909,,,,5.666960457633836,,,0
,BTC,True,London,0.35,0.36,9.290000000000873,0.35,1782106223,btc-updown-5m-1782106200,,YES,early_reversion_v2_trades,-0.010000000000000009,-10.0,YES_B,0.03,0.01,8.799361062146748,10.013307181448184,10.5469325512206,1782106223,355,355,355,hist:er_v2,,,LONG,0.35,,,,,8,,,,,,-0.010000000000000009,BTC,1782106223,,,,10.5469325512206,,,0,,,1782095454,LONG,0.35,1782106223,,,,,8,,,,btc-updown-5m-1782106200,,,trades.db,early_reversion_v2_trades,-0.010000000000000009,YES_B,BTC,1782106223,,,,10.5469325512206,,,0
,BTC,True,London,0.34,0.35,3.0,0.34,1782106516,btc-updown-5m-1782106500,,YES,early_reversion_v2_trades,-0.009999999999999953,-10.0,YES_B,0.03,0.01,1.5344280327717772,17.573214369184527,21.574329268877083,1782106516,356,356,356,hist:er_v2,,,LONG,0.34,,,,,8,,,,,,-0.009999999999999953,BTC,1782106516,,,,21.574329268877083,,,0,,,1782095749,LONG,0.34,1782106516,,,,,8,,,,btc-updown-5m-1782106500,,,trades.db,early_reversion_v2_trades,-0.009999999999999953,YES_B,BTC,1782106516,,,,21.574329268877083,,,0
,BTC,True,London,0.39,0.4,14.0,0.39,1782106824,btc-updown-5m-1782106800,,NO,early_reversion_v2_trades,-0.010000000000000009,-10.0,NO_C,0.03,0.01,1.9749554373676876,10.097736820143433,8.520298902253117,1782106824,357,357,357,hist:er_v2,,,SHORT,0.39,,,,,8,,,,,,-0.010000000000000009,BTC,1782106824,,,,8.520298902253117,,,0,,,1782096054,SHORT,0.39,1782106824,,,,,8,,,,btc-updown-5m-1782106800,,,trades.db,early_reversion_v2_trades,-0.010000000000000009,NO_C,BTC,1782106824,,,,8.520298902253117,,,0
,BTC,True,London,0.33,0.34,26.779999999998836,0.33,1782107407,btc-updown-5m-1782107400,,YES,early_reversion_v2_trades,-0.010000000000000009,-10.0,YES_B,0.03,0.01,13.476000890471818,13.455864386599167,10.761663502050483,1782107407,358,358,358,hist:er_v2,,,LONG,0.33,,,,,8,,,,,,-0.010000000000000009,BTC,1782107407,,,,10.761663502050483,,,0,,,1782096637,LONG,0.33,1782107407,,,,,8,,,,btc-updown-5m-1782107400,,,trades.db,early_reversion_v2_trades,-0.010000000000000009,YES_B,BTC,1782107407,,,,10.761663502050483,,,0
,BTC,True,London,0.31,0.32,14.260000000002037,0.31,1782108005,btc-updown-5m-1782108000,,NO,early_reversion_v2_trades,-0.010000000000000009,-10.0,NO_C,0.03,0.01,6.929895602475852,6.283105740911114,5.491958572312482,1782108005,359,359,359,hist:er_v2,,,SHORT,0.31,,,,,9,,,,,,-0.010000000000000009,BTC,1782108005,,,,5.491958572312482,,,0,,,1782097243,SHORT,0.31,1782108005,,,,,9,,,,btc-updown-5m-1782108000,,,trades.db,early_reversion_v2_trades,-0.010000000000000009,NO_C,BTC,1782108005,,,,5.491958572312482,,,0
,BTC,True,London,0.35,0.38,22.760000000002037,0.35,1782108626,btc-updown-5m-1782108600,,YES,early_reversion_v2_trades,-0.030000000000000027,-10.0,YES_B,0.03,0.01,7.612074994000162,9.516769503100514,25.08276882323766,1782108626,360,360,360,hist:er_v2,,,LONG,0.35,,,,,9,,,,,,-0.030000000000000027,BTC,1782108626,,,,25.08276882323766,,,0,,,1782097857,LONG,0.35,1782108626,,,,,9,,,,btc-updown-5m-1782108600,,,trades.db,early_reversion_v2_trades,-0.030000000000000027,YES_B,BTC,1782108626,,,,25.08276882323766,,,0
,BTC,True,London,0.34,0.35,26.19000000000233,0.34,1782110111,btc-updown-5m-1782110100,,YES,early_reversion_v2_trades,-0.009999999999999953,-10.0,YES_B,0.03,0.01,9.880684861554332,9.227042193406444,11.988679240515776,1782110111,361,361,361,hist:er_v2,,,LONG,0.34,,,,,9,,,,,,-0.009999999999999953,BTC,1782110111,,,,11.988679240515776,,,0,,,1782099341,LONG,0.34,1782110111,,,,,9,,,,btc-updown-5m-1782110100,,,trades.db,early_reversion_v2_trades,-0.009999999999999953,YES_B,BTC,1782110111,,,,11.988679240515776,,,0
,BTC,True,London,0.37,0.38,5.709999999999127,0.37,1782110710,btc-updown-5m-1782110700,,NO,early_reversion_v2_trades,-0.010000000000000009,-10.0,NO_C,0.03,0.01,5.863040782922752,5.1562553030280105,10.064190332064202,1782110710,362,362,362,hist:er_v2,,,SHORT,0.37,,,,,9,,,,,,-0.010000000000000009,BTC,1782110710,,,,10.064190332064202,,,0,,,1782099943,SHORT,0.37,1782110710,,,,,9,,,,btc-updown-5m-1782110700,,,trades.db,early_reversion_v2_trades,-0.010000000000000009,NO_C,BTC,1782110710,,,,10.064190332064202,,,0
,BTC,True,London,0.39,0.4,12.569999999999709,0.39,1782111605,btc-updown-5m-1782111600,,NO,early_reversion_v2_trades,-0.010000000000000009,-10.0,NO_C,0.03,0.01,18.51938931378517,17.872324610475882,13.559038172377592,1782111605,363,363,363,hist:er_v2,,,SHORT,0.39,,,,,10,,,,,,-0.010000000000000009,BTC,1782111605,,,,13.559038172377592,,,0,,,1782100835,SHORT,0.39,1782111605,,,,,10,,,,btc-updown-5m-1782111600,,,trades.db,early_reversion_v2_trades,-0.010000000000000009,NO_C,BTC,1782111605,,,,13.559038172377592,,,0
,BTC,True,London,0.35,0.36,19.959999999999127,0.35,1782111627,btc-updown-5m-1782111600,,YES,early_reversion_v2_trades,-0.010000000000000009,-10.0,YES_B,0.03,0.01,8.226361806498787,9.326925925631693,22.324159411721414,1782111627,364,364,364,hist:er_v2,,,LONG,0.35,,,,,10,,,,,,-0.010000000000000009,BTC,1782111627,,,,22.324159411721414,,,0,,,1782100861,LONG,0.35,1782111627,,,,,10,,,,btc-updown-5m-1782111600,,,trades.db,early_reversion_v2_trades,-0.010000000000000009,YES_B,BTC,1782111627,,,,22.324159411721414,,,0
,BTC,True,London,0.35,0.36,19.43000000000029,0.35,1782111903,btc-updown-5m-1782111900,,YES,early_reversion_v2_trades,-0.010000000000000009,-10.0,YES_B,0.03,0.01,6.8193224247974795,9.460243213200243,22.13265597099864,1782111903,365,365,365,hist:er_v2,,,LONG,0.35,,,,,10,,,,,,-0.010000000000000009,BTC,1782111903,,,,22.13265597099864,,,0,,,1782101134,LONG,0.35,1782111903,,,,,10,,,,btc-updown-5m-1782111900,,,trades.db,early_reversion_v2_trades,-0.010000000000000009,YES_B,BTC,1782111903,,,,22.13265597099864,,,0
,BTC,True,London,0.4,0.41,7.519999999996799,0.4,1782113122,btc-updown-5m-1782113100,,NO,early_reversion_v2_trades,-0.009999999999999953,-10.0,NO_C,0.03,0.01,2.745408287788594,2.1546793207345565,1.9375452595096587,1782113122,366,366,366,hist:er_v2,,,SHORT,0.4,,,,,10,,,,,,-0.009999999999999953,BTC,1782113122,,,,1.9375452595096587,,,0,,,1782102352,SHORT,0.4,1782113122,,,,,10,,,,btc-updown-5m-1782113100,,,trades.db,early_reversion_v2_trades,-0.009999999999999953,NO_C,BTC,1782113122,,,,1.9375452595096587,,,0
,BTC,True,London,0.35,0.36,14.650000000001455,0.35,1782113407,btc-updown-5m-1782113400,,NO,early_reversion_v2_trades,-0.010000000000000009,-10.0,NO_C,0.03,0.01,5.462715289427584,3.9750607088312395,5.2005686275245955,1782113407,367,367,367,hist:er_v2,,,SHORT,0.35,,,,,10,,,,,,-0.010000000000000009,BTC,1782113407,,,,5.2005686275245955,,,0,,,1782102637,SHORT,0.35,1782113407,,,,,10,,,,btc-updown-5m-1782113400,,,trades.db,early_reversion_v2_trades,-0.010000000000000009,NO_C,BTC,1782113407,,,,5.2005686275245955,,,0
,BTC,True,London,0.33,0.34,10.80000000000291,0.33,1782115204,btc-updown-5m-1782115200,,NO,early_reversion_v2_trades,-0.010000000000000009,-10.0,NO_C,0.03,0.01,4.027160910616719,3.106222759995046,2.4899507525248867,1782115204,368,368,368,hist:er_v2,,,SHORT,0.33,,,,,11,,,,,,-0.010000000000000009,BTC,1782115204,,,,2.4899507525248867,,,0,,,1782104441,SHORT,0.33,1782115204,,,,,11,,,,btc-updown-5m-1782115200,,,trades.db,early_reversion_v2_trades,-0.010000000000000009,NO_C,BTC,1782115204,,,,2.4899507525248867,,,0
,BTC,True,London,0.39,0.41,0.010000000002037268,0.39,1782116411,btc-updown-5m-1782116400,,NO,early_reversion_v2_trades,-0.019999999999999962,-10.0,NO_C,0.03,0.01,4.780011100662572,8.50640267037342,8.563256525784178,1782116411,369,369,369,hist:er_v2,,,SHORT,0.39,,,,,11,,,,,,-0.019999999999999962,BTC,1782116411,,,,8.563256525784178,,,0,,,1782105641,SHORT,0.39,1782116411,,,,,11,,,,btc-updown-5m-1782116400,,,trades.db,early_reversion_v2_trades,-0.019999999999999962,NO_C,BTC,1782116411,,,,8.563256525784178,,,0
,BTC,True,London,0.4,0.41,7.9799999999959255,0.4,1782117923,btc-updown-5m-1782117900,,NO,early_reversion_v2_trades,-0.009999999999999953,-10.0,NO_C,0.03,0.01,3.6081613837825968,3.646009519551278,13.302553743768186,1782117923,370,370,370,hist:er_v2,,,SHORT,0.4,,,,,11,,,,,,-0.009999999999999953,BTC,1782117923,,,,13.302553743768186,,,0,,,1782107153,SHORT,0.4,1782117923,,,,,11,,,,btc-updown-5m-1782117900,,,trades.db,early_reversion_v2_trades,-0.009999999999999953,NO_C,BTC,1782117923,,,,13.302553743768186,,,0
,BTC,True,London,0.37,0.38,14.860000000000582,0.37,1782118504,btc-updown-5m-1782118500,,NO,early_reversion_v2_trades,-0.010000000000000009,-10.0,NO_C,0.03,0.01,5.1328132080351025,7.514911724355284,8.66950310917511,1782118504,371,371,371,hist:er_v2,,,SHORT,0.37,,,,,11,,,,,,-0.010000000000000009,BTC,1782118504,,,,8.66950310917511,,,0,,,1782107735,SHORT,0.37,1782118504,,,,,11,,,,btc-updown-5m-1782118500,,,trades.db,early_reversion_v2_trades,-0.010000000000000009,NO_C,BTC,1782118504,,,,8.66950310917511,,,0
,BTC,True,London,0.4,0.41,10.12000000000262,0.4,1782119404,btc-updown-5m-1782119400,,NO,early_reversion_v2_trades,-0.009999999999999953,-10.0,NO_C,0.03,0.01,3.769267907108685,2.751714112250572,8.04057003533152,1782119404,372,372,372,hist:er_v2,,,SHORT,0.4,,,,,12,,,,,,-0.009999999999999953,BTC,1782119404,,,,8.04057003533152,,,0,,,1782108636,SHORT,0.4,1782119404,,,,,12,,,,btc-updown-5m-1782119400,,,trades.db,early_reversion_v2_trades,-0.009999999999999953,NO_C,BTC,1782119404,,,,8.04057003533152,,,0
,BTC,True,London,0.4,0.41,6.0,0.4,1782121208,btc-updown-5m-1782121200,,NO,early_reversion_v2_trades,-0.009999999999999953,-10.0,NO_C,0.03,0.01,4.907713316810576,4.673275082851363,8.594060358032431,1782121208,373,373,373,hist:er_v2,,,SHORT,0.4,,,,,12,,,,,,-0.009999999999999953,BTC,1782121208,,,,8.594060358032431,,,0,,,1782110459,SHORT,0.4,1782121208,,,,,12,,,,btc-updown-5m-1782121200,,,trades.db,early_reversion_v2_trades,-0.009999999999999953,NO_C,BTC,1782121208,,,,8.594060358032431,,,0
,BTC,True,NewYork,0.39,0.4,8.669999999998254,0.39,1782123916,btc-updown-5m-1782123900,,NO,early_reversion_v2_trades,-0.010000000000000009,-10.0,NO_C,0.03,0.01,3.3494825471000764,2.6274290348801883,12.082603706419292,1782123916,374,374,374,hist:er_v2,,,SHORT,0.39,,,,,13,,,,,,-0.010000000000000009,BTC,1782123916,,,,12.082603706419292,,,0,,,1782113146,SHORT,0.39,1782123916,,,,,13,,,,btc-updown-5m-1782123900,,,trades.db,early_reversion_v2_trades,-0.010000000000000009,NO_C,BTC,1782123916,,,,12.082603706419292,,,0
,BTC,True,NewYork,0.27,0.28,18.87999999999738,0.27,1782125105,btc-updown-5m-1782125100,,NO,early_reversion_v2_trades,-0.010000000000000009,-10.0,NO_C,0.03,0.01,9.825386195405535,8.442511803695714,7.557497932516744,1782125105,375,375,375,hist:er_v2,,,SHORT,0.27,,,,,13,,,,,,-0.010000000000000009,BTC,1782125105,,,,7.557497932516744,,,0,,,1782114335,SHORT,0.27,1782125105,,,,,13,,,,btc-updown-5m-1782125100,,,trades.db,early_reversion_v2_trades,-0.010000000000000009,NO_C,BTC,1782125105,,,,7.557497932516744,,,0
,BTC,True,NewYork,0.37,0.38,4.769999999996799,0.37,1782125410,btc-updown-5m-1782125400,,NO,early_reversion_v2_trades,-0.010000000000000009,-10.0,NO_C,0.03,0.01,1.775443606537294,1.3168594268170275,14.052463597524898,1782125410,376,376,376,hist:er_v2,,,SHORT,0.37,,,,,13,,,,,,-0.010000000000000009,BTC,1782125410,,,,14.052463597524898,,,0,,,1782114642,SHORT,0.37,1782125410,,,,,13,,,,btc-updown-5m-1782125400,,,trades.db,early_reversion_v2_trades,-0.010000000000000009,NO_C,BTC,1782125410,,,,14.052463597524898,,,0
,BTC,True,NewYork,0.28,0.29,17.69999999999709,0.28,1782126305,btc-updown-5m-1782126300,,NO,early_reversion_v2_trades,-0.009999999999999953,-10.0,NO_C,0.03,0.01,7.048945547620708,15.221455320807111,19.265941413800544,1782126305,377,377,377,hist:er_v2,,,SHORT,0.28,,,,,14,,,,,,-0.009999999999999953,BTC,1782126305,,,,19.265941413800544,,,0,,,1782115535,SHORT,0.28,1782126305,,,,,14,,,,btc-updown-5m-1782126300,,,trades.db,early_reversion_v2_trades,-0.009999999999999953,NO_C,BTC,1782126305,,,,19.265941413800544,,,0
,BTC,True,NewYork,0.35,0.37,15.87999999999738,0.35,1782129605,btc-updown-5m-1782129600,,NO,early_reversion_v2_trades,-0.020000000000000018,-10.0,NO_C,0.03,0.01,6.986306646257752,5.331441852089948,4.361089111678008,1782129605,378,378,378,hist:er_v2,,,SHORT,0.35,,,,,15,,,,,,-0.020000000000000018,BTC,1782129605,,,,4.361089111678008,,,0,,,1782118842,SHORT,0.35,1782129605,,,,,15,,,,btc-updown-5m-1782129600,,,trades.db,early_reversion_v2_trades,-0.020000000000000018,NO_C,BTC,1782129605,,,,4.361089111678008,,,0
,BTC,True,NewYork,0.4,0.41,17.989999999997963,0.4,1782131105,btc-updown-5m-1782131100,,NO,early_reversion_v2_trades,-0.009999999999999953,-10.0,NO_C,0.03,0.01,5.97425425378623,17.790519010604076,32.78335959843126,1782131105,379,379,379,hist:er_v2,,,SHORT,0.4,,,,,15,,,,,,-0.009999999999999953,BTC,1782131105,,,,32.78335959843126,,,0,,,1782120337,SHORT,0.4,1782131105,,,,,15,,,,btc-updown-5m-1782131100,,,trades.db,early_reversion_v2_trades,-0.009999999999999953,NO_C,BTC,1782131105,,,,32.78335959843126,,,0
,BTC,True,NewYork,0.35,0.37,20.529999999998836,0.35,1782131708,btc-updown-5m-1782131700,,NO,early_reversion_v2_trades,-0.020000000000000018,-10.0,NO_C,0.03,0.01,7.5034370355812845,5.733824895215277,13.278936258600766,1782131708,380,380,380,hist:er_v2,,,SHORT,0.35,,,,,15,,,,,,-0.020000000000000018,BTC,1782131708,,,,13.278936258600766,,,0,,,1782120945,SHORT,0.35,1782131708,,,,,15,,,,btc-updown-5m-1782131700,,,trades.db,early_reversion_v2_trades,-0.020000000000000018,NO_C,BTC,1782131708,,,,13.278936258600766,,,0
,BTC,True,NewYork,0.4,0.41,33.38999999999942,0.4,1782132027,btc-updown-5m-1782132000,,NO,early_reversion_v2_trades,-0.009999999999999953,-10.0,NO_C,0.03,0.01,5.954715846816114,8.897930900245683,11.077362314196797,1782132027,381,381,381,hist:er_v2,,,SHORT,0.4,,,,,15,,,,,,-0.009999999999999953,BTC,1782132027,,,,11.077362314196797,,,0,,,1782121257,SHORT,0.4,1782132027,,,,,15,,,,btc-updown-5m-1782132000,,,trades.db,early_reversion_v2_trades,-0.009999999999999953,NO_C,BTC,1782132027,,,,11.077362314196797,,,0
,BTC,True,NewYork,0.38,0.39,20.709999999999127,0.38,1782133821,btc-updown-5m-1782133800,,NO,early_reversion_v2_trades,-0.010000000000000009,-10.0,NO_C,0.03,0.01,4.901691919477328,6.709944576002233,5.564729700533564,1782133821,382,382,382,hist:er_v2,,,SHORT,0.38,,,,,16,,,,,,-0.010000000000000009,BTC,1782133821,,,,5.564729700533564,,,0,,,1782123051,SHORT,0.38,1782133821,,,,,16,,,,btc-updown-5m-1782133800,,,trades.db,early_reversion_v2_trades,-0.010000000000000009,NO_C,BTC,1782133821,,,,5.564729700533564,,,0
,BTC,True,NewYork,0.4,0.43,38.81999999999971,0.4,1782135010,btc-updown-5m-1782135000,,NO,early_reversion_v2_trades,-0.02999999999999997,-10.0,NO_C,0.03,0.01,14.42919580803659,14.011565234854547,12.511181554469468,1782135010,383,383,383,hist:er_v2,,,SHORT,0.4,,,,,16,,,,,,-0.02999999999999997,BTC,1782135010,,,,12.511181554469468,,,0,,,1782124242,SHORT,0.4,1782135010,,,,,16,,,,btc-updown-5m-1782135000,,,trades.db,early_reversion_v2_trades,-0.02999999999999997,NO_C,BTC,1782135010,,,,12.511181554469468,,,0
,BTC,True,NewYork,0.4,0.41,33.76000000000204,0.4,1782135306,btc-updown-5m-1782135300,,NO,early_reversion_v2_trades,-0.009999999999999953,-10.0,NO_C,0.03,0.01,12.379131056511905,22.321828915971118,35.067833981584535,1782135306,384,384,384,hist:er_v2,,,SHORT,0.4,,,,,16,,,,,,-0.009999999999999953,BTC,1782135306,,,,35.067833981584535,,,0,,,1782124536,SHORT,0.4,1782135306,,,,,16,,,,btc-updown-5m-1782135300,,,trades.db,early_reversion_v2_trades,-0.009999999999999953,NO_C,BTC,1782135306,,,,35.067833981584535,,,0
,BTC,True,NewYork,0.4,0.43,38.720000000001164,0.4,1782136222,btc-updown-5m-1782136200,,NO,early_reversion_v2_trades,-0.02999999999999997,-10.0,NO_C,0.03,0.01,7.686733867581827,15.103687923448414,25.764070828574003,1782136222,385,385,385,hist:er_v2,,,SHORT,0.4,,,,,16,,,,,,-0.02999999999999997,BTC,1782136222,,,,25.764070828574003,,,0,,,1782125453,SHORT,0.4,1782136222,,,,,16,,,,btc-updown-5m-1782136200,,,trades.db,early_reversion_v2_trades,-0.02999999999999997,NO_C,BTC,1782136222,,,,25.764070828574003,,,0
,BTC,True,NewYork,0.37,0.38,37.79999999998836,0.37,1782136817,btc-updown-5m-1782136800,,NO,early_reversion_v2_trades,-0.010000000000000009,-10.0,NO_C,0.03,0.01,15.299184528013628,20.412300808715763,18.0262239336344,1782136817,386,386,386,hist:er_v2,,,SHORT,0.37,,,,,17,,,,,,-0.010000000000000009,BTC,1782136817,,,,18.0262239336344,,,0,,,1782126064,SHORT,0.37,1782136817,,,,,17,,,,btc-updown-5m-1782136800,,,trades.db,early_reversion_v2_trades,-0.010000000000000009,NO_C,BTC,1782136817,,,,18.0262239336344,,,0
,BTC,True,NewYork,0.38,0.39,24.889999999999418,0.38,1782137405,btc-updown-5m-1782137400,,NO,early_reversion_v2_trades,-0.010000000000000009,-10.0,NO_C,0.03,0.01,16.174704867509597,15.00868135368191,18.433956823212263,1782137405,387,387,387,hist:er_v2,,,SHORT,0.38,,,,,17,,,,,,-0.010000000000000009,BTC,1782137405,,,,18.433956823212263,,,0,,,1782126636,SHORT,0.38,1782137405,,,,,17,,,,btc-updown-5m-1782137400,,,trades.db,early_reversion_v2_trades,-0.010000000000000009,NO_C,BTC,1782137405,,,,18.433956823212263,,,0
,BTC,True,NewYork,0.35,0.37,29.68000000000029,0.35,1782138309,btc-updown-5m-1782138300,,NO,early_reversion_v2_trades,-0.020000000000000018,-10.0,NO_C,0.03,0.01,12.027582767214717,12.207183307607957,15.968329124864395,1782138309,388,388,388,hist:er_v2,,,SHORT,0.35,,,,,17,,,,,,-0.020000000000000018,BTC,1782138309,,,,15.968329124864395,,,0,,,1782127540,SHORT,0.35,1782138309,,,,,17,,,,btc-updown-5m-1782138300,,,trades.db,early_reversion_v2_trades,-0.020000000000000018,NO_C,BTC,1782138309,,,,15.968329124864395,,,0
,BTC,True,NewYork,0.34,0.36,35.049999999995634,0.34,1782139520,btc-updown-5m-1782139500,,NO,early_reversion_v2_trades,-0.019999999999999962,-10.0,NO_C,0.03,0.01,14.124210218121753,12.187039193566866,10.166560320620803,1782139520,389,389,389,hist:er_v2,,,SHORT,0.34,,,,,17,,,,,,-0.019999999999999962,BTC,1782139520,,,,10.166560320620803,,,0,,,1782128751,SHORT,0.34,1782139520,,,,,17,,,,btc-updown-5m-1782139500,,,trades.db,early_reversion_v2_trades,-0.019999999999999962,NO_C,BTC,1782139520,,,,10.166560320620803,,,0
,BTC,True,NewYork,0.4,0.43,7.610000000000582,0.4,1782140408,btc-updown-5m-1782140400,,NO,early_reversion_v2_trades,-0.02999999999999997,-10.0,NO_C,0.03,0.01,7.204326053760074,8.495271560631735,7.686587163508349,1782140408,390,390,390,hist:er_v2,,,SHORT,0.4,,,,,18,,,,,,-0.02999999999999997,BTC,1782140408,,,,7.686587163508349,,,0,,,1782129638,SHORT,0.4,1782140408,,,,,18,,,,btc-updown-5m-1782140400,,,trades.db,early_reversion_v2_trades,-0.02999999999999997,NO_C,BTC,1782140408,,,,7.686587163508349,,,0
,BTC,True,NewYork,0.39,0.4,20.470000000001164,0.39,1782143419,btc-updown-5m-1782143400,,NO,early_reversion_v2_trades,-0.010000000000000009,-10.0,NO_C,0.03,0.01,4.384615781976176,13.02325567704815,15.594906405141792,1782143419,391,391,391,hist:er_v2,,,SHORT,0.39,,,,,18,,,,,,-0.010000000000000009,BTC,1782143419,,,,15.594906405141792,,,0,,,1782132650,SHORT,0.39,1782143419,,,,,18,,,,btc-updown-5m-1782143400,,,trades.db,early_reversion_v2_trades,-0.010000000000000009,NO_C,BTC,1782143419,,,,15.594906405141792,,,0
,BTC,True,NewYork,0.38,0.41,14.060000000004948,0.38,1782144004,btc-updown-5m-1782144000,,NO,early_reversion_v2_trades,-0.02999999999999997,-10.0,NO_C,0.03,0.01,7.940876447221051,10.195807962098657,7.526580623298712,1782144004,392,392,392,hist:er_v2,,,SHORT,0.38,,,,,19,,,,,,-0.02999999999999997,BTC,1782144004,,,,7.526580623298712,,,0,,,1782133295,SHORT,0.38,1782144004,,,,,19,,,,btc-updown-5m-1782144000,,,trades.db,early_reversion_v2_trades,-0.02999999999999997,NO_C,BTC,1782144004,,,,7.526580623298712,,,0
,BTC,True,NewYork,0.3,0.38,39.650000000001455,0.3,1782144615,btc-updown-5m-1782144600,,NO,early_reversion_v2_trades,-0.08000000000000002,-10.0,NO_C,0.03,0.01,14.503696080654757,10.891518457292701,10.221278042709184,1782144615,393,393,393,hist:er_v2,,,SHORT,0.3,,,,,19,,,,,,-0.08000000000000002,BTC,1782144615,,,,10.221278042709184,,,0,,,1782133847,SHORT,0.3,1782144615,,,,,19,,,,btc-updown-5m-1782144600,,,trades.db,early_reversion_v2_trades,-0.08000000000000002,NO_C,BTC,1782144615,,,,10.221278042709184,,,0
,BTC,True,NewYork,0.39,0.4,3.9899999999979627,0.39,1782144910,btc-updown-5m-1782144900,,NO,early_reversion_v2_trades,-0.010000000000000009,-10.0,NO_C,0.03,0.01,1.4892279879182715,1.2877788263338834,3.446929768125476,1782144910,394,394,394,hist:er_v2,,,SHORT,0.39,,,,,19,,,,,,-0.010000000000000009,BTC,1782144910,,,,3.446929768125476,,,0,,,1782134162,SHORT,0.39,1782144910,,,,,19,,,,btc-updown-5m-1782144900,,,trades.db,early_reversion_v2_trades,-0.010000000000000009,NO_C,BTC,1782144910,,,,3.446929768125476,,,0
,BTC,True,NewYork,0.37,0.38,17.56999999999971,0.37,1782145210,btc-updown-5m-1782145200,,NO,early_reversion_v2_trades,-0.010000000000000009,-10.0,NO_C,0.03,0.01,10.269614836443045,9.396480724185986,9.492401517974905,1782145210,395,395,395,hist:er_v2,,,SHORT,0.37,,,,,19,,,,,,-0.010000000000000009,BTC,1782145210,,,,9.492401517974905,,,0,,,1782134441,SHORT,0.37,1782145210,,,,,19,,,,btc-updown-5m-1782145200,,,trades.db,early_reversion_v2_trades,-0.010000000000000009,NO_C,BTC,1782145210,,,,9.492401517974905,,,0
,BTC,True,NewYork,0.4,0.41,19.220000000001164,0.4,1782147010,btc-updown-5m-1782147000,,NO,early_reversion_v2_trades,-0.009999999999999953,-10.0,NO_C,0.03,0.01,9.825435961662606,9.89427640383914,33.53836283798929,1782147010,396,396,396,hist:er_v2,,,SHORT,0.4,,,,,19,,,,,,-0.009999999999999953,BTC,1782147010,,,,33.53836283798929,,,0,,,1782136241,SHORT,0.4,1782147010,,,,,19,,,,btc-updown-5m-1782147000,,,trades.db,early_reversion_v2_trades,-0.009999999999999953,NO_C,BTC,1782147010,,,,33.53836283798929,,,0
,BTC,True,NewYork,0.37,0.38,12.959999999999127,0.37,1782148523,btc-updown-5m-1782148500,,NO,early_reversion_v2_trades,-0.010000000000000009,-10.0,NO_C,0.03,0.01,3.0450024630536285,5.442822207296856,7.414408832356776,1782148523,397,397,397,hist:er_v2,,,SHORT,0.37,,,,,20,,,,,,-0.010000000000000009,BTC,1782148523,,,,7.414408832356776,,,0,,,1782137795,SHORT,0.37,1782148523,,,,,20,,,,btc-updown-5m-1782148500,,,trades.db,early_reversion_v2_trades,-0.010000000000000009,NO_C,BTC,1782148523,,,,7.414408832356776,,,0
,BTC,True,NewYork,0.38,0.39,8.039999999993597,0.38,1782148805,btc-updown-5m-1782148800,,NO,early_reversion_v2_trades,-0.010000000000000009,-10.0,NO_C,0.03,0.01,2.9993147365487043,2.313353974549428,5.010327972752878,1782148805,398,398,398,hist:er_v2,,,SHORT,0.38,,,,,20,,,,,,-0.010000000000000009,BTC,1782148805,,,,5.010327972752878,,,0,,,1782138037,SHORT,0.38,1782148805,,,,,20,,,,btc-updown-5m-1782148800,,,trades.db,early_reversion_v2_trades,-0.010000000000000009,NO_C,BTC,1782148805,,,,5.010327972752878,,,0
,BTC,True,NewYork,0.4,0.41,13.169999999998254,0.4,1782150325,btc-updown-5m-1782150300,,NO,early_reversion_v2_trades,-0.009999999999999953,-10.0,NO_C,0.03,0.01,3.692474420620412,4.92843133427621,13.28713365100767,1782150325,399,399,399,hist:er_v2,,,SHORT,0.4,,,,,20,,,,,,-0.009999999999999953,BTC,1782150325,,,,13.28713365100767,,,0,,,1782139557,SHORT,0.4,1782150325,,,,,20,,,,btc-updown-5m-1782150300,,,trades.db,early_reversion_v2_trades,-0.009999999999999953,NO_C,BTC,1782150325,,,,13.28713365100767,,,0
,BTC,True,NewYork,0.34,0.35,25.19999999999709,0.34,1782150619,btc-updown-5m-1782150600,,NO,early_reversion_v2_trades,-0.009999999999999953,-10.0,NO_C,0.03,0.01,7.085209947488657,9.39992448091579,10.064270018237252,1782150619,400,400,400,hist:er_v2,,,SHORT,0.34,,,,,20,,,,,,-0.009999999999999953,BTC,1782150619,,,,10.064270018237252,,,0,,,1782139850,SHORT,0.34,1782150619,,,,,20,,,,btc-updown-5m-1782150600,,,trades.db,early_reversion_v2_trades,-0.009999999999999953,NO_C,BTC,1782150619,,,,10.064270018237252,,,0
,BTC,True,Offhours,0.4,0.41,15.209999999999127,0.4,1782151209,btc-updown-5m-1782151200,,NO,early_reversion_v2_trades,-0.009999999999999953,-10.0,NO_C,0.03,0.01,7.205810433253654,5.814000486144354,7.151700992304368,1782151209,401,401,401,hist:er_v2,,,SHORT,0.4,,,,,21,,,,,,-0.009999999999999953,BTC,1782151209,,,,7.151700992304368,,,0,,,1782140440,SHORT,0.4,1782151209,,,,,21,,,,btc-updown-5m-1782151200,,,trades.db,early_reversion_v2_trades,-0.009999999999999953,NO_C,BTC,1782151209,,,,7.151700992304368,,,0
,BTC,True,Offhours,0.39,0.4,4.1599999999962165,0.39,1782152103,btc-updown-5m-1782152100,,NO,early_reversion_v2_trades,-0.010000000000000009,-10.0,NO_C,0.03,0.01,1.5533261802402398,1.1758826472052473,1.8396689267367388,1782152103,402,402,402,hist:er_v2,,,SHORT,0.39,,,,,21,,,,,,-0.010000000000000009,BTC,1782152103,,,,1.8396689267367388,,,0,,,1782141334,SHORT,0.39,1782152103,,,,,21,,,,btc-updown-5m-1782152100,,,trades.db,early_reversion_v2_trades,-0.010000000000000009,NO_C,BTC,1782152103,,,,1.8396689267367388,,,0
,BTC,True,Offhours,0.36,0.38,19.639999999999418,0.36,1782152421,btc-updown-5m-1782152400,,NO,early_reversion_v2_trades,-0.020000000000000018,-10.0,NO_C,0.03,0.01,3.1621776273541644,5.962646348669204,13.961957618371049,1782152421,403,403,403,hist:er_v2,,,SHORT,0.36,,,,,21,,,,,,-0.020000000000000018,BTC,1782152421,,,,13.961957618371049,,,0,,,1782141662,SHORT,0.36,1782152421,,,,,21,,,,btc-updown-5m-1782152400,,,trades.db,early_reversion_v2_trades,-0.020000000000000018,NO_C,BTC,1782152421,,,,13.961957618371049,,,0
,BTC,True,Offhours,0.38,0.39,8.180000000000291,0.38,1782154818,btc-updown-5m-1782154800,,NO,early_reversion_v2_trades,-0.010000000000000009,-10.0,NO_C,0.03,0.01,1.8456500209967712,7.712535315964995,18.45645722856234,1782154818,404,404,404,hist:er_v2,,,SHORT,0.38,,,,,22,,,,,,-0.010000000000000009,BTC,1782154818,,,,18.45645722856234,,,0,,,1782144048,SHORT,0.38,1782154818,,,,,22,,,,btc-updown-5m-1782154800,,,trades.db,early_reversion_v2_trades,-0.010000000000000009,NO_C,BTC,1782154818,,,,18.45645722856234,,,0
,BTC,True,Offhours,0.32,0.33,39.76000000000204,0.32,1782155115,btc-updown-5m-1782155100,,NO,early_reversion_v2_trades,-0.010000000000000009,-10.0,NO_C,0.03,0.01,,,20.218710317763133,1782155115,405,405,405,hist:er_v2,,,SHORT,0.32,,,,,22,,,,,,-0.010000000000000009,BTC,1782155115,,,,20.218710317763133,,,0,,,1782144351,SHORT,0.32,1782155115,,,,,22,,,,btc-updown-5m-1782155100,,,trades.db,early_reversion_v2_trades,-0.010000000000000009,NO_C,BTC,1782155115,,,,20.218710317763133,,,0
,BTC,True,Offhours,0.37,0.38,18.9800000000032,0.37,1782156008,btc-updown-5m-1782156000,,NO,early_reversion_v2_trades,-0.010000000000000009,-10.0,NO_C,0.03,0.01,11.050409368989072,9.26989523343696,10.455821941692845,1782156008,406,406,406,hist:er_v2,,,SHORT,0.37,,,,,22,,,,,,-0.010000000000000009,BTC,1782156008,,,,10.455821941692845,,,0,,,1782145240,SHORT,0.37,1782156008,,,,,22,,,,btc-updown-5m-1782156000,,,trades.db,early_reversion_v2_trades,-0.010000000000000009,NO_C,BTC,1782156008,,,,10.455821941692845,,,0
,BTC,True,Offhours,0.35,0.41,8.229999999995925,0.35,1782156602,btc-updown-5m-1782156600,,NO,early_reversion_v2_trades,-0.06,-10.0,NO_C,0.03,0.01,4.646330690865798,4.286930396240711,6.019575250827181,1782156602,407,407,407,hist:er_v2,,,SHORT,0.35,,,,,22,,,,,,-0.06,BTC,1782156602,,,,6.019575250827181,,,0,,,1782145832,SHORT,0.35,1782156602,,,,,22,,,,btc-updown-5m-1782156600,,,trades.db,early_reversion_v2_trades,-0.06,NO_C,BTC,1782156602,,,,6.019575250827181,,,0
,BTC,True,London,0.38,0.39,26.32999999999447,0.38,1782203122,btc-updown-5m-1782203100,,NO,early_reversion_v2_trades,-0.010000000000000009,-10.0,NO_C,0.03,0.01,21.60357896275272,18.691501361325116,28.837945588843723,1782203122,408,408,408,hist:er_v2,,,SHORT,0.38,,,,,11,,,,,,-0.010000000000000009,BTC,1782203122,,,,28.837945588843723,,,1,,,1782192352,SHORT,0.38,1782203122,,,,,11,,,,btc-updown-5m-1782203100,,,trades.db,early_reversion_v2_trades,-0.010000000000000009,NO_C,BTC,1782203122,,,,28.837945588843723,,,1
,BTC,True,NewYork,0.4,0.45,2.6699999999982538,0.4,1782213002,btc-updown-5m-1782213000,,NO,early_reversion_v2_trades,-0.04999999999999999,-10.0,NO_C,0.03,0.01,6.854511896067285,7.226162002332027,8.230697479056294,1782213002,409,409,409,hist:er_v2,,,SHORT,0.4,,,,,14,,,,,,-0.04999999999999999,BTC,1782213002,,,,8.230697479056294,,,1,,,1782202233,SHORT,0.4,1782213002,,,,,14,,,,btc-updown-5m-1782213000,,,trades.db,early_reversion_v2_trades,-0.04999999999999999,NO_C,BTC,1782213002,,,,8.230697479056294,,,1
,BTC,True,NewYork,0.4,0.41,32.51000000000204,0.4,1782224421,btc-updown-5m-1782224400,,NO,early_reversion_v2_trades,-0.009999999999999953,-10.0,NO_C,0.03,0.01,17.31290847893523,13.526688528646334,26.191170049943437,1782224421,410,410,410,hist:er_v2,,,SHORT,0.4,,,,,17,,,,,,-0.009999999999999953,BTC,1782224421,,,,26.191170049943437,,,1,,,1782213712,SHORT,0.4,1782224421,,,,,17,,,,btc-updown-5m-1782224400,,,trades.db,early_reversion_v2_trades,-0.009999999999999953,NO_C,BTC,1782224421,,,,26.191170049943437,,,1
,BTC,True,Asia,0.32,0.33,15.150000000001455,0.32,1782338415,btc-updown-5m-1782338400,,NO,early_reversion_v2_trades,-0.010000000000000009,-10.0,NO_C,0.03,0.01,6.447057003003471,10.235093598604328,7.993680507257277,1782338415,411,411,411,hist:er_v2,,,SHORT,0.32,,,,,1,,,,,,-0.010000000000000009,BTC,1782338415,,,,7.993680507257277,,,3,,,1782327645,SHORT,0.32,1782338415,,,,,1,,,,btc-updown-5m-1782338400,,,trades.db,early_reversion_v2_trades,-0.010000000000000009,NO_C,BTC,1782338415,,,,7.993680507257277,,,3
,BTC,True,Asia,0.39,0.4,7.7700000000040745,0.39,1782338727,btc-updown-5m-1782338700,,NO,early_reversion_v2_trades,-0.010000000000000009,-10.0,NO_C,0.03,0.01,3.722902880733681,8.009557955284057,21.752422259601627,1782338727,412,412,412,hist:er_v2,,,SHORT,0.39,,,,,1,,,,,,-0.010000000000000009,BTC,1782338727,,,,21.752422259601627,,,3,,,1782327960,SHORT,0.39,1782338727,,,,,1,,,,btc-updown-5m-1782338700,,,trades.db,early_reversion_v2_trades,-0.010000000000000009,NO_C,BTC,1782338727,,,,21.752422259601627,,,3
,BTC,True,NewYork,0.4,0.41,0.0,0.4,1782570609,btc-updown-5m-1782570600,,NO,early_reversion_v2_trades,-0.009999999999999953,-10.0,NO_C,0.03,0.01,0.0,1.3674365945949918,4.952302842504861,1782570609,413,413,413,hist:er_v2,,,SHORT,0.4,,,,,17,,,,,,-0.009999999999999953,BTC,1782570609,,,,4.952302842504861,,,5,,,1782559840,SHORT,0.4,1782570609,,,,,17,,,,btc-updown-5m-1782570600,,,trades.db,early_reversion_v2_trades,-0.009999999999999953,NO_C,BTC,1782570609,,,,4.952302842504861,,,5
,BTC,True,NewYork,0.4,0.41,0.0,0.4,1782571205,btc-updown-5m-1782571200,,NO,early_reversion_v2_trades,-0.009999999999999953,-10.0,NO_C,0.03,0.01,0.0,1.4626874026509202,19.889935291319144,1782571205,414,414,414,hist:er_v2,,,SHORT,0.4,,,,,17,,,,,,-0.009999999999999953,BTC,1782571205,,,,19.889935291319144,,,5,,,1782560437,SHORT,0.4,1782571205,,,,,17,,,,btc-updown-5m-1782571200,,,trades.db,early_reversion_v2_trades,-0.009999999999999953,NO_C,BTC,1782571205,,,,19.889935291319144,,,5
,BTC,True,NewYork,0.36,0.37,5.3399999999965075,0.36,1782571525,btc-updown-5m-1782571500,,NO,early_reversion_v2_trades,-0.010000000000000009,-10.0,NO_C,0.03,0.01,4.9785564172745485,5.704754946532266,8.018197762589354,1782571525,415,415,415,hist:er_v2,,,SHORT,0.36,,,,,17,,,,,,-0.010000000000000009,BTC,1782571525,,,,8.018197762589354,,,5,,,1782560756,SHORT,0.36,1782571525,,,,,17,,,,btc-updown-5m-1782571500,,,trades.db,early_reversion_v2_trades,-0.010000000000000009,NO_C,BTC,1782571525,,,,8.018197762589354,,,5
,BTC,True,NewYork,0.36,0.37,0.010000000002037268,0.36,1782572405,btc-updown-5m-1782572400,,NO,early_reversion_v2_trades,-0.010000000000000009,-10.0,NO_C,0.03,0.01,0.9788031240029159,1.7936293157880936,1.750045846181276,1782572405,416,416,416,hist:er_v2,,,SHORT,0.36,,,,,18,,,,,,-0.010000000000000009,BTC,1782572405,,,,1.750045846181276,,,5,,,1782638961,SHORT,0.36,1782572405,,,,,18,,,,btc-updown-5m-1782572400,,,trades.db,early_reversion_v2_trades,-0.010000000000000009,NO_C,BTC,1782572405,,,,1.750045846181276,,,5
,BTC,True,NewYork,0.39,0.4,1.4350000000049477,0.39,1782649814,btc-updown-5m-1782649800,,NO,early_reversion_v2_trades,-0.010000000000000009,-10.0,NO_C,0.03,0.01,1.8209719626856515,6.88396594336237,7.448719718433886,1782649814,417,417,417,hist:er_v2,,,SHORT,0.39,,,,,15,,,,,,-0.010000000000000009,BTC,1782649814,,,,7.448719718433886,,,6,,,1782639086,SHORT,0.39,1782649814,,,,,15,,,,btc-updown-5m-1782649800,,,trades.db,early_reversion_v2_trades,-0.010000000000000009,NO_C,BTC,1782649814,,,,7.448719718433886,,,6
,BTC,True,NewYork,0.38,0.4,5.404999999998836,0.38,1782650422,btc-updown-5m-1782650400,,NO,early_reversion_v2_trades,-0.020000000000000018,-10.0,NO_C,0.03,0.01,2.153901619734311,5.31608140309851,5.830919934736577,1782650422,418,418,418,hist:er_v2,,,SHORT,0.38,,,,,15,,,,,,-0.020000000000000018,BTC,1782650422,,,,5.830919934736577,,,6,,,1782639652,SHORT,0.38,1782650422,,,,,15,,,,btc-updown-5m-1782650400,,,trades.db,early_reversion_v2_trades,-0.020000000000000018,NO_C,BTC,1782650422,,,,5.830919934736577,,,6
,BTC,True,NewYork,0.37,0.4,6.129999999997381,0.37,1782650705,btc-updown-5m-1782650700,,NO,early_reversion_v2_trades,-0.030000000000000027,-10.0,NO_C,0.03,0.01,4.470686748141484,3.4919465918026824,6.282810771263781,1782650705,419,419,419,hist:er_v2,,,SHORT,0.37,,,,,15,,,,,,-0.030000000000000027,BTC,1782650705,,,,6.282810771263781,,,6,,,1782639942,SHORT,0.37,1782650705,,,,,15,,,,btc-updown-5m-1782650700,,,trades.db,early_reversion_v2_trades,-0.030000000000000027,NO_C,BTC,1782650705,,,,6.282810771263781,,,6
,BTC,True,NewYork,0.38,0.39,0.0,0.38,1782652516,btc-updown-5m-1782652500,,NO,early_reversion_v2_trades,-0.010000000000000009,-10.0,NO_C,0.03,0.01,2.7765726274589024,2.613505738447205,4.545795730510503,1782652516,420,420,420,hist:er_v2,,,SHORT,0.38,,,,,16,,,,,,-0.010000000000000009,BTC,1782652516,,,,4.545795730510503,,,6,,,1782641748,SHORT,0.38,1782652516,,,,,16,,,,btc-updown-5m-1782652500,,,trades.db,early_reversion_v2_trades,-0.010000000000000009,NO_C,BTC,1782652516,,,,4.545795730510503,,,6
,BTC,True,NewYork,0.34,0.33,5.439999999995052,0.34,1782653115,btc-updown-5m-1782653100,,NO,early_reversion_v2_trades,0.010000000000000009,-10.0,NO_C,0.03,0.01,2.56444059310088,2.0105705036135735,2.08961357744583,1782653115,421,421,421,hist:er_v2,,,SHORT,0.34,,,,,16,,,,,,0.010000000000000009,BTC,1782653115,,,,2.08961357744583,,,6,,,1782642347,SHORT,0.34,1782653115,,,,,16,,,,btc-updown-5m-1782653100,,,trades.db,early_reversion_v2_trades,0.010000000000000009,NO_C,BTC,1782653115,,,,2.08961357744583,,,6
,BTC,True,NewYork,0.39,0.4,0.0,0.39,1782655212,btc-updown-5m-1782655200,,NO,early_reversion_v2_trades,-0.010000000000000009,-10.0,NO_C,0.03,0.01,0.9266471820490974,1.0483816099109151,3.751383078279075,1782655212,422,422,422,hist:er_v2,,,SHORT,0.39,,,,,17,,,,,,-0.010000000000000009,BTC,1782655212,,,,3.751383078279075,,,6,,,1782644445,SHORT,0.39,1782655212,,,,,17,,,,btc-updown-5m-1782655200,,,trades.db,early_reversion_v2_trades,-0.010000000000000009,NO_C,BTC,1782655212,,,,3.751383078279075,,,6
,BTC,True,NewYork,0.38,0.39,0.0,0.38,1782655810,btc-updown-5m-1782655800,,NO,early_reversion_v2_trades,-0.010000000000000009,-10.0,NO_C,0.03,0.01,5.574358458352577,6.414031805346398,14.467343394775034,1782655810,423,423,423,hist:er_v2,,,SHORT,0.38,,,,,17,,,,,,-0.010000000000000009,BTC,1782655810,,,,14.467343394775034,,,6,,,1782645049,SHORT,0.38,1782655810,,,,,17,,,,btc-updown-5m-1782655800,,,trades.db,early_reversion_v2_trades,-0.010000000000000009,NO_C,BTC,1782655810,,,,14.467343394775034,,,6
,BTC,True,NewYork,0.36,0.37,8.259999999994761,0.36,1782657628,btc-updown-5m-1782657600,,NO,early_reversion_v2_trades,-0.010000000000000009,-10.0,NO_C,0.03,0.01,2.639999999999418,3.1734330859510593,2.2821787380442697,1782657628,424,424,424,hist:er_v2,,,SHORT,0.36,,,,,17,,,,,,-0.010000000000000009,BTC,1782657628,,,,2.2821787380442697,,,6,,,1782646860,SHORT,0.36,1782657628,,,,,17,,,,btc-updown-5m-1782657600,,,trades.db,early_reversion_v2_trades,-0.010000000000000009,NO_C,BTC,1782657628,,,,2.2821787380442697,,,6
,BTC,True,NewYork,0.39,0.4,6.8549999999959255,0.39,1782658514,btc-updown-5m-1782658500,,NO,early_reversion_v2_trades,-0.010000000000000009,-10.0,NO_C,0.03,0.01,3.4438266779107822,6.6605255047935845,10.37855941011782,1782658514,425,425,425,hist:er_v2,,,SHORT,0.39,,,,,17,,,,,,-0.010000000000000009,BTC,1782658514,,,,10.37855941011782,,,6,,,1782647745,SHORT,0.39,1782658514,,,,,17,,,,btc-updown-5m-1782658500,,,trades.db,early_reversion_v2_trades,-0.010000000000000009,NO_C,BTC,1782658514,,,,10.37855941011782,,,6
,BTC,True,NewYork,0.4,0.41,5.879999999997381,0.4,1782658820,btc-updown-5m-1782658800,,NO,early_reversion_v2_trades,-0.009999999999999953,-10.0,NO_C,0.03,0.01,2.9127596450774202,3.280334104436413,11.015207165046268,1782658820,426,426,426,hist:er_v2,,,SHORT,0.4,,,,,18,,,,,,-0.009999999999999953,BTC,1782658820,,,,11.015207165046268,,,6,,,1782648051,SHORT,0.4,1782658820,,,,,18,,,,btc-updown-5m-1782658800,,,trades.db,early_reversion_v2_trades,-0.009999999999999953,NO_C,BTC,1782658820,,,,11.015207165046268,,,6
,BTC,True,NewYork,0.35,0.36,4.730000000003201,0.35,1782659126,btc-updown-5m-1782659100,,NO,early_reversion_v2_trades,-0.010000000000000009,-10.0,NO_C,0.03,0.01,0.0,2.229743383343089,2.3407429485160955,1782659126,427,427,427,hist:er_v2,,,SHORT,0.35,,,,,18,,,,,,-0.010000000000000009,BTC,1782659126,,,,2.3407429485160955,,,6,,,1782648357,SHORT,0.35,1782659126,,,,,18,,,,btc-updown-5m-1782659100,,,trades.db,early_reversion_v2_trades,-0.010000000000000009,NO_C,BTC,1782659126,,,,2.3407429485160955,,,6
,BTC,True,NewYork,0.39,0.4,1.2200000000011642,0.39,1782659405,btc-updown-5m-1782659400,,NO,early_reversion_v2_trades,-0.010000000000000009,-10.0,NO_C,0.03,0.01,8.826868074238206,7.93017226997016,26.38948333683469,1782659405,428,428,428,hist:er_v2,,,SHORT,0.39,,,,,18,,,,,,-0.010000000000000009,BTC,1782659405,,,,26.38948333683469,,,6,,,1782648646,SHORT,0.39,1782659405,,,,,18,,,,btc-updown-5m-1782659400,,,trades.db,early_reversion_v2_trades,-0.010000000000000009,NO_C,BTC,1782659405,,,,26.38948333683469,,,6
,BTC,True,NewYork,0.32,0.35,16.30000000000291,0.32,1782659723,btc-updown-5m-1782659700,,NO,early_reversion_v2_trades,-0.02999999999999997,-10.0,NO_C,0.03,0.01,4.379923479638916,13.145977157750748,15.66299611145613,1782659723,429,429,429,hist:er_v2,,,SHORT,0.32,,,,,18,,,,,,-0.02999999999999997,BTC,1782659723,,,,15.66299611145613,,,6,,,1782648960,SHORT,0.32,1782659723,,,,,18,,,,btc-updown-5m-1782659700,,,trades.db,early_reversion_v2_trades,-0.02999999999999997,NO_C,BTC,1782659723,,,,15.66299611145613,,,6
,BTC,True,NewYork,0.35,0.36,0.0,0.35,1782660307,btc-updown-5m-1782660300,,NO,early_reversion_v2_trades,-0.010000000000000009,-10.0,NO_C,0.03,0.01,0.0,0.7706723055034662,7.547955584131883,1782660307,430,430,430,hist:er_v2,,,SHORT,0.35,,,,,18,,,,,,-0.010000000000000009,BTC,1782660307,,,,7.547955584131883,,,6,,,1782649543,SHORT,0.35,1782660307,,,,,18,,,,btc-updown-5m-1782660300,,,trades.db,early_reversion_v2_trades,-0.010000000000000009,NO_C,BTC,1782660307,,,,7.547955584131883,,,6
,BTC,True,NewYork,0.4,0.41,9.729999999995925,0.4,1782661215,btc-updown-5m-1782661200,,NO,early_reversion_v2_trades,-0.009999999999999953,-10.0,NO_C,0.03,0.01,2.9582427216164016,2.832911752948986,8.898979094570633,1782661215,431,431,431,hist:er_v2,,,SHORT,0.4,,,,,18,,,,,,-0.009999999999999953,BTC,1782661215,,,,8.898979094570633,,,6,,,1782650455,SHORT,0.4,1782661215,,,,,18,,,,btc-updown-5m-1782661200,,,trades.db,early_reversion_v2_trades,-0.009999999999999953,NO_C,BTC,1782661215,,,,8.898979094570633,,,6
,BTC,True,NewYork,0.39,0.4,8.769999999996799,0.39,1782661811,btc-updown-5m-1782661800,,NO,early_reversion_v2_trades,-0.010000000000000009,-10.0,NO_C,0.03,0.01,8.635332998789575,12.722779547781187,11.901380696219086,1782661811,432,432,432,hist:er_v2,,,SHORT,0.39,,,,,18,,,,,,-0.010000000000000009,BTC,1782661811,,,,11.901380696219086,,,6,,,1782651045,SHORT,0.39,1782661811,,,,,18,,,,btc-updown-5m-1782661800,,,trades.db,early_reversion_v2_trades,-0.010000000000000009,NO_C,BTC,1782661811,,,,11.901380696219086,,,6
,BTC,True,NewYork,0.35,0.36,0.0,0.35,1782662404,btc-updown-5m-1782662400,,NO,early_reversion_v2_trades,-0.010000000000000009,-10.0,NO_C,0.03,0.01,6.72744751001332,6.158564246660026,4.13370801461707,1782662404,433,433,433,hist:er_v2,,,SHORT,0.35,,,,,19,,,,,,-0.010000000000000009,BTC,1782662404,,,,4.13370801461707,,,6,,,1782651636,SHORT,0.35,1782662404,,,,,19,,,,btc-updown-5m-1782662400,,,trades.db,early_reversion_v2_trades,-0.010000000000000009,NO_C,BTC,1782662404,,,,4.13370801461707,,,6
,BTC,True,NewYork,0.4,0.41,9.35000000000582,0.4,1782662729,btc-updown-5m-1782662700,,NO,early_reversion_v2_trades,-0.009999999999999953,-10.0,NO_C,0.03,0.01,0.0,3.1131793937248804,4.354085812810785,1782662729,434,434,434,hist:er_v2,,,SHORT,0.4,,,,,19,,,,,,-0.009999999999999953,BTC,1782662729,,,,4.354085812810785,,,6,,,1782651959,SHORT,0.4,1782662729,,,,,19,,,,btc-updown-5m-1782662700,,,trades.db,early_reversion_v2_trades,-0.009999999999999953,NO_C,BTC,1782662729,,,,4.354085812810785,,,6
,BTC,True,NewYork,0.37,0.38,2.6299999999973807,0.37,1782663025,btc-updown-5m-1782663000,,NO,early_reversion_v2_trades,-0.010000000000000009,-10.0,NO_C,0.03,0.01,4.541128273901441,4.5438247930591915,7.065945531207437,1782663025,435,435,435,hist:er_v2,,,SHORT,0.37,,,,,19,,,,,,-0.010000000000000009,BTC,1782663025,,,,7.065945531207437,,,6,,,1782652255,SHORT,0.37,1782663025,,,,,19,,,,btc-updown-5m-1782663000,,,trades.db,early_reversion_v2_trades,-0.010000000000000009,NO_C,BTC,1782663025,,,,7.065945531207437,,,6
,BTC,True,NewYork,0.38,0.39,9.169999999998254,0.38,1782663624,btc-updown-5m-1782663600,,NO,early_reversion_v2_trades,-0.010000000000000009,-10.0,NO_C,0.03,0.01,4.492364188263493,5.02537143151456,8.049860381037904,1782663624,436,436,436,hist:er_v2,,,SHORT,0.38,,,,,19,,,,,,-0.010000000000000009,BTC,1782663624,,,,8.049860381037904,,,6,,,1782653140,SHORT,0.38,1782663624,,,,,19,,,,btc-updown-5m-1782663600,,,trades.db,early_reversion_v2_trades,-0.010000000000000009,NO_C,BTC,1782663624,,,,8.049860381037904,,,6
,BTC,True,NewYork,0.35,0.36,0.0,0.35,1782664205,btc-updown-5m-1782664200,,NO,early_reversion_v2_trades,-0.010000000000000009,-10.0,NO_C,0.03,0.01,1.8836052532305239,11.84457048609183,10.862921432554836,1782664205,437,437,437,hist:er_v2,,,SHORT,0.35,,,,,19,,,,,,-0.010000000000000009,BTC,1782664205,,,,10.862921432554836,,,6,,,1782653440,SHORT,0.35,1782664205,,,,,19,,,,btc-updown-5m-1782664200,,,trades.db,early_reversion_v2_trades,-0.010000000000000009,NO_C,BTC,1782664205,,,,10.862921432554836,,,6
,BTC,True,NewYork,0.21,0.22,0.0,0.21,1782664507,btc-updown-5m-1782664500,,NO,early_reversion_v2_trades,-0.010000000000000009,-10.0,NO_C,0.03,0.01,1.7071687087092424,6.667734077958315,26.70827539717474,1782664507,438,438,438,hist:er_v2,,,SHORT,0.21,,,,,19,,,,,,-0.010000000000000009,BTC,1782664507,,,,26.70827539717474,,,6,,,1782653737,SHORT,0.21,1782664507,,,,,19,,,,btc-updown-5m-1782664500,,,trades.db,early_reversion_v2_trades,-0.010000000000000009,NO_C,BTC,1782664507,,,,26.70827539717474,,,6
,BTC,True,NewYork,0.39,0.4,0.8550000000032014,0.39,1782666918,btc-updown-5m-1782666900,,NO,early_reversion_v2_trades,-0.010000000000000009,-10.0,NO_C,0.03,0.01,4.041224095186236,4.352131616735783,3.1115635707275104,1782666918,439,439,439,hist:er_v2,,,SHORT,0.39,,,,,20,,,,,,-0.010000000000000009,BTC,1782666918,,,,3.1115635707275104,,,6,,,1782656150,SHORT,0.39,1782666918,,,,,20,,,,btc-updown-5m-1782666900,,,trades.db,early_reversion_v2_trades,-0.010000000000000009,NO_C,BTC,1782666918,,,,3.1115635707275104,,,6
,BTC,True,NewYork,0.37,0.38,4.94999999999709,0.37,1782667213,btc-updown-5m-1782667200,,NO,early_reversion_v2_trades,-0.010000000000000009,-10.0,NO_C,0.03,0.01,12.673230536143013,15.439454239778396,11.784118962494126,1782667213,440,440,440,hist:er_v2,,,SHORT,0.37,,,,,20,,,,,,-0.010000000000000009,BTC,1782667213,,,,11.784118962494126,,,6,,,1782656445,SHORT,0.37,1782667213,,,,,20,,,,btc-updown-5m-1782667200,,,trades.db,early_reversion_v2_trades,-0.010000000000000009,NO_C,BTC,1782667213,,,,11.784118962494126,,,6
,BTC,True,NewYork,0.39,0.4,0.0,0.39,1782668405,btc-updown-5m-1782668400,,NO,early_reversion_v2_trades,-0.010000000000000009,-10.0,NO_C,0.03,0.01,4.388679072340679,5.839694255694409,6.963341780352287,1782668405,441,441,441,hist:er_v2,,,SHORT,0.39,,,,,20,,,,,,-0.010000000000000009,BTC,1782668405,,,,6.963341780352287,,,6,,,1782657638,SHORT,0.39,1782668405,,,,,20,,,,btc-updown-5m-1782668400,,,trades.db,early_reversion_v2_trades,-0.010000000000000009,NO_C,BTC,1782668405,,,,6.963341780352287,,,6
,BTC,True,NewYork,0.35,0.4,3.959999999999127,0.35,1782669021,btc-updown-5m-1782669000,,NO,early_reversion_v2_trades,-0.050000000000000044,-10.0,NO_C,0.03,0.01,1.466068059660383,2.3277200337567208,3.204881560420453,1782669021,442,442,442,hist:er_v2,,,SHORT,0.35,,,,,20,,,,,,-0.050000000000000044,BTC,1782669021,,,,3.204881560420453,,,6,,,1782658253,SHORT,0.35,1782669021,,,,,20,,,,btc-updown-5m-1782669000,,,trades.db,early_reversion_v2_trades,-0.050000000000000044,NO_C,BTC,1782669021,,,,3.204881560420453,,,6
,BTC,True,NewYork,0.4,0.41,1.889999999999418,0.4,1782669319,btc-updown-5m-1782669300,,NO,early_reversion_v2_trades,-0.009999999999999953,-10.0,NO_C,0.03,0.01,2.7309922647263636,6.918203230427492,10.84389550992741,1782669319,443,443,443,hist:er_v2,,,SHORT,0.4,,,,,20,,,,,,-0.009999999999999953,BTC,1782669319,,,,10.84389550992741,,,6,,,1782658552,SHORT,0.4,1782669319,,,,,20,,,,btc-updown-5m-1782669300,,,trades.db,early_reversion_v2_trades,-0.009999999999999953,NO_C,BTC,1782669319,,,,10.84389550992741,,,6
,BTC,True,Offhours,0.4,0.42,4.3400000000037835,0.4,1782671122,btc-updown-5m-1782671100,,NO,early_reversion_v2_trades,-0.019999999999999962,-10.0,NO_C,0.03,0.01,1.973447744433259,9.917222331148471,7.964233361633095,1782671122,444,444,444,hist:er_v2,,,SHORT,0.4,,,,,21,,,,,,-0.019999999999999962,BTC,1782671122,,,,7.964233361633095,,,6,,,1782660354,SHORT,0.4,1782671122,,,,,21,,,,btc-updown-5m-1782671100,,,trades.db,early_reversion_v2_trades,-0.019999999999999962,NO_C,BTC,1782671122,,,,7.964233361633095,,,6
,BTC,True,Offhours,0.35,0.37,0.0,0.35,1782671413,btc-updown-5m-1782671400,,NO,early_reversion_v2_trades,-0.020000000000000018,-10.0,NO_C,0.03,0.01,1.5444876780031365,3.2471350449290326,5.790609121673016,1782671413,445,445,445,hist:er_v2,,,SHORT,0.35,,,,,21,,,,,,-0.020000000000000018,BTC,1782671413,,,,5.790609121673016,,,6,,,1782660645,SHORT,0.35,1782671413,,,,,21,,,,btc-updown-5m-1782671400,,,trades.db,early_reversion_v2_trades,-0.020000000000000018,NO_C,BTC,1782671413,,,,5.790609121673016,,,6
,BTC,True,Offhours,0.37,0.38,10.044999999998254,0.37,1782672615,btc-updown-5m-1782672600,,NO,early_reversion_v2_trades,-0.010000000000000009,-10.0,NO_C,0.03,0.01,4.73525841134509,6.485911655270574,18.516989412795557,1782672615,446,446,446,hist:er_v2,,,SHORT,0.37,,,,,21,,,,,,-0.010000000000000009,BTC,1782672615,,,,18.516989412795557,,,6,,,1782661848,SHORT,0.37,1782672615,,,,,21,,,,btc-updown-5m-1782672600,,,trades.db,early_reversion_v2_trades,-0.010000000000000009,NO_C,BTC,1782672615,,,,18.516989412795557,,,6
,BTC,True,Offhours,0.4,0.41,3.860000000000582,0.4,1782673521,btc-updown-5m-1782673500,,NO,early_reversion_v2_trades,-0.009999999999999953,-10.0,NO_C,0.03,0.01,2.74351052485778,9.903593203142727,14.011276922241446,1782673521,447,447,447,hist:er_v2,,,SHORT,0.4,,,,,22,,,,,,-0.009999999999999953,BTC,1782673521,,,,14.011276922241446,,,6,,,1782662752,SHORT,0.4,1782673521,,,,,22,,,,btc-updown-5m-1782673500,,,trades.db,early_reversion_v2_trades,-0.009999999999999953,NO_C,BTC,1782673521,,,,14.011276922241446,,,6
,BTC,True,Offhours,0.36,0.37,0.0,0.36,1782674108,btc-updown-5m-1782674100,,NO,early_reversion_v2_trades,-0.010000000000000009,-10.0,NO_C,0.03,0.01,1.8526197667088917,1.2719101994860849,3.0768033020586234,1782674108,448,448,448,hist:er_v2,,,SHORT,0.36,,,,,22,,,,,,-0.010000000000000009,BTC,1782674108,,,,3.0768033020586234,,,6,,,1782663338,SHORT,0.36,1782674108,,,,,22,,,,btc-updown-5m-1782674100,,,trades.db,early_reversion_v2_trades,-0.010000000000000009,NO_C,BTC,1782674108,,,,3.0768033020586234,,,6
,BTC,True,Offhours,0.39,0.4,0.09500000000116415,0.39,1782676221,btc-updown-5m-1782676200,,NO,early_reversion_v2_trades,-0.010000000000000009,-10.0,NO_C,0.03,0.01,,4.5900000000001455,7.311907822177142,1782676221,449,449,449,hist:er_v2,,,SHORT,0.39,,,,,22,,,,,,-0.010000000000000009,BTC,1782676221,,,,7.311907822177142,,,6,,,1782665470,SHORT,0.39,1782676221,,,,,22,,,,btc-updown-5m-1782676200,,,trades.db,early_reversion_v2_trades,-0.010000000000000009,NO_C,BTC,1782676221,,,,7.311907822177142,,,6
,BTC,True,Offhours,0.38,0.39,4.010000000002037,0.38,1782677408,btc-updown-5m-1782677400,,NO,early_reversion_v2_trades,-0.010000000000000009,-10.0,NO_C,0.03,0.01,3.220000000001164,3.0358451138953417,8.133519287492247,1782677408,450,450,450,hist:er_v2,,,SHORT,0.38,,,,,23,,,,,,-0.010000000000000009,BTC,1782677408,,,,8.133519287492247,,,6,,,1782666644,SHORT,0.38,1782677408,,,,,23,,,,btc-updown-5m-1782677400,,,trades.db,early_reversion_v2_trades,-0.010000000000000009,NO_C,BTC,1782677408,,,,8.133519287492247,,,6
,BTC,True,Offhours,0.22,0.21,0.0,0.22,1782677726,btc-updown-5m-1782677700,,NO,early_reversion_v2_trades,0.010000000000000009,-10.0,NO_C,0.03,0.01,0.0,4.992173875178809,4.585272620031204,1782677726,451,451,451,hist:er_v2,,,SHORT,0.22,,,,,23,,,,,,0.010000000000000009,BTC,1782677726,,,,4.585272620031204,,,6,,,1782666959,SHORT,0.22,1782677726,,,,,23,,,,btc-updown-5m-1782677700,,,trades.db,early_reversion_v2_trades,0.010000000000000009,NO_C,BTC,1782677726,,,,4.585272620031204,,,6
,BTC,True,Offhours,0.34,0.35,0.0,0.34,1782678315,btc-updown-5m-1782678300,,NO,early_reversion_v2_trades,-0.009999999999999953,-10.0,NO_C,0.03,0.01,,5.764999999999418,6.3059495716341365,1782678315,452,452,452,hist:er_v2,,,SHORT,0.34,,,,,23,,,,,,-0.009999999999999953,BTC,1782678315,,,,6.3059495716341365,,,6,,,1782667576,SHORT,0.34,1782678315,,,,,23,,,,btc-updown-5m-1782678300,,,trades.db,early_reversion_v2_trades,-0.009999999999999953,NO_C,BTC,1782678315,,,,6.3059495716341365,,,6
,BTC,True,Asia,0.27,0.28,7.790000000000873,0.27,1782683110,btc-updown-5m-1782683100,,NO,early_reversion_v2_trades,-0.010000000000000009,-10.0,NO_C,0.03,0.01,3.904999999998836,6.368675075886244,13.264949517968903,1782683110,453,453,453,hist:er_v2,,,SHORT,0.27,,,,,0,,,,,,-0.010000000000000009,BTC,1782683110,,,,13.264949517968903,,,0,,,1782672343,SHORT,0.27,1782683110,,,,,0,,,,btc-updown-5m-1782683100,,,trades.db,early_reversion_v2_trades,-0.010000000000000009,NO_C,BTC,1782683110,,,,13.264949517968903,,,0
,BTC,True,Asia,0.39,0.4,89.18999999999505,0.39,1782683410,btc-updown-5m-1782683400,,NO,early_reversion_v2_trades,-0.010000000000000009,-10.0,NO_C,0.03,0.01,4.494999999998981,5.0391952620319405,8.098324341668583,1782683410,454,454,454,hist:er_v2,,,SHORT,0.39,,,,,0,,,,,,-0.010000000000000009,BTC,1782683410,,,,8.098324341668583,,,0,,,1782672650,SHORT,0.39,1782683410,,,,,0,,,,btc-updown-5m-1782683400,,,trades.db,early_reversion_v2_trades,-0.010000000000000009,NO_C,BTC,1782683410,,,,8.098324341668583,,,0
,BTC,True,Asia,0.37,0.38,0.21499999999650754,0.37,1782683722,btc-updown-5m-1782683700,,NO,early_reversion_v2_trades,-0.010000000000000009,-10.0,NO_C,0.03,0.01,2.709999999999127,6.065433940689161,19.544445076116222,1782683722,455,455,455,hist:er_v2,,,SHORT,0.37,,,,,0,,,,,,-0.010000000000000009,BTC,1782683722,,,,19.544445076116222,,,0,,,1782672973,SHORT,0.37,1782683722,,,,,0,,,,btc-updown-5m-1782683700,,,trades.db,early_reversion_v2_trades,-0.010000000000000009,NO_C,BTC,1782683722,,,,19.544445076116222,,,0
,BTC,True,Asia,0.23,0.24,29.69999999999709,0.23,1782684008,btc-updown-5m-1782684000,,NO,early_reversion_v2_trades,-0.009999999999999981,-10.0,NO_C,0.03,0.01,1.9799999999995634,1.8667619023320738,7.483084071573799,1782684008,456,456,456,hist:er_v2,,,SHORT,0.23,,,,,1,,,,,,-0.009999999999999981,BTC,1782684008,,,,7.483084071573799,,,0,,,1782673244,SHORT,0.23,1782684008,,,,,1,,,,btc-updown-5m-1782684000,,,trades.db,early_reversion_v2_trades,-0.009999999999999981,NO_C,BTC,1782684008,,,,7.483084071573799,,,0
,BTC,True,Asia,0.38,0.39,0.0,0.38,1782684308,btc-updown-5m-1782684300,,NO,early_reversion_v2_trades,-0.010000000000000009,-10.0,NO_C,0.03,0.01,15.359999999996944,25.790208413272293,27.655853509398625,1782684308,457,457,457,hist:er_v2,,,SHORT,0.38,,,,,1,,,,,,-0.010000000000000009,BTC,1782684308,,,,27.655853509398625,,,0,,,1782673559,SHORT,0.38,1782684308,,,,,1,,,,btc-updown-5m-1782684300,,,trades.db,early_reversion_v2_trades,-0.010000000000000009,NO_C,BTC,1782684308,,,,27.655853509398625,,,0
,BTC,True,Asia,0.3,0.31,8.75499999999738,0.3,1782685814,btc-updown-5m-1782685800,,NO,early_reversion_v2_trades,-0.010000000000000009,-10.0,NO_C,0.03,0.01,,4.888464880604233,4.361023070592009,1782685814,458,458,458,hist:er_v2,,,SHORT,0.3,,,,,1,,,,,,-0.010000000000000009,BTC,1782685814,,,,4.361023070592009,,,0,,,1782675046,SHORT,0.3,1782685814,,,,,1,,,,btc-updown-5m-1782685800,,,trades.db,early_reversion_v2_trades,-0.010000000000000009,NO_C,BTC,1782685814,,,,4.361023070592009,,,0
,BTC,True,Asia,0.35,0.36,19.05999999999767,0.35,1782686705,btc-updown-5m-1782686700,,NO,early_reversion_v2_trades,-0.010000000000000009,-10.0,NO_C,0.03,0.01,31.774999999997817,31.4566082832753,24.41643033713385,1782686705,459,459,459,hist:er_v2,,,SHORT,0.35,,,,,1,,,,,,-0.010000000000000009,BTC,1782686705,,,,24.41643033713385,,,0,,,1782675946,SHORT,0.35,1782686705,,,,,1,,,,btc-updown-5m-1782686700,,,trades.db,early_reversion_v2_trades,-0.010000000000000009,NO_C,BTC,1782686705,,,,24.41643033713385,,,0
,BTC,True,Asia,0.33,0.34,0.0,0.33,1782687316,btc-updown-5m-1782687300,,NO,early_reversion_v2_trades,-0.010000000000000009,-10.0,NO_C,0.03,0.01,0.19499999999970896,5.654382272970051,14.45783475193442,1782687316,460,460,460,hist:er_v2,,,SHORT,0.33,,,,,1,,,,,,-0.010000000000000009,BTC,1782687316,,,,14.45783475193442,,,0,,,1782676569,SHORT,0.33,1782687316,,,,,1,,,,btc-updown-5m-1782687300,,,trades.db,early_reversion_v2_trades,-0.010000000000000009,NO_C,BTC,1782687316,,,,14.45783475193442,,,0
,BTC,True,Asia,0.4,0.44,0.0,0.4,1782687916,btc-updown-5m-1782687900,,NO,early_reversion_v2_trades,-0.03999999999999998,-10.0,NO_C,0.03,0.01,5.992500000000291,6.571989805225131,9.248582962029449,1782687916,461,461,461,hist:er_v2,,,SHORT,0.4,,,,,2,,,,,,-0.03999999999999998,BTC,1782687916,,,,9.248582962029449,,,0,,,1782740515,SHORT,0.4,1782687916,,,,,2,,,,btc-updown-5m-1782687900,,,trades.db,early_reversion_v2_trades,-0.03999999999999998,NO_C,BTC,1782687916,,,,9.248582962029449,,,0
,BTC,True,NewYork,0.36,0.4,1.0349999999962165,0.36,1782752422,btc-updown-5m-1782752400,,NO,early_reversion_v2_trades,-0.040000000000000036,-10.0,NO_C,0.03,0.01,2.3850000000020373,5.2817694846423775,5.507349950041988,1782752422,462,462,462,hist:er_v2,,,SHORT,0.36,,,,,20,,,,,,-0.040000000000000036,BTC,1782752422,,,,5.507349950041988,,,0,,,1782741662,SHORT,0.36,1782752422,,,,,20,,,,btc-updown-5m-1782752400,,,trades.db,early_reversion_v2_trades,-0.040000000000000036,NO_C,BTC,1782752422,,,,5.507349950041988,,,0
,BTC,True,NewYork,0.39,0.42,4.720000000001164,0.39,1782752709,btc-updown-5m-1782752700,,NO,early_reversion_v2_trades,-0.02999999999999997,-10.0,NO_C,0.03,0.01,2.6450000000004366,2.338902876707432,12.056710354957021,1782752709,463,463,463,hist:er_v2,,,SHORT,0.39,,,,,20,,,,,,-0.02999999999999997,BTC,1782752709,,,,12.056710354957021,,,0,,,1782741951,SHORT,0.39,1782752709,,,,,20,,,,btc-updown-5m-1782752700,,,trades.db,early_reversion_v2_trades,-0.02999999999999997,NO_C,BTC,1782752709,,,,12.056710354957021,,,0
,BTC,True,NewYork,0.37,0.38,0.0,0.37,1782753018,btc-updown-5m-1782753000,,NO,early_reversion_v2_trades,-0.010000000000000009,-10.0,NO_C,0.03,0.01,10.510000000002037,15.86636134160008,13.794201076297249,1782753018,464,464,464,hist:er_v2,,,SHORT,0.37,,,,,20,,,,,,-0.010000000000000009,BTC,1782753018,,,,13.794201076297249,,,0,,,1782742268,SHORT,0.37,1782753018,,,,,20,,,,btc-updown-5m-1782753000,,,trades.db,early_reversion_v2_trades,-0.010000000000000009,NO_C,BTC,1782753018,,,,13.794201076297249,,,0
,BTC,True,NewYork,0.35,0.38,4.209999999999127,0.35,1782753323,btc-updown-5m-1782753300,,NO,early_reversion_v2_trades,-0.030000000000000027,-10.0,NO_C,0.03,0.01,2.5450000000018917,4.3264965297831965,16.767564339788187,1782753323,465,465,465,hist:er_v2,,,SHORT,0.35,,,,,20,,,,,,-0.030000000000000027,BTC,1782753323,,,,16.767564339788187,,,0,,,1782742566,SHORT,0.35,1782753323,,,,,20,,,,btc-updown-5m-1782753300,,,trades.db,early_reversion_v2_trades,-0.030000000000000027,NO_C,BTC,1782753323,,,,16.767564339788187,,,0
,BTC,True,Offhours,0.38,0.39,7.205000000001746,0.38,1782756328,btc-updown-5m-1782756300,,NO,early_reversion_v2_trades,-0.010000000000000009,-10.0,NO_C,0.03,0.01,3.6275000000023283,3.624709183739171,10.443121506789304,1782756328,466,466,466,hist:er_v2,,,SHORT,0.38,,,,,21,,,,,,-0.010000000000000009,BTC,1782756328,,,,10.443121506789304,,,0,,,1782745574,SHORT,0.38,1782756328,,,,,21,,,,btc-updown-5m-1782756300,,,trades.db,early_reversion_v2_trades,-0.010000000000000009,NO_C,BTC,1782756328,,,,10.443121506789304,,,0
,BTC,True,Offhours,0.38,0.39,13.065000000002328,0.38,1782758108,btc-updown-5m-1782758100,,NO,early_reversion_v2_trades,-0.010000000000000009,-10.0,NO_C,0.03,0.01,21.80749999999898,23.202380026386194,18.35280042209626,1782758108,467,467,467,hist:er_v2,,,SHORT,0.38,,,,,21,,,,,,-0.010000000000000009,BTC,1782758108,,,,18.35280042209626,,,0,,,1782747342,SHORT,0.38,1782758108,,,,,21,,,,btc-updown-5m-1782758100,,,trades.db,early_reversion_v2_trades,-0.010000000000000009,NO_C,BTC,1782758108,,,,18.35280042209626,,,0
,BTC,True,Offhours,0.38,0.39,0.5800000000017462,0.38,1782760811,btc-updown-5m-1782760800,,NO,early_reversion_v2_trades,-0.010000000000000009,-10.0,NO_C,0.03,0.01,4.017500000001746,3.9829909197339175,22.19008969237459,1782760811,468,468,468,hist:er_v2,,,SHORT,0.38,,,,,22,,,,,,-0.010000000000000009,BTC,1782760811,,,,22.19008969237459,,,0,,,1782750045,SHORT,0.38,1782760811,,,,,22,,,,btc-updown-5m-1782760800,,,trades.db,early_reversion_v2_trades,-0.010000000000000009,NO_C,BTC,1782760811,,,,22.19008969237459,,,0
,BTC,True,Offhours,0.35,0.36,0.0,0.35,1782762322,btc-updown-5m-1782762300,,NO,early_reversion_v2_trades,-0.010000000000000009,-10.0,NO_C,0.03,0.01,3.9475000000020373,3.8566198499045727,29.99569613803944,1782762322,469,469,469,hist:er_v2,,,SHORT,0.35,,,,,22,,,,,,-0.010000000000000009,BTC,1782762322,,,,29.99569613803944,,,0,,,1782751558,SHORT,0.35,1782762322,,,,,22,,,,btc-updown-5m-1782762300,,,trades.db,early_reversion_v2_trades,-0.010000000000000009,NO_C,BTC,1782762322,,,,29.99569613803944,,,0
,BTC,True,Offhours,0.36,0.37,6.239999999997963,0.36,1782762905,btc-updown-5m-1782762900,,NO,early_reversion_v2_trades,-0.010000000000000009,-10.0,NO_C,0.03,0.01,11.889999999999418,11.214716521904418,39.63151982814809,1782762905,470,470,470,hist:er_v2,,,SHORT,0.36,,,,,22,,,,,,-0.010000000000000009,BTC,1782762905,,,,39.63151982814809,,,0,,,1782752139,SHORT,0.36,1782762905,,,,,22,,,,btc-updown-5m-1782762900,,,trades.db,early_reversion_v2_trades,-0.010000000000000009,NO_C,BTC,1782762905,,,,39.63151982814809,,,0
,BTC,True,Offhours,0.37,0.38,16.06999999999971,0.37,1782763210,btc-updown-5m-1782763200,,NO,early_reversion_v2_trades,-0.010000000000000009,-10.0,NO_C,0.03,0.01,0.5825000000004366,7.311648620905338,12.251731651984352,1782763210,471,471,471,hist:er_v2,,,SHORT,0.37,,,,,23,,,,,,-0.010000000000000009,BTC,1782763210,,,,12.251731651984352,,,0,,,1782752454,SHORT,0.37,1782763210,,,,,23,,,,btc-updown-5m-1782763200,,,trades.db,early_reversion_v2_trades,-0.010000000000000009,NO_C,BTC,1782763210,,,,12.251731651984352,,,0
,BTC,True,Offhours,0.37,0.38,24.739999999997963,0.37,1782763826,btc-updown-5m-1782763800,,NO,early_reversion_v2_trades,-0.010000000000000009,-10.0,NO_C,0.03,0.01,11.799999999999272,15.416447926373985,10.948623962244458,1782763826,472,472,472,hist:er_v2,,,SHORT,0.37,,,,,23,,,,,,-0.010000000000000009,BTC,1782763826,,,,10.948623962244458,,,0,,,1782753069,SHORT,0.37,1782763826,,,,,23,,,,btc-updown-5m-1782763800,,,trades.db,early_reversion_v2_trades,-0.010000000000000009,NO_C,BTC,1782763826,,,,10.948623962244458,,,0
,BTC,True,Offhours,0.35,0.36,3.4499999999970896,0.35,1782764426,btc-updown-5m-1782764400,,NO,early_reversion_v2_trades,-0.010000000000000009,-10.0,NO_C,0.03,0.01,5.724999999998545,5.724999999998545,7.9819588239132555,1782764426,473,473,473,hist:er_v2,,,SHORT,0.35,,,,,23,,,,,,-0.010000000000000009,BTC,1782764426,,,,7.9819588239132555,,,0,,,1782753706,SHORT,0.35,1782764426,,,,,23,,,,btc-updown-5m-1782764400,,,trades.db,early_reversion_v2_trades,-0.010000000000000009,NO_C,BTC,1782764426,,,,7.9819588239132555,,,0
,BTC,True,Offhours,0.4,0.41,24.19000000000233,0.4,1782764718,btc-updown-5m-1782764700,,NO,early_reversion_v2_trades,-0.009999999999999953,-10.0,NO_C,0.03,0.01,9.2400000000016,7.591470359702377,5.98451265072376,1782764718,474,474,474,hist:er_v2,,,SHORT,0.4,,,,,23,,,,,,-0.009999999999999953,BTC,1782764718,,,,5.98451265072376,,,0,,,1782753964,SHORT,0.4,1782764718,,,,,23,,,,btc-updown-5m-1782764700,,,trades.db,early_reversion_v2_trades,-0.009999999999999953,NO_C,BTC,1782764718,,,,5.98451265072376,,,0
,BTC,True,Offhours,0.38,0.39,3.4550000000017462,0.38,1782765010,btc-updown-5m-1782765000,,NO,early_reversion_v2_trades,-0.010000000000000009,-10.0,NO_C,0.03,0.01,0.0,0.004714045208870694,2.9705592440194613,1782765010,475,475,475,hist:er_v2,,,SHORT,0.38,,,,,23,,,,,,-0.010000000000000009,BTC,1782765010,,,,2.9705592440194613,,,0,,,1782754245,SHORT,0.38,1782765010,,,,,23,,,,btc-updown-5m-1782765000,,,trades.db,early_reversion_v2_trades,-0.010000000000000009,NO_C,BTC,1782765010,,,,2.9705592440194613,,,0
,BTC,True,Asia,0.31,0.32,12.510000000002037,0.31,1782771329,btc-updown-5m-1782771300,,NO,early_reversion_v2_trades,-0.010000000000000009,-10.0,NO_C,0.03,0.01,6.255000000001019,12.971867851450828,12.724172097056439,1782771329,476,476,476,hist:er_v2,,,SHORT,0.31,,,,,1,,,,,,-0.010000000000000009,BTC,1782771329,,,,12.724172097056439,,,1,,,1782760962,SHORT,0.31,1782771329,,,,,1,,,,btc-updown-5m-1782771300,,,trades.db,early_reversion_v2_trades,-0.010000000000000009,NO_C,BTC,1782771329,,,,12.724172097056439,,,1
,BTC,True,London,0.36,0.37,0.004999999997380655,0.36,1782800122,btc-updown-5m-1782800100,,NO,early_reversion_v2_trades,-0.010000000000000009,-10.0,NO_C,0.03,0.01,0.9099999999998545,0.8579562278395405,2.569422762669422,1782800122,477,477,477,hist:er_v2,,,SHORT,0.36,,,,,9,,,,,,-0.010000000000000009,BTC,1782800122,,,,2.569422762669422,,,1,,,1782789523,SHORT,0.36,1782800122,,,,,9,,,,btc-updown-5m-1782800100,,,trades.db,early_reversion_v2_trades,-0.010000000000000009,NO_C,BTC,1782800122,,,,2.569422762669422,,,1
,BTC,True,London,0.35,0.36,0.010000000002037268,0.35,1782804614,btc-updown-5m-1782804600,,NO,early_reversion_v2_trades,-0.010000000000000009,-10.0,NO_C,0.03,0.01,1.8549999999995634,1.5154097355717253,7.733140384351172,1782804614,478,478,478,hist:er_v2,,,SHORT,0.35,,,,,10,,,,,,-0.010000000000000009,BTC,1782804614,,,,7.733140384351172,,,1,,,1782793846,SHORT,0.35,1782804614,,,,,10,,,,btc-updown-5m-1782804600,,,trades.db,early_reversion_v2_trades,-0.010000000000000009,NO_C,BTC,1782804614,,,,7.733140384351172,,,1
,BTC,True,London,0.38,0.4,0.004999999997380655,0.38,1782804921,btc-updown-5m-1782804900,,NO,early_reversion_v2_trades,-0.020000000000000018,-10.0,NO_C,0.03,0.01,0.005000000001018634,2.694079929524557,2.477847156427389,1782804921,479,479,479,hist:er_v2,,,SHORT,0.38,,,,,10,,,,,,-0.020000000000000018,BTC,1782804921,,,,2.477847156427389,,,1,,,1782794154,SHORT,0.38,1782804921,,,,,10,,,,btc-updown-5m-1782804900,,,trades.db,early_reversion_v2_trades,-0.020000000000000018,NO_C,BTC,1782804921,,,,2.477847156427389,,,1
,BTC,True,London,0.32,0.33,4.139999999999418,0.32,1782805203,btc-updown-5m-1782805200,,NO,early_reversion_v2_trades,-0.010000000000000009,-10.0,NO_C,0.03,0.01,3.5900000000001455,11.815081699061773,12.196944175578473,1782805203,480,480,480,hist:er_v2,,,SHORT,0.32,,,,,10,,,,,,-0.010000000000000009,BTC,1782805203,,,,12.196944175578473,,,1,,,1782794457,SHORT,0.32,1782805203,,,,,10,,,,btc-updown-5m-1782805200,,,trades.db,early_reversion_v2_trades,-0.010000000000000009,NO_C,BTC,1782805203,,,,12.196944175578473,,,1
,BTC,True,London,0.35,0.36,0.0,0.35,1782806413,btc-updown-5m-1782806400,,NO,early_reversion_v2_trades,-0.010000000000000009,-10.0,NO_C,0.03,0.01,0.0,2.9274220741118953,5.9953444901475486,1782806413,481,481,481,hist:er_v2,,,SHORT,0.35,,,,,11,,,,,,-0.010000000000000009,BTC,1782806413,,,,5.9953444901475486,,,1,,,1782795945,SHORT,0.35,1782806413,,,,,11,,,,btc-updown-5m-1782806400,,,trades.db,early_reversion_v2_trades,-0.010000000000000009,NO_C,BTC,1782806413,,,,5.9953444901475486,,,1
,BTC,True,London,0.24,0.28,0.004999999997380655,0.24,1782807022,btc-updown-5m-1782807000,,NO,early_reversion_v2_trades,-0.040000000000000036,-10.0,NO_C,0.03,0.01,0.8875000000007276,2.0167644604407133,9.340108738659517,1782807022,482,482,482,hist:er_v2,,,SHORT,0.24,,,,,11,,,,,,-0.040000000000000036,BTC,1782807022,,,,9.340108738659517,,,1,,,1782796257,SHORT,0.24,1782807022,,,,,11,,,,btc-updown-5m-1782807000,,,trades.db,early_reversion_v2_trades,-0.040000000000000036,NO_C,BTC,1782807022,,,,9.340108738659517,,,1
,BTC,True,London,0.36,0.37,0.0,0.36,1782807917,btc-updown-5m-1782807900,,NO,early_reversion_v2_trades,-0.010000000000000009,-10.0,NO_C,0.03,0.01,2.0,1.937013738263455,4.908461665160978,1782807917,483,483,483,hist:er_v2,,,SHORT,0.36,,,,,11,,,,,,-0.010000000000000009,BTC,1782807917,,,,4.908461665160978,,,1,,,1782797198,SHORT,0.36,1782807917,,,,,11,,,,btc-updown-5m-1782807900,,,trades.db,early_reversion_v2_trades,-0.010000000000000009,NO_C,BTC,1782807917,,,,4.908461665160978,,,1
,BTC,True,London,0.33,0.39,12.360000000000582,0.33,1782808206,btc-updown-5m-1782808200,,NO,early_reversion_v2_trades,-0.06,-10.0,NO_C,0.03,0.01,1.5125000000007276,7.172827523891825,5.547675832531608,1782808206,484,484,484,hist:er_v2,,,SHORT,0.33,,,,,11,,,,,,-0.06,BTC,1782808206,,,,5.547675832531608,,,1,,,1782797438,SHORT,0.33,1782808206,,,,,11,,,,btc-updown-5m-1782808200,,,trades.db,early_reversion_v2_trades,-0.06,NO_C,BTC,1782808206,,,,5.547675832531608,,,1
,BTC,True,London,0.34,0.36,3.650000000001455,0.34,1782808811,btc-updown-5m-1782808800,,NO,early_reversion_v2_trades,-0.019999999999999962,-10.0,NO_C,0.03,0.01,8.825000000000728,11.245553195226305,13.388593948457439,1782808811,485,485,485,hist:er_v2,,,SHORT,0.34,,,,,11,,,,,,-0.019999999999999962,BTC,1782808811,,,,13.388593948457439,,,1,,,1782798049,SHORT,0.34,1782808811,,,,,11,,,,btc-updown-5m-1782808800,,,trades.db,early_reversion_v2_trades,-0.019999999999999962,NO_C,BTC,1782808811,,,,13.388593948457439,,,1
,BTC,True,London,0.39,0.4,10.290000000000873,0.39,1782809408,btc-updown-5m-1782809400,,NO,early_reversion_v2_trades,-0.010000000000000009,-10.0,NO_C,0.03,0.01,,7.970000000001164,6.690075933799961,1782809408,486,486,486,hist:er_v2,,,SHORT,0.39,,,,,11,,,,,,-0.010000000000000009,BTC,1782809408,,,,6.690075933799961,,,1,,,1782798660,SHORT,0.39,1782809408,,,,,11,,,,btc-updown-5m-1782809400,,,trades.db,early_reversion_v2_trades,-0.010000000000000009,NO_C,BTC,1782809408,,,,6.690075933799961,,,1
,BTC,True,London,0.4,0.43,13.680000000000291,0.4,1782811505,btc-updown-5m-1782811500,,NO,early_reversion_v2_trades,-0.02999999999999997,-10.0,NO_C,0.03,0.01,3.469999999997526,3.2715473742874277,4.197783806828533,1782811505,487,487,487,hist:er_v2,,,SHORT,0.4,,,,,12,,,,,,-0.02999999999999997,BTC,1782811505,,,,4.197783806828533,,,1,,,1782800760,SHORT,0.4,1782811505,,,,,12,,,,btc-updown-5m-1782811500,,,trades.db,early_reversion_v2_trades,-0.02999999999999997,NO_C,BTC,1782811505,,,,4.197783806828533,,,1
,BTC,True,London,0.3,0.31,6.7150000000037835,0.3,1782813021,btc-updown-5m-1782813000,,NO,early_reversion_v2_trades,-0.010000000000000009,-10.0,NO_C,0.03,0.01,0.0,0.5751135153656074,8.034423724407437,1782813021,488,488,488,hist:er_v2,,,SHORT,0.3,,,,,12,,,,,,-0.010000000000000009,BTC,1782813021,,,,8.034423724407437,,,1,,,1782802255,SHORT,0.3,1782813021,,,,,12,,,,btc-updown-5m-1782813000,,,trades.db,early_reversion_v2_trades,-0.010000000000000009,NO_C,BTC,1782813021,,,,8.034423724407437,,,1
,BTC,True,NewYork,0.31,0.32,0.0,0.31,1782814518,btc-updown-5m-1782814500,,NO,early_reversion_v2_trades,-0.010000000000000009,-10.0,NO_C,0.03,0.01,2.5049999999973807,5.063062314450645,7.800141024366751,1782814518,489,489,489,hist:er_v2,,,SHORT,0.31,,,,,13,,,,,,-0.010000000000000009,BTC,1782814518,,,,7.800141024366751,,,1,,,1782803754,SHORT,0.31,1782814518,,,,,13,,,,btc-updown-5m-1782814500,,,trades.db,early_reversion_v2_trades,-0.010000000000000009,NO_C,BTC,1782814518,,,,7.800141024366751,,,1
,BTC,True,NewYork,0.26,0.28,0.7799999999988358,0.26,1782815109,btc-updown-5m-1782815100,,NO,early_reversion_v2_trades,-0.020000000000000018,-10.0,NO_C,0.03,0.01,3.5650000000023283,4.676724874906008,6.335425312391668,1782815109,490,490,490,hist:er_v2,,,SHORT,0.26,,,,,13,,,,,,-0.020000000000000018,BTC,1782815109,,,,6.335425312391668,,,1,,,1782804355,SHORT,0.26,1782815109,,,,,13,,,,btc-updown-5m-1782815100,,,trades.db,early_reversion_v2_trades,-0.020000000000000018,NO_C,BTC,1782815109,,,,6.335425312391668,,,1
,BTC,True,NewYork,0.4,0.41,2.025000000001455,0.4,1782816013,btc-updown-5m-1782816000,,NO,early_reversion_v2_trades,-0.009999999999999953,-10.0,NO_C,0.03,0.01,,5.951621627756351,6.346451545723415,1782816013,491,491,491,hist:er_v2,,,SHORT,0.4,,,,,13,,,,,,-0.009999999999999953,BTC,1782816013,,,,6.346451545723415,,,1,,,1782805269,SHORT,0.4,1782816013,,,,,13,,,,btc-updown-5m-1782816000,,,trades.db,early_reversion_v2_trades,-0.009999999999999953,NO_C,BTC,1782816013,,,,6.346451545723415,,,1
,BTC,True,NewYork,0.34,0.35,5.389999999999418,0.34,1782818428,btc-updown-5m-1782818400,,NO,early_reversion_v2_trades,-0.009999999999999953,-10.0,NO_C,0.03,0.01,0.0,2.526728231440204,3.2925863694049364,1782818428,492,492,492,hist:er_v2,,,SHORT,0.34,,,,,14,,,,,,-0.009999999999999953,BTC,1782818428,,,,3.2925863694049364,,,1,,,1782807701,SHORT,0.34,1782818428,,,,,14,,,,btc-updown-5m-1782818400,,,trades.db,early_reversion_v2_trades,-0.009999999999999953,NO_C,BTC,1782818428,,,,3.2925863694049364,,,1
,BTC,True,NewYork,0.36,0.37,5.740000000005239,0.36,1782819005,btc-updown-5m-1782819000,,NO,early_reversion_v2_trades,-0.010000000000000009,-10.0,NO_C,0.03,0.01,4.705000000001746,7.359050361442498,8.837846527861178,1782819005,493,493,493,hist:er_v2,,,SHORT,0.36,,,,,14,,,,,,-0.010000000000000009,BTC,1782819005,,,,8.837846527861178,,,1,,,1782808279,SHORT,0.36,1782819005,,,,,14,,,,btc-updown-5m-1782819000,,,trades.db,early_reversion_v2_trades,-0.010000000000000009,NO_C,BTC,1782819005,,,,8.837846527861178,,,1
,BTC,True,NewYork,0.34,0.36,0.16999999999825377,0.34,1782819305,btc-updown-5m-1782819300,,NO,early_reversion_v2_trades,-0.019999999999999962,-10.0,NO_C,0.03,0.01,4.084999999999127,5.476777235646857,6.3616771373597745,1782819305,494,494,494,hist:er_v2,,,SHORT,0.34,,,,,14,,,,,,-0.019999999999999962,BTC,1782819305,,,,6.3616771373597745,,,1,,,1782808541,SHORT,0.34,1782819305,,,,,14,,,,btc-updown-5m-1782819300,,,trades.db,early_reversion_v2_trades,-0.019999999999999962,NO_C,BTC,1782819305,,,,6.3616771373597745,,,1
,BTC,True,NewYork,0.26,0.27,0.004999999997380655,0.26,1782819922,btc-updown-5m-1782819900,,NO,early_reversion_v2_trades,-0.010000000000000009,-10.0,NO_C,0.03,0.01,7.5900000000001455,8.7854475633804,11.411090609092087,1782819922,495,495,495,hist:er_v2,,,SHORT,0.26,,,,,14,,,,,,-0.010000000000000009,BTC,1782819922,,,,11.411090609092087,,,1,,,1782809158,SHORT,0.26,1782819922,,,,,14,,,,btc-updown-5m-1782819900,,,trades.db,early_reversion_v2_trades,-0.010000000000000009,NO_C,BTC,1782819922,,,,11.411090609092087,,,1
,BTC,True,NewYork,0.39,0.4,28.94499999999971,0.39,1782825316,btc-updown-5m-1782825300,,NO,early_reversion_v2_trades,-0.010000000000000009,-10.0,NO_C,0.03,0.01,16.18500000000131,17.756928381777694,16.805688768985664,1782825316,496,496,496,hist:er_v2,,,SHORT,0.39,,,,,16,,,,,,-0.010000000000000009,BTC,1782825316,,,,16.805688768985664,,,1,,,1782814560,SHORT,0.39,1782825316,,,,,16,,,,btc-updown-5m-1782825300,,,trades.db,early_reversion_v2_trades,-0.010000000000000009,NO_C,BTC,1782825316,,,,16.805688768985664,,,1
,BTC,True,NewYork,0.37,0.38,15.025000000001455,0.37,1782825609,btc-updown-5m-1782825600,,NO,early_reversion_v2_trades,-0.010000000000000009,-10.0,NO_C,0.03,0.01,2.0100000000020373,1.7239940706274768,4.180056236330092,1782825609,497,497,497,hist:er_v2,,,SHORT,0.37,,,,,16,,,,,,-0.010000000000000009,BTC,1782825609,,,,4.180056236330092,,,1,,,1782814842,SHORT,0.37,1782825609,,,,,16,,,,btc-updown-5m-1782825600,,,trades.db,early_reversion_v2_trades,-0.010000000000000009,NO_C,BTC,1782825609,,,,4.180056236330092,,,1
,BTC,True,NewYork,0.33,0.34,45.17000000000553,0.33,1782825911,btc-updown-5m-1782825900,,NO,early_reversion_v2_trades,-0.010000000000000009,-10.0,NO_C,0.03,0.01,7.477499999997235,13.242350202621854,12.327306551130642,1782825911,498,498,498,hist:er_v2,,,SHORT,0.33,,,,,16,,,,,,-0.010000000000000009,BTC,1782825911,,,,12.327306551130642,,,1,,,1782815148,SHORT,0.33,1782825911,,,,,16,,,,btc-updown-5m-1782825900,,,trades.db,early_reversion_v2_trades,-0.010000000000000009,NO_C,BTC,1782825911,,,,12.327306551130642,,,1
,BTC,True,NewYork,0.26,0.27,32.06999999999971,0.26,1782826207,btc-updown-5m-1782826200,,NO,early_reversion_v2_trades,-0.010000000000000009,-10.0,NO_C,0.03,0.01,0.0,15.617631773809075,15.141458996925975,1782826207,499,499,499,hist:er_v2,,,SHORT,0.26,,,,,16,,,,,,-0.010000000000000009,BTC,1782826207,,,,15.141458996925975,,,1,,,1782815444,SHORT,0.26,1782826207,,,,,16,,,,btc-updown-5m-1782826200,,,trades.db,early_reversion_v2_trades,-0.010000000000000009,NO_C,BTC,1782826207,,,,15.141458996925975,,,1
,BTC,True,NewYork,0.37,0.38,17.869999999995343,0.37,1782826805,btc-updown-5m-1782826800,,NO,early_reversion_v2_trades,-0.010000000000000009,-10.0,NO_C,0.03,0.01,4.057499999998981,3.329445232399986,32.85589289547933,1782826805,500,500,500,hist:er_v2,,,SHORT,0.37,,,,,16,,,,,,-0.010000000000000009,BTC,1782826805,,,,32.85589289547933,,,1,,,1782816044,SHORT,0.37,1782826805,,,,,16,,,,btc-updown-5m-1782826800,,,trades.db,early_reversion_v2_trades,-0.010000000000000009,NO_C,BTC,1782826805,,,,32.85589289547933,,,1
,BTC,True,NewYork,0.39,0.4,10.490000000005239,0.39,1782828908,btc-updown-5m-1782828900,,NO,early_reversion_v2_trades,-0.010000000000000009,-10.0,NO_C,0.03,0.01,22.200000000000728,22.370198926248907,16.314804541342422,1782828908,501,501,501,hist:er_v2,,,SHORT,0.39,,,,,17,,,,,,-0.010000000000000009,BTC,1782828908,,,,16.314804541342422,,,1,,,1782818208,SHORT,0.39,1782828908,,,,,17,,,,btc-updown-5m-1782828900,,,trades.db,early_reversion_v2_trades,-0.010000000000000009,NO_C,BTC,1782828908,,,,16.314804541342422,,,1
,BTC,True,NewYork,0.35,0.36,17.69000000000233,0.35,1782829813,btc-updown-5m-1782829800,,NO,early_reversion_v2_trades,-0.010000000000000009,-10.0,NO_C,0.03,0.01,4.042499999999563,5.726753491775272,18.25658566487458,1782829813,502,502,502,hist:er_v2,,,SHORT,0.35,,,,,17,,,,,,-0.010000000000000009,BTC,1782829813,,,,18.25658566487458,,,1,,,1782819344,SHORT,0.35,1782829813,,,,,17,,,,btc-updown-5m-1782829800,,,trades.db,early_reversion_v2_trades,-0.010000000000000009,NO_C,BTC,1782829813,,,,18.25658566487458,,,1
,BTC,True,NewYork,0.28,0.29,0.0,0.28,1782831016,btc-updown-5m-1782831000,,NO,early_reversion_v2_trades,-0.009999999999999953,-10.0,NO_C,0.03,0.01,,10.459999999999127,15.241651354100476,1782831016,503,503,503,hist:er_v2,,,SHORT,0.28,,,,,17,,,,,,-0.009999999999999953,BTC,1782831016,,,,15.241651354100476,,,1,,,1782820286,SHORT,0.28,1782831016,,,,,17,,,,btc-updown-5m-1782831000,,,trades.db,early_reversion_v2_trades,-0.009999999999999953,NO_C,BTC,1782831016,,,,15.241651354100476,,,1
,BTC,True,NewYork,0.36,0.37,46.29000000000087,0.36,1782832810,btc-updown-5m-1782832800,,NO,early_reversion_v2_trades,-0.010000000000000009,-10.0,NO_C,0.03,0.01,1.235000000000582,15.937121411627897,20.762430764485256,1782832810,504,504,504,hist:er_v2,,,SHORT,0.36,,,,,18,,,,,,-0.010000000000000009,BTC,1782832810,,,,20.762430764485256,,,1,,,1782822057,SHORT,0.36,1782832810,,,,,18,,,,btc-updown-5m-1782832800,,,trades.db,early_reversion_v2_trades,-0.010000000000000009,NO_C,BTC,1782832810,,,,20.762430764485256,,,1
,BTC,True,NewYork,0.35,0.37,0.0,0.35,1782833122,btc-updown-5m-1782833100,,NO,early_reversion_v2_trades,-0.020000000000000018,-10.0,NO_C,0.03,0.01,0.6550000000024738,2.0895666749091237,24.216417583026708,1782833122,505,505,505,hist:er_v2,,,SHORT,0.35,,,,,18,,,,,,-0.020000000000000018,BTC,1782833122,,,,24.216417583026708,,,1,,,1782822362,SHORT,0.35,1782833122,,,,,18,,,,btc-updown-5m-1782833100,,,trades.db,early_reversion_v2_trades,-0.020000000000000018,NO_C,BTC,1782833122,,,,24.216417583026708,,,1
,BTC,True,NewYork,0.36,0.37,0.0,0.36,1782833427,btc-updown-5m-1782833400,,NO,early_reversion_v2_trades,-0.010000000000000009,-10.0,NO_C,0.03,0.01,,5.165000000000873,7.896506743492861,1782833427,506,506,506,hist:er_v2,,,SHORT,0.36,,,,,18,,,,,,-0.010000000000000009,BTC,1782833427,,,,7.896506743492861,,,1,,,1782822695,SHORT,0.36,1782833427,,,,,18,,,,btc-updown-5m-1782833400,,,trades.db,early_reversion_v2_trades,-0.010000000000000009,NO_C,BTC,1782833427,,,,7.896506743492861,,,1
,BTC,True,NewYork,0.3,0.31,0.0,0.3,1782834019,btc-updown-5m-1782834000,,NO,early_reversion_v2_trades,-0.010000000000000009,-10.0,NO_C,0.03,0.01,9.919999999998254,8.238921180724756,13.956769688538442,1782834019,507,507,507,hist:er_v2,,,SHORT,0.3,,,,,18,,,,,,-0.010000000000000009,BTC,1782834019,,,,13.956769688538442,,,1,,,1782823269,SHORT,0.3,1782834019,,,,,18,,,,btc-updown-5m-1782834000,,,trades.db,early_reversion_v2_trades,-0.010000000000000009,NO_C,BTC,1782834019,,,,13.956769688538442,,,1
,BTC,True,NewYork,0.39,0.4,0.004999999997380655,0.39,1782834322,btc-updown-5m-1782834300,,NO,early_reversion_v2_trades,-0.010000000000000009,-10.0,NO_C,0.03,0.01,8.854999999999563,10.904049196921006,14.839376601349233,1782834322,508,508,508,hist:er_v2,,,SHORT,0.39,,,,,18,,,,,,-0.010000000000000009,BTC,1782834322,,,,14.839376601349233,,,1,,,1782823566,SHORT,0.39,1782834322,,,,,18,,,,btc-updown-5m-1782834300,,,trades.db,early_reversion_v2_trades,-0.010000000000000009,NO_C,BTC,1782834322,,,,14.839376601349233,,,1
,BTC,True,NewYork,0.32,0.33,0.4599999999991269,0.32,1782837921,btc-updown-5m-1782837900,,NO,early_reversion_v2_trades,-0.010000000000000009,-10.0,NO_C,0.03,0.01,7.792499999999563,7.279448620755099,9.309533830375623,1782837921,509,509,509,hist:er_v2,,,SHORT,0.32,,,,,19,,,,,,-0.010000000000000009,BTC,1782837921,,,,9.309533830375623,,,1,,,1782827167,SHORT,0.32,1782837921,,,,,19,,,,btc-updown-5m-1782837900,,,trades.db,early_reversion_v2_trades,-0.010000000000000009,NO_C,BTC,1782837921,,,,9.309533830375623,,,1
,BTC,True,NewYork,0.39,0.4,0.0,0.39,1782839722,btc-updown-5m-1782839700,,NO,early_reversion_v2_trades,-0.010000000000000009,-10.0,NO_C,0.03,0.01,2.1700000000018917,1.8371233552020474,5.2454223429152265,1782839722,510,510,510,hist:er_v2,,,SHORT,0.39,,,,,20,,,,,,-0.010000000000000009,BTC,1782839722,,,,5.2454223429152265,,,1,,,1782828974,SHORT,0.39,1782839722,,,,,20,,,,btc-updown-5m-1782839700,,,trades.db,early_reversion_v2_trades,-0.010000000000000009,NO_C,BTC,1782839722,,,,5.2454223429152265,,,1
,BTC,True,NewYork,0.31,0.32,0.0,0.31,1782840320,btc-updown-5m-1782840300,,NO,early_reversion_v2_trades,-0.010000000000000009,-10.0,NO_C,0.03,0.01,6.584999999999127,6.792392803717514,6.063073807896357,1782840320,511,511,511,hist:er_v2,,,SHORT,0.31,,,,,20,,,,,,-0.010000000000000009,BTC,1782840320,,,,6.063073807896357,,,1,,,1782829570,SHORT,0.31,1782840320,,,,,20,,,,btc-updown-5m-1782840300,,,trades.db,early_reversion_v2_trades,-0.010000000000000009,NO_C,BTC,1782840320,,,,6.063073807896357,,,1
,BTC,True,NewYork,0.4,0.41,30.7699999999968,0.4,1782840908,btc-updown-5m-1782840900,,NO,early_reversion_v2_trades,-0.009999999999999953,-10.0,NO_C,0.03,0.01,2.0050000000010186,2.792850992564379,2.6188256751206844,1782840908,512,512,512,hist:er_v2,,,SHORT,0.4,,,,,20,,,,,,-0.009999999999999953,BTC,1782840908,,,,2.6188256751206844,,,1,,,1782830143,SHORT,0.4,1782840908,,,,,20,,,,btc-updown-5m-1782840900,,,trades.db,early_reversion_v2_trades,-0.009999999999999953,NO_C,BTC,1782840908,,,,2.6188256751206844,,,1
,BTC,True,NewYork,0.34,0.35,0.0,0.34,1782841815,btc-updown-5m-1782841800,,NO,early_reversion_v2_trades,-0.009999999999999953,-10.0,NO_C,0.03,0.01,,9.325000000000728,11.334225337447482,1782841815,513,513,513,hist:er_v2,,,SHORT,0.34,,,,,20,,,,,,-0.009999999999999953,BTC,1782841815,,,,11.334225337447482,,,1,,,1782831391,SHORT,0.34,1782841815,,,,,20,,,,btc-updown-5m-1782841800,,,trades.db,early_reversion_v2_trades,-0.009999999999999953,NO_C,BTC,1782841815,,,,11.334225337447482,,,1
,BTC,True,London,,,,,,,,,,,,,,,,,,1782023403,1,514,1,hist:er_v3,,,LONG,0.33,,,,,9,,,,,,,BTC,1782023403,,,,,,,6,,,1782012634,LONG,0.33,1782023403,,,,,9,,,,btc-updown-5m-1782023400,,,trades.db,early_reversion_v3_trades,,YES_B,BTC,1782023403,,,,,,,6
,BTC,True,London,,,,,,,,,,,,,,,,,,1782023403,2,515,2,hist:er_v3,,,LONG,0.33,,,,,9,,,,,,,BTC,1782023403,,,,,,,6,,,1782012634,LONG,0.33,1782023403,,,,,9,,,,btc-updown-5m-1782023400,,,trades.db,early_reversion_v3_trades,,YES_C,BTC,1782023403,,,,,,,6
,BTC,True,London,,,,,,,,,,,,,,,,,,1782023719,3,516,3,hist:er_v3,,,SHORT,0.35,,,,,9,,,,,,,BTC,1782023719,,,,,,,6,,,1782012924,SHORT,0.35,1782023719,,,,,9,,,,btc-updown-5m-1782023700,,,trades.db,early_reversion_v3_trades,,NO_C,BTC,1782023719,,,,,,,6
,BTC,True,London,,,,,,,,,,,,,,,,,,1782024004,4,517,4,hist:er_v3,,,SHORT,0.32,,,,,9,,,,,,,BTC,1782024004,,,,,,,6,,,1782013243,SHORT,0.32,1782024004,,,,,9,,,,btc-updown-5m-1782024000,,,trades.db,early_reversion_v3_trades,,NO_C,BTC,1782024004,,,,,,,6
,BTC,True,London,,,,,,,,,,,,,,,,,,1782024308,5,518,5,hist:er_v3,,,SHORT,0.3,,,,,9,,,,,,,BTC,1782024308,,,,,,,6,,,1782013542,SHORT,0.3,1782024308,,,,,9,,,,btc-updown-5m-1782024300,,,trades.db,early_reversion_v3_trades,,NO_C,BTC,1782024308,,,,,,,6
,BTC,True,London,,,,,,,,,,,,,,,,,,1782024915,6,519,6,hist:er_v3,,,LONG,0.39,,,,,9,,,,,,,BTC,1782024915,,,,,,,6,,,1782014145,LONG,0.39,1782024915,,,,,9,,,,btc-updown-5m-1782024900,,,trades.db,early_reversion_v3_trades,,YES_C,BTC,1782024915,,,,,,,6
,BTC,True,London,,,,,,,,,,,,,,,,,,1782025503,7,520,7,hist:er_v3,,,LONG,0.38,,,,,10,,,,,,,BTC,1782025503,,,,,,,6,,,1782014740,LONG,0.38,1782025503,,,,,10,,,,btc-updown-5m-1782025500,,,trades.db,early_reversion_v3_trades,,YES_C,BTC,1782025503,,,,,,,6
,BTC,True,London,,,,,,,,,,,,,,,,,,1782026710,8,521,8,hist:er_v3,,,LONG,0.33,,,,,10,,,,,,,BTC,1782026710,,,,,,,6,,,1782015917,LONG,0.33,1782026710,,,,,10,,,,btc-updown-5m-1782026700,,,trades.db,early_reversion_v3_trades,,YES_B,BTC,1782026710,,,,,,,6
,BTC,True,London,,,,,,,,,,,,,,,,,,1782026710,9,522,9,hist:er_v3,,,LONG,0.33,,,,,10,,,,,,,BTC,1782026710,,,,,,,6,,,1782015917,LONG,0.33,1782026710,,,,,10,,,,btc-updown-5m-1782026700,,,trades.db,early_reversion_v3_trades,,YES_C,BTC,1782026710,,,,,,,6
,BTC,True,London,,,,,,,,,,,,,,,,,,1782027609,10,523,10,hist:er_v3,,,LONG,0.38,,,,,10,,,,,,,BTC,1782027609,,,,,,,6,,,1782016814,LONG,0.38,1782027609,,,,,10,,,,btc-updown-5m-1782027600,,,trades.db,early_reversion_v3_trades,,YES_C,BTC,1782027609,,,,,,,6
,BTC,True,London,,,,,,,,,,,,,,,,,,1782027614,11,524,11,hist:er_v3,,,LONG,0.32,,,,,10,,,,,,,BTC,1782027614,,,,,,,6,,,1782016823,LONG,0.32,1782027614,,,,,10,,,,btc-updown-5m-1782027600,,,trades.db,early_reversion_v3_trades,,YES_B,BTC,1782027614,,,,,,,6
,BTC,True,London,,,,,,,,,,,,,,,,,,1782027924,12,525,12,hist:er_v3,,,LONG,0.4,,,,,10,,,,,,,BTC,1782027924,,,,,,,6,,,1782017154,LONG,0.4,1782027924,,,,,10,,,,btc-updown-5m-1782027900,,,trades.db,early_reversion_v3_trades,,YES_C,BTC,1782027924,,,,,,,6
,BTC,True,London,,,,,,,,,,,,,,,,,,1782028215,13,526,13,hist:er_v3,,,SHORT,0.39,,,,,10,,,,,,,BTC,1782028215,,,,,,,6,,,1782017446,SHORT,0.39,1782028215,,,,,10,,,,btc-updown-5m-1782028200,,,trades.db,early_reversion_v3_trades,,NO_C,BTC,1782028215,,,,,,,6
,BTC,True,London,,,,,,,,,,,,,,,,,,1782028229,14,527,14,hist:er_v3,,,LONG,0.38,,,,,10,,,,,,,BTC,1782028229,,,,,,,6,,,1782017460,LONG,0.38,1782028229,,,,,10,,,,btc-updown-5m-1782028200,,,trades.db,early_reversion_v3_trades,,YES_C,BTC,1782028229,,,,,,,6
,BTC,True,London,,,,,,,,,,,,,,,,,,1782028522,15,528,15,hist:er_v3,,,LONG,0.4,,,,,10,,,,,,,BTC,1782028522,,,,,,,6,,,1782017746,LONG,0.4,1782028522,,,,,10,,,,btc-updown-5m-1782028500,,,trades.db,early_reversion_v3_trades,,YES_C,BTC,1782028522,,,,,,,6
,BTC,True,London,,,,,,,,,,,,,,,,,,1782028804,16,529,16,hist:er_v3,,,SHORT,0.3,,,,,11,,,,,,,BTC,1782028804,,,,,,,6,,,1782018006,SHORT,0.3,1782028804,,,,,11,,,,btc-updown-5m-1782028800,,,trades.db,early_reversion_v3_trades,,NO_C,BTC,1782028804,,,,,,,6
,BTC,True,London,,,,,,,,,,,,,,,,,,1782029109,17,530,17,hist:er_v3,,,SHORT,0.4,,,,,11,,,,,,,BTC,1782029109,,,,,,,6,,,1782018328,SHORT,0.4,1782029109,,,,,11,,,,btc-updown-5m-1782029100,,,trades.db,early_reversion_v3_trades,,NO_C,BTC,1782029109,,,,,,,6
,BTC,True,London,,,,,,,,,,,,,,,,,,1782029418,18,531,18,hist:er_v3,,,SHORT,0.39,,,,,11,,,,,,,BTC,1782029418,,,,,,,6,,,1782018640,SHORT,0.39,1782029418,,,,,11,,,,btc-updown-5m-1782029400,,,trades.db,early_reversion_v3_trades,,NO_C,BTC,1782029418,,,,,,,6
,BTC,True,London,,,,,,,,,,,,,,,,,,1782030002,19,532,19,hist:er_v3,,,LONG,0.29,,,,,11,,,,,,,BTC,1782030002,,,,,,,6,,,1782019202,LONG,0.29,1782030002,,,,,11,,,,btc-updown-5m-1782030000,,,trades.db,early_reversion_v3_trades,,YES_B,BTC,1782030002,,,,,,,6
,BTC,True,London,,,,,,,,,,,,,,,,,,1782030002,20,533,20,hist:er_v3,,,LONG,0.29,,,,,11,,,,,,,BTC,1782030002,,,,,,,6,,,1782019202,LONG,0.29,1782030002,,,,,11,,,,btc-updown-5m-1782030000,,,trades.db,early_reversion_v3_trades,,YES_C,BTC,1782030002,,,,,,,6
,BTC,True,London,,,,,,,,,,,,,,,,,,1782030308,21,534,21,hist:er_v3,,,SHORT,0.39,,,,,11,,,,,,,BTC,1782030308,,,,,,,6,,,1782019510,SHORT,0.39,1782030308,,,,,11,,,,btc-updown-5m-1782030300,,,trades.db,early_reversion_v3_trades,,NO_C,BTC,1782030308,,,,,,,6
,BTC,True,London,,,,,,,,,,,,,,,,,,1782030915,22,535,22,hist:er_v3,,,LONG,0.38,,,,,11,,,,,,,BTC,1782030915,,,,,,,6,,,1782020123,LONG,0.38,1782030915,,,,,11,,,,btc-updown-5m-1782030900,,,trades.db,early_reversion_v3_trades,,YES_C,BTC,1782030915,,,,,,,6
,BTC,True,London,,,,,,,,,,,,,,,,,,1782030923,23,536,23,hist:er_v3,,,LONG,0.26,,,,,11,,,,,,,BTC,1782030923,,,,,,,6,,,1782020126,LONG,0.26,1782030923,,,,,11,,,,btc-updown-5m-1782030900,,,trades.db,early_reversion_v3_trades,,YES_B,BTC,1782030923,,,,,,,6
,BTC,True,London,,,,,,,,,,,,,,,,,,1782031201,24,537,24,hist:er_v3,,,SHORT,0.4,,,,,11,,,,,,,BTC,1782031201,,,,,,,6,,,1782020419,SHORT,0.4,1782031201,,,,,11,,,,btc-updown-5m-1782031200,,,trades.db,early_reversion_v3_trades,,NO_C,BTC,1782031201,,,,,,,6
,BTC,True,London,,,,,,,,,,,,,,,,,,1782031506,25,538,25,hist:er_v3,,,LONG,0.36,,,,,11,,,,,,,BTC,1782031506,,,,,,,6,,,1782020709,LONG,0.36,1782031506,,,,,11,,,,btc-updown-5m-1782031500,,,trades.db,early_reversion_v3_trades,,YES_C,BTC,1782031506,,,,,,,6
,BTC,True,London,,,,,,,,,,,,,,,,,,1782031509,26,539,26,hist:er_v3,,,LONG,0.27,,,,,11,,,,,,,BTC,1782031509,,,,,,,6,,,1782020738,LONG,0.27,1782031509,,,,,11,,,,btc-updown-5m-1782031500,,,trades.db,early_reversion_v3_trades,,YES_B,BTC,1782031509,,,,,,,6
,BTC,True,London,,,,,,,,,,,,,,,,,,1782031802,27,540,27,hist:er_v3,,,LONG,0.4,,,,,11,,,,,,,BTC,1782031802,,,,,,,6,,,1782021016,LONG,0.4,1782031802,,,,,11,,,,btc-updown-5m-1782031800,,,trades.db,early_reversion_v3_trades,,YES_C,BTC,1782031802,,,,,,,6
,BTC,True,London,,,,,,,,,,,,,,,,,,1782031816,28,541,28,hist:er_v3,,,LONG,0.29,,,,,11,,,,,,,BTC,1782031816,,,,,,,6,,,1782021046,LONG,0.29,1782031816,,,,,11,,,,btc-updown-5m-1782031800,,,trades.db,early_reversion_v3_trades,,YES_B,BTC,1782031816,,,,,,,6
,BTC,True,London,,,,,,,,,,,,,,,,,,1782032102,29,542,29,hist:er_v3,,,SHORT,0.34,,,,,11,,,,,,,BTC,1782032102,,,,,,,6,,,1782021307,SHORT,0.34,1782032102,,,,,11,,,,btc-updown-5m-1782032100,,,trades.db,early_reversion_v3_trades,,NO_C,BTC,1782032102,,,,,,,6
,BTC,True,London,,,,,,,,,,,,,,,,,,1782032408,30,543,30,hist:er_v3,,,SHORT,0.37,,,,,12,,,,,,,BTC,1782032408,,,,,,,6,,,1782021641,SHORT,0.37,1782032408,,,,,12,,,,btc-updown-5m-1782032400,,,trades.db,early_reversion_v3_trades,,NO_C,BTC,1782032408,,,,,,,6
,BTC,True,London,,,,,,,,,,,,,,,,,,1782033319,31,544,31,hist:er_v3,,,LONG,0.37,,,,,12,,,,,,,BTC,1782033319,,,,,,,6,,,1782022528,LONG,0.37,1782033319,,,,,12,,,,btc-updown-5m-1782033300,,,trades.db,early_reversion_v3_trades,,YES_C,BTC,1782033319,,,,,,,6
,BTC,True,London,,,,,,,,,,,,,,,,,,1782033323,32,545,32,hist:er_v3,,,LONG,0.34,,,,,12,,,,,,,BTC,1782033323,,,,,,,6,,,1782022567,LONG,0.34,1782033323,,,,,12,,,,btc-updown-5m-1782033300,,,trades.db,early_reversion_v3_trades,,YES_B,BTC,1782033323,,,,,,,6
,BTC,True,London,,,,,,,,,,,,,,,,,,1782033613,33,546,33,hist:er_v3,,,LONG,0.4,,,,,12,,,,,,,BTC,1782033613,,,,,,,6,,,1782022843,LONG,0.4,1782033613,,,,,12,,,,btc-updown-5m-1782033600,,,trades.db,early_reversion_v3_trades,,YES_C,BTC,1782033613,,,,,,,6
,BTC,True,London,,,,,,,,,,,,,,,,,,1782033918,34,547,34,hist:er_v3,,,SHORT,0.31,,,,,12,,,,,,,BTC,1782033918,,,,,,,6,,,1782023127,SHORT,0.31,1782033918,,,,,12,,,,btc-updown-5m-1782033900,,,trades.db,early_reversion_v3_trades,,NO_C,BTC,1782033918,,,,,,,6
,BTC,True,London,,,,,,,,,,,,,,,,,,1782034216,35,548,35,hist:er_v3,,,SHORT,0.36,,,,,12,,,,,,,BTC,1782034216,,,,,,,6,,,1782023426,SHORT,0.36,1782034216,,,,,12,,,,btc-updown-5m-1782034200,,,trades.db,early_reversion_v3_trades,,NO_C,BTC,1782034216,,,,,,,6
,BTC,True,London,,,,,,,,,,,,,,,,,,1782034506,36,549,36,hist:er_v3,,,SHORT,0.36,,,,,12,,,,,,,BTC,1782034506,,,,,,,6,,,1782023718,SHORT,0.36,1782034506,,,,,12,,,,btc-updown-5m-1782034500,,,trades.db,early_reversion_v3_trades,,NO_C,BTC,1782034506,,,,,,,6
,BTC,True,London,,,,,,,,,,,,,,,,,,1782034808,37,550,37,hist:er_v3,,,SHORT,0.37,,,,,12,,,,,,,BTC,1782034808,,,,,,,6,,,1782024038,SHORT,0.37,1782034808,,,,,12,,,,btc-updown-5m-1782034800,,,trades.db,early_reversion_v3_trades,,NO_C,BTC,1782034808,,,,,,,6
,BTC,True,London,,,,,,,,,,,,,,,,,,1782034822,38,551,38,hist:er_v3,,,LONG,0.25,,,,,12,,,,,,,BTC,1782034822,,,,,,,6,,,1782024054,LONG,0.25,1782034822,,,,,12,,,,btc-updown-5m-1782034800,,,trades.db,early_reversion_v3_trades,,YES_B,BTC,1782034822,,,,,,,6
,BTC,True,London,,,,,,,,,,,,,,,,,,1782034822,39,552,39,hist:er_v3,,,LONG,0.25,,,,,12,,,,,,,BTC,1782034822,,,,,,,6,,,1782024054,LONG,0.25,1782034822,,,,,12,,,,btc-updown-5m-1782034800,,,trades.db,early_reversion_v3_trades,,YES_C,BTC,1782034822,,,,,,,6
,BTC,True,London,,,,,,,,,,,,,,,,,,1782035108,40,553,40,hist:er_v3,,,LONG,0.4,,,,,12,,,,,,,BTC,1782035108,,,,,,,6,,,1782024341,LONG,0.4,1782035108,,,,,12,,,,btc-updown-5m-1782035100,,,trades.db,early_reversion_v3_trades,,YES_C,BTC,1782035108,,,,,,,6
,BTC,True,London,,,,,,,,,,,,,,,,,,1782035401,41,554,41,hist:er_v3,,,LONG,0.35,,,,,12,,,,,,,BTC,1782035401,,,,,,,6,,,1782024637,LONG,0.35,1782035401,,,,,12,,,,btc-updown-5m-1782035400,,,trades.db,early_reversion_v3_trades,,YES_B,BTC,1782035401,,,,,,,6
,BTC,True,London,,,,,,,,,,,,,,,,,,1782035401,42,555,42,hist:er_v3,,,LONG,0.35,,,,,12,,,,,,,BTC,1782035401,,,,,,,6,,,1782024637,LONG,0.35,1782035401,,,,,12,,,,btc-updown-5m-1782035400,,,trades.db,early_reversion_v3_trades,,YES_C,BTC,1782035401,,,,,,,6
,BTC,True,London,,,,,,,,,,,,,,,,,,1782035712,43,556,43,hist:er_v3,,,SHORT,0.37,,,,,12,,,,,,,BTC,1782035712,,,,,,,6,,,1782024942,SHORT,0.37,1782035712,,,,,12,,,,btc-updown-5m-1782035700,,,trades.db,early_reversion_v3_trades,,NO_C,BTC,1782035712,,,,,,,6
,BTC,True,NewYork,,,,,,,,,,,,,,,,,,1782036011,44,557,44,hist:er_v3,,,LONG,0.4,,,,,13,,,,,,,BTC,1782036011,,,,,,,6,,,1782025249,LONG,0.4,1782036011,,,,,13,,,,btc-updown-5m-1782036000,,,trades.db,early_reversion_v3_trades,,YES_C,BTC,1782036011,,,,,,,6
,BTC,True,NewYork,,,,,,,,,,,,,,,,,,1782036323,45,558,45,hist:er_v3,,,LONG,0.4,,,,,13,,,,,,,BTC,1782036323,,,,,,,6,,,1782025553,LONG,0.4,1782036323,,,,,13,,,,btc-updown-5m-1782036300,,,trades.db,early_reversion_v3_trades,,YES_C,BTC,1782036323,,,,,,,6
,BTC,True,NewYork,,,,,,,,,,,,,,,,,,1782036613,46,559,46,hist:er_v3,,,LONG,0.39,,,,,13,,,,,,,BTC,1782036613,,,,,,,6,,,1782025844,LONG,0.39,1782036613,,,,,13,,,,btc-updown-5m-1782036600,,,trades.db,early_reversion_v3_trades,,YES_C,BTC,1782036613,,,,,,,6
,BTC,True,NewYork,,,,,,,,,,,,,,,,,,1782036916,47,560,47,hist:er_v3,,,LONG,0.4,,,,,13,,,,,,,BTC,1782036916,,,,,,,6,,,1782026133,LONG,0.4,1782036916,,,,,13,,,,btc-updown-5m-1782036900,,,trades.db,early_reversion_v3_trades,,YES_C,BTC,1782036916,,,,,,,6
,BTC,True,NewYork,,,,,,,,,,,,,,,,,,1782037211,48,561,48,hist:er_v3,,,LONG,0.4,,,,,13,,,,,,,BTC,1782037211,,,,,,,6,,,1782026442,LONG,0.4,1782037211,,,,,13,,,,btc-updown-5m-1782037200,,,trades.db,early_reversion_v3_trades,,YES_C,BTC,1782037211,,,,,,,6
,BTC,True,NewYork,,,,,,,,,,,,,,,,,,1782037508,49,562,49,hist:er_v3,,,LONG,0.4,,,,,13,,,,,,,BTC,1782037508,,,,,,,6,,,1782026713,LONG,0.4,1782037508,,,,,13,,,,btc-updown-5m-1782037500,,,trades.db,early_reversion_v3_trades,,YES_C,BTC,1782037508,,,,,,,6
,BTC,True,NewYork,,,,,,,,,,,,,,,,,,1782037513,50,563,50,hist:er_v3,,,LONG,0.25,,,,,13,,,,,,,BTC,1782037513,,,,,,,6,,,1782026715,LONG,0.25,1782037513,,,,,13,,,,btc-updown-5m-1782037500,,,trades.db,early_reversion_v3_trades,,YES_B,BTC,1782037513,,,,,,,6
,BTC,True,NewYork,,,,,,,,,,,,,,,,,,1782037810,51,564,51,hist:er_v3,,,LONG,0.38,,,,,13,,,,,,,BTC,1782037810,,,,,,,6,,,1782027040,LONG,0.38,1782037810,,,,,13,,,,btc-updown-5m-1782037800,,,trades.db,early_reversion_v3_trades,,YES_C,BTC,1782037810,,,,,,,6
,BTC,True,NewYork,,,,,,,,,,,,,,,,,,1782038124,52,565,52,hist:er_v3,,,SHORT,0.4,,,,,13,,,,,,,BTC,1782038124,,,,,,,6,,,1782027356,SHORT,0.4,1782038124,,,,,13,,,,btc-updown-5m-1782038100,,,trades.db,early_reversion_v3_trades,,NO_C,BTC,1782038124,,,,,,,6
,BTC,True,NewYork,,,,,,,,,,,,,,,,,,1782039308,53,566,53,hist:er_v3,,,LONG,0.4,,,,,13,,,,,,,BTC,1782039308,,,,,,,6,,,1782028511,LONG,0.4,1782039308,,,,,13,,,,btc-updown-5m-1782039300,,,trades.db,early_reversion_v3_trades,,YES_C,BTC,1782039308,,,,,,,6
,BTC,True,NewYork,,,,,,,,,,,,,,,,,,1782039311,54,567,54,hist:er_v3,,,LONG,0.34,,,,,13,,,,,,,BTC,1782039311,,,,,,,6,,,1782028516,LONG,0.34,1782039311,,,,,13,,,,btc-updown-5m-1782039300,,,trades.db,early_reversion_v3_trades,,YES_B,BTC,1782039311,,,,,,,6
,BTC,True,NewYork,,,,,,,,,,,,,,,,,,1782039915,55,568,55,hist:er_v3,,,LONG,0.4,,,,,14,,,,,,,BTC,1782039915,,,,,,,6,,,1782029132,LONG,0.4,1782039915,,,,,14,,,,btc-updown-5m-1782039900,,,trades.db,early_reversion_v3_trades,,YES_C,BTC,1782039915,,,,,,,6
,BTC,True,NewYork,,,,,,,,,,,,,,,,,,1782040503,56,569,56,hist:er_v3,,,LONG,0.4,,,,,14,,,,,,,BTC,1782040503,,,,,,,6,,,1782029705,LONG,0.4,1782040503,,,,,14,,,,btc-updown-5m-1782040500,,,trades.db,early_reversion_v3_trades,,YES_C,BTC,1782040503,,,,,,,6
,BTC,True,NewYork,,,,,,,,,,,,,,,,,,1782040505,57,570,57,hist:er_v3,,,LONG,0.28,,,,,14,,,,,,,BTC,1782040505,,,,,,,6,,,1782029718,LONG,0.28,1782040505,,,,,14,,,,btc-updown-5m-1782040500,,,trades.db,early_reversion_v3_trades,,YES_B,BTC,1782040505,,,,,,,6
,BTC,True,NewYork,,,,,,,,,,,,,,,,,,1782040822,58,571,58,hist:er_v3,,,SHORT,0.35,,,,,14,,,,,,,BTC,1782040822,,,,,,,6,,,1782030037,SHORT,0.35,1782040822,,,,,14,,,,btc-updown-5m-1782040800,,,trades.db,early_reversion_v3_trades,,NO_C,BTC,1782040822,,,,,,,6
,BTC,True,NewYork,,,,,,,,,,,,,,,,,,1782041125,59,572,59,hist:er_v3,,,SHORT,0.38,,,,,14,,,,,,,BTC,1782041125,,,,,,,6,,,1782030355,SHORT,0.38,1782041125,,,,,14,,,,btc-updown-5m-1782041100,,,trades.db,early_reversion_v3_trades,,NO_C,BTC,1782041125,,,,,,,6
,BTC,True,NewYork,,,,,,,,,,,,,,,,,,1782041410,60,573,60,hist:er_v3,,,SHORT,0.37,,,,,14,,,,,,,BTC,1782041410,,,,,,,6,,,1782030700,SHORT,0.37,1782041410,,,,,14,,,,btc-updown-5m-1782041400,,,trades.db,early_reversion_v3_trades,,NO_C,BTC,1782041410,,,,,,,6
,BTC,True,NewYork,,,,,,,,,,,,,,,,,,1782042005,61,574,61,hist:er_v3,,,LONG,0.38,,,,,14,,,,,,,BTC,1782042005,,,,,,,6,,,1782031247,LONG,0.38,1782042005,,,,,14,,,,btc-updown-5m-1782042000,,,trades.db,early_reversion_v3_trades,,YES_C,BTC,1782042005,,,,,,,6
,BTC,True,NewYork,,,,,,,,,,,,,,,,,,1782042608,62,575,62,hist:er_v3,,,LONG,0.25,,,,,14,,,,,,,BTC,1782042608,,,,,,,6,,,1782031811,LONG,0.25,1782042608,,,,,14,,,,btc-updown-5m-1782042600,,,trades.db,early_reversion_v3_trades,,YES_B,BTC,1782042608,,,,,,,6
,BTC,True,NewYork,,,,,,,,,,,,,,,,,,1782042608,63,576,63,hist:er_v3,,,LONG,0.25,,,,,14,,,,,,,BTC,1782042608,,,,,,,6,,,1782031811,LONG,0.25,1782042608,,,,,14,,,,btc-updown-5m-1782042600,,,trades.db,early_reversion_v3_trades,,YES_C,BTC,1782042608,,,,,,,6
,BTC,True,NewYork,,,,,,,,,,,,,,,,,,1782044111,64,577,64,hist:er_v3,,,LONG,0.31,,,,,15,,,,,,,BTC,1782044111,,,,,,,6,,,1782033362,LONG,0.31,1782044111,,,,,15,,,,btc-updown-5m-1782044100,,,trades.db,early_reversion_v3_trades,,YES_B,BTC,1782044111,,,,,,,6
,BTC,True,NewYork,,,,,,,,,,,,,,,,,,1782044111,65,578,65,hist:er_v3,,,LONG,0.31,,,,,15,,,,,,,BTC,1782044111,,,,,,,6,,,1782033362,LONG,0.31,1782044111,,,,,15,,,,btc-updown-5m-1782044100,,,trades.db,early_reversion_v3_trades,,YES_C,BTC,1782044111,,,,,,,6
,BTC,True,NewYork,,,,,,,,,,,,,,,,,,1782044406,66,579,66,hist:er_v3,,,SHORT,0.38,,,,,15,,,,,,,BTC,1782044406,,,,,,,6,,,1782033694,SHORT,0.38,1782044406,,,,,15,,,,btc-updown-5m-1782044400,,,trades.db,early_reversion_v3_trades,,NO_C,BTC,1782044406,,,,,,,6
,BTC,True,NewYork,,,,,,,,,,,,,,,,,,1782044706,67,580,67,hist:er_v3,,,SHORT,0.39,,,,,15,,,,,,,BTC,1782044706,,,,,,,6,,,1782033911,SHORT,0.39,1782044706,,,,,15,,,,btc-updown-5m-1782044700,,,trades.db,early_reversion_v3_trades,,NO_C,BTC,1782044706,,,,,,,6
,BTC,True,NewYork,,,,,,,,,,,,,,,,,,1782045323,68,581,68,hist:er_v3,,,SHORT,0.39,,,,,15,,,,,,,BTC,1782045323,,,,,,,6,,,1782034538,SHORT,0.39,1782045323,,,,,15,,,,btc-updown-5m-1782045300,,,trades.db,early_reversion_v3_trades,,NO_C,BTC,1782045323,,,,,,,6
,BTC,True,NewYork,,,,,,,,,,,,,,,,,,1782045617,69,582,69,hist:er_v3,,,SHORT,0.4,,,,,15,,,,,,,BTC,1782045617,,,,,,,6,,,1782034845,SHORT,0.4,1782045617,,,,,15,,,,btc-updown-5m-1782045600,,,trades.db,early_reversion_v3_trades,,NO_C,BTC,1782045617,,,,,,,6
,BTC,True,NewYork,,,,,,,,,,,,,,,,,,1782045928,70,583,70,hist:er_v3,,,SHORT,0.35,,,,,15,,,,,,,BTC,1782045928,,,,,,,6,,,1782035153,SHORT,0.35,1782045928,,,,,15,,,,btc-updown-5m-1782045900,,,trades.db,early_reversion_v3_trades,,NO_C,BTC,1782045928,,,,,,,6
,BTC,True,NewYork,,,,,,,,,,,,,,,,,,1782046218,71,584,71,hist:er_v3,,,LONG,0.37,,,,,15,,,,,,,BTC,1782046218,,,,,,,6,,,1782035463,LONG,0.37,1782046218,,,,,15,,,,btc-updown-5m-1782046200,,,trades.db,early_reversion_v3_trades,,YES_C,BTC,1782046218,,,,,,,6
,BTC,True,NewYork,,,,,,,,,,,,,,,,,,1782046518,72,585,72,hist:er_v3,,,LONG,0.3,,,,,15,,,,,,,BTC,1782046518,,,,,,,6,,,1782035754,LONG,0.3,1782046518,,,,,15,,,,btc-updown-5m-1782046500,,,trades.db,early_reversion_v3_trades,,YES_B,BTC,1782046518,,,,,,,6
,BTC,True,NewYork,,,,,,,,,,,,,,,,,,1782046518,73,586,73,hist:er_v3,,,LONG,0.3,,,,,15,,,,,,,BTC,1782046518,,,,,,,6,,,1782035754,LONG,0.3,1782046518,,,,,15,,,,btc-updown-5m-1782046500,,,trades.db,early_reversion_v3_trades,,YES_C,BTC,1782046518,,,,,,,6
,BTC,True,NewYork,,,,,,,,,,,,,,,,,,1782046825,74,587,74,hist:er_v3,,,LONG,0.37,,,,,16,,,,,,,BTC,1782046825,,,,,,,6,,,1782036032,LONG,0.37,1782046825,,,,,16,,,,btc-updown-5m-1782046800,,,trades.db,early_reversion_v3_trades,,YES_C,BTC,1782046825,,,,,,,6
,BTC,True,NewYork,,,,,,,,,,,,,,,,,,1782047113,75,588,75,hist:er_v3,,,LONG,0.4,,,,,16,,,,,,,BTC,1782047113,,,,,,,6,,,1782036347,LONG,0.4,1782047113,,,,,16,,,,btc-updown-5m-1782047100,,,trades.db,early_reversion_v3_trades,,YES_C,BTC,1782047113,,,,,,,6
,BTC,True,NewYork,,,,,,,,,,,,,,,,,,1782047721,76,589,76,hist:er_v3,,,SHORT,0.4,,,,,16,,,,,,,BTC,1782047721,,,,,,,6,,,1782036938,SHORT,0.4,1782047721,,,,,16,,,,btc-updown-5m-1782047700,,,trades.db,early_reversion_v3_trades,,NO_C,BTC,1782047721,,,,,,,6
,BTC,True,NewYork,,,,,,,,,,,,,,,,,,1782048314,77,590,77,hist:er_v3,,,LONG,0.4,,,,,16,,,,,,,BTC,1782048314,,,,,,,6,,,1782037545,LONG,0.4,1782048314,,,,,16,,,,btc-updown-5m-1782048300,,,trades.db,early_reversion_v3_trades,,YES_C,BTC,1782048314,,,,,,,6
,BTC,True,NewYork,,,,,,,,,,,,,,,,,,1782048606,78,591,78,hist:er_v3,,,SHORT,0.39,,,,,16,,,,,,,BTC,1782048606,,,,,,,6,,,1782037898,SHORT,0.39,1782048606,,,,,16,,,,btc-updown-5m-1782048600,,,trades.db,early_reversion_v3_trades,,NO_C,BTC,1782048606,,,,,,,6
,BTC,True,NewYork,,,,,,,,,,,,,,,,,,1782048623,79,592,79,hist:er_v3,,,LONG,0.4,,,,,16,,,,,,,BTC,1782048623,,,,,,,6,,,1782037838,LONG,0.4,1782048623,,,,,16,,,,btc-updown-5m-1782048600,,,trades.db,early_reversion_v3_trades,,YES_C,BTC,1782048623,,,,,,,6
,BTC,True,NewYork,,,,,,,,,,,,,,,,,,1782049202,80,593,80,hist:er_v3,,,LONG,0.37,,,,,16,,,,,,,BTC,1782049202,,,,,,,6,,,1782038492,LONG,0.37,1782049202,,,,,16,,,,btc-updown-5m-1782049200,,,trades.db,early_reversion_v3_trades,,YES_C,BTC,1782049202,,,,,,,6
,BTC,True,NewYork,,,,,,,,,,,,,,,,,,1782049205,81,594,81,hist:er_v3,,,LONG,0.34,,,,,16,,,,,,,BTC,1782049205,,,,,,,6,,,1782038497,LONG,0.34,1782049205,,,,,16,,,,btc-updown-5m-1782049200,,,trades.db,early_reversion_v3_trades,,YES_B,BTC,1782049205,,,,,,,6
,BTC,True,NewYork,,,,,,,,,,,,,,,,,,1782049808,82,595,82,hist:er_v3,,,SHORT,0.38,,,,,16,,,,,,,BTC,1782049808,,,,,,,6,,,1782039031,SHORT,0.38,1782049808,,,,,16,,,,btc-updown-5m-1782049800,,,trades.db,early_reversion_v3_trades,,NO_C,BTC,1782049808,,,,,,,6
,BTC,True,NewYork,,,,,,,,,,,,,,,,,,1782050107,83,596,83,hist:er_v3,,,SHORT,0.4,,,,,16,,,,,,,BTC,1782050107,,,,,,,6,,,1782039312,SHORT,0.4,1782050107,,,,,16,,,,btc-updown-5m-1782050100,,,trades.db,early_reversion_v3_trades,,NO_C,BTC,1782050107,,,,,,,6
,BTC,True,NewYork,,,,,,,,,,,,,,,,,,1782050704,84,597,84,hist:er_v3,,,SHORT,0.31,,,,,17,,,,,,,BTC,1782050704,,,,,,,6,,,1782039906,SHORT,0.31,1782050704,,,,,17,,,,btc-updown-5m-1782050700,,,trades.db,early_reversion_v3_trades,,NO_C,BTC,1782050704,,,,,,,6
,BTC,True,NewYork,,,,,,,,,,,,,,,,,,1782051022,85,598,85,hist:er_v3,,,LONG,0.38,,,,,17,,,,,,,BTC,1782051022,,,,,,,6,,,1782040262,LONG,0.38,1782051022,,,,,17,,,,btc-updown-5m-1782051000,,,trades.db,early_reversion_v3_trades,,YES_C,BTC,1782051022,,,,,,,6
,BTC,True,NewYork,,,,,,,,,,,,,,,,,,1782051312,86,599,86,hist:er_v3,,,LONG,0.39,,,,,17,,,,,,,BTC,1782051312,,,,,,,6,,,1782040517,LONG,0.39,1782051312,,,,,17,,,,btc-updown-5m-1782051300,,,trades.db,early_reversion_v3_trades,,YES_C,BTC,1782051312,,,,,,,6
,BTC,True,NewYork,,,,,,,,,,,,,,,,,,1782051317,87,600,87,hist:er_v3,,,LONG,0.33,,,,,17,,,,,,,BTC,1782051317,,,,,,,6,,,1782040566,LONG,0.33,1782051317,,,,,17,,,,btc-updown-5m-1782051300,,,trades.db,early_reversion_v3_trades,,YES_B,BTC,1782051317,,,,,,,6
,BTC,True,NewYork,,,,,,,,,,,,,,,,,,1782052215,88,601,88,hist:er_v3,,,LONG,0.39,,,,,17,,,,,,,BTC,1782052215,,,,,,,6,,,1782041418,LONG,0.39,1782052215,,,,,17,,,,btc-updown-5m-1782052200,,,trades.db,early_reversion_v3_trades,,YES_C,BTC,1782052215,,,,,,,6
,BTC,True,NewYork,,,,,,,,,,,,,,,,,,1782052218,89,602,89,hist:er_v3,,,LONG,0.31,,,,,17,,,,,,,BTC,1782052218,,,,,,,6,,,1782041449,LONG,0.31,1782052218,,,,,17,,,,btc-updown-5m-1782052200,,,trades.db,early_reversion_v3_trades,,YES_B,BTC,1782052218,,,,,,,6
,BTC,True,NewYork,,,,,,,,,,,,,,,,,,1782052811,90,603,90,hist:er_v3,,,SHORT,0.35,,,,,17,,,,,,,BTC,1782052811,,,,,,,6,,,1782042024,SHORT,0.35,1782052811,,,,,17,,,,btc-updown-5m-1782052800,,,trades.db,early_reversion_v3_trades,,NO_C,BTC,1782052811,,,,,,,6
,BTC,True,NewYork,,,,,,,,,,,,,,,,,,1782053411,91,604,91,hist:er_v3,,,SHORT,0.3,,,,,17,,,,,,,BTC,1782053411,,,,,,,6,,,1782042619,SHORT,0.3,1782053411,,,,,17,,,,btc-updown-5m-1782053400,,,trades.db,early_reversion_v3_trades,,NO_C,BTC,1782053411,,,,,,,6
,BTC,True,NewYork,,,,,,,,,,,,,,,,,,1782053709,92,605,92,hist:er_v3,,,SHORT,0.3,,,,,17,,,,,,,BTC,1782053709,,,,,,,6,,,1782042925,SHORT,0.3,1782053709,,,,,17,,,,btc-updown-5m-1782053700,,,trades.db,early_reversion_v3_trades,,NO_C,BTC,1782053709,,,,,,,6
,BTC,True,NewYork,,,,,,,,,,,,,,,,,,1782054327,93,606,93,hist:er_v3,,,SHORT,0.37,,,,,18,,,,,,,BTC,1782054327,,,,,,,6,,,1782043562,SHORT,0.37,1782054327,,,,,18,,,,btc-updown-5m-1782054300,,,trades.db,early_reversion_v3_trades,,NO_C,BTC,1782054327,,,,,,,6
,BTC,True,NewYork,,,,,,,,,,,,,,,,,,1782054620,94,607,94,hist:er_v3,,,LONG,0.4,,,,,18,,,,,,,BTC,1782054620,,,,,,,6,,,1782043851,LONG,0.4,1782054620,,,,,18,,,,btc-updown-5m-1782054600,,,trades.db,early_reversion_v3_trades,,YES_C,BTC,1782054620,,,,,,,6
,BTC,True,NewYork,,,,,,,,,,,,,,,,,,1782054909,95,608,95,hist:er_v3,,,SHORT,0.35,,,,,18,,,,,,,BTC,1782054909,,,,,,,6,,,1782044144,SHORT,0.35,1782054909,,,,,18,,,,btc-updown-5m-1782054900,,,trades.db,early_reversion_v3_trades,,NO_C,BTC,1782054909,,,,,,,6
,BTC,True,NewYork,,,,,,,,,,,,,,,,,,1782055206,96,609,96,hist:er_v3,,,LONG,0.4,,,,,18,,,,,,,BTC,1782055206,,,,,,,6,,,1782044437,LONG,0.4,1782055206,,,,,18,,,,btc-updown-5m-1782055200,,,trades.db,early_reversion_v3_trades,,YES_C,BTC,1782055206,,,,,,,6
,BTC,True,NewYork,,,,,,,,,,,,,,,,,,1782055819,97,610,97,hist:er_v3,,,LONG,0.38,,,,,18,,,,,,,BTC,1782055819,,,,,,,6,,,1782045022,LONG,0.38,1782055819,,,,,18,,,,btc-updown-5m-1782055800,,,trades.db,early_reversion_v3_trades,,YES_C,BTC,1782055819,,,,,,,6
,BTC,True,NewYork,,,,,,,,,,,,,,,,,,1782055822,98,611,98,hist:er_v3,,,LONG,0.3,,,,,18,,,,,,,BTC,1782055822,,,,,,,6,,,1782045027,LONG,0.3,1782055822,,,,,18,,,,btc-updown-5m-1782055800,,,trades.db,early_reversion_v3_trades,,YES_B,BTC,1782055822,,,,,,,6
,BTC,True,NewYork,,,,,,,,,,,,,,,,,,1782056117,99,612,99,hist:er_v3,,,SHORT,0.38,,,,,18,,,,,,,BTC,1782056117,,,,,,,6,,,1782045349,SHORT,0.38,1782056117,,,,,18,,,,btc-updown-5m-1782056100,,,trades.db,early_reversion_v3_trades,,NO_C,BTC,1782056117,,,,,,,6
,BTC,True,NewYork,,,,,,,,,,,,,,,,,,1782057304,100,613,100,hist:er_v3,,,LONG,0.36,,,,,18,,,,,,,BTC,1782057304,,,,,,,6,,,1782046521,LONG,0.36,1782057304,,,,,18,,,,btc-updown-5m-1782057300,,,trades.db,early_reversion_v3_trades,,YES_C,BTC,1782057304,,,,,,,6
,BTC,True,NewYork,,,,,,,,,,,,,,,,,,1782057321,101,614,101,hist:er_v3,,,LONG,0.29,,,,,18,,,,,,,BTC,1782057321,,,,,,,6,,,1782046551,LONG,0.29,1782057321,,,,,18,,,,btc-updown-5m-1782057300,,,trades.db,early_reversion_v3_trades,,YES_B,BTC,1782057321,,,,,,,6
,BTC,True,NewYork,,,,,,,,,,,,,,,,,,1782057623,102,615,102,hist:er_v3,,,LONG,0.38,,,,,19,,,,,,,BTC,1782057623,,,,,,,6,,,1782046844,LONG,0.38,1782057623,,,,,19,,,,btc-updown-5m-1782057600,,,trades.db,early_reversion_v3_trades,,YES_C,BTC,1782057623,,,,,,,6
,BTC,True,NewYork,,,,,,,,,,,,,,,,,,1782058208,103,616,103,hist:er_v3,,,SHORT,0.38,,,,,19,,,,,,,BTC,1782058208,,,,,,,6,,,1782047438,SHORT,0.38,1782058208,,,,,19,,,,btc-updown-5m-1782058200,,,trades.db,early_reversion_v3_trades,,NO_C,BTC,1782058208,,,,,,,6
,BTC,True,NewYork,,,,,,,,,,,,,,,,,,1782058803,104,617,104,hist:er_v3,,,LONG,0.39,,,,,19,,,,,,,BTC,1782058803,,,,,,,6,,,1782048086,LONG,0.39,1782058803,,,,,19,,,,btc-updown-5m-1782058800,,,trades.db,early_reversion_v3_trades,,YES_C,BTC,1782058803,,,,,,,6
,BTC,True,NewYork,,,,,,,,,,,,,,,,,,1782059420,105,618,105,hist:er_v3,,,LONG,0.4,,,,,19,,,,,,,BTC,1782059420,,,,,,,6,,,1782048625,LONG,0.4,1782059420,,,,,19,,,,btc-updown-5m-1782059400,,,trades.db,early_reversion_v3_trades,,YES_C,BTC,1782059420,,,,,,,6
,BTC,True,NewYork,,,,,,,,,,,,,,,,,,1782059425,106,619,106,hist:er_v3,,,LONG,0.34,,,,,19,,,,,,,BTC,1782059425,,,,,,,6,,,1782048657,LONG,0.34,1782059425,,,,,19,,,,btc-updown-5m-1782059400,,,trades.db,early_reversion_v3_trades,,YES_B,BTC,1782059425,,,,,,,6
,BTC,True,NewYork,,,,,,,,,,,,,,,,,,1782059703,107,620,107,hist:er_v3,,,SHORT,0.31,,,,,19,,,,,,,BTC,1782059703,,,,,,,6,,,1782048906,SHORT,0.31,1782059703,,,,,19,,,,btc-updown-5m-1782059700,,,trades.db,early_reversion_v3_trades,,NO_C,BTC,1782059703,,,,,,,6
,BTC,True,NewYork,,,,,,,,,,,,,,,,,,1782060303,108,621,108,hist:er_v3,,,SHORT,0.4,,,,,19,,,,,,,BTC,1782060303,,,,,,,6,,,1782049527,SHORT,0.4,1782060303,,,,,19,,,,btc-updown-5m-1782060300,,,trades.db,early_reversion_v3_trades,,NO_C,BTC,1782060303,,,,,,,6
,BTC,True,NewYork,,,,,,,,,,,,,,,,,,1782060601,109,622,109,hist:er_v3,,,SHORT,0.38,,,,,19,,,,,,,BTC,1782060601,,,,,,,6,,,1782049803,SHORT,0.38,1782060601,,,,,19,,,,btc-updown-5m-1782060600,,,trades.db,early_reversion_v3_trades,,NO_C,BTC,1782060601,,,,,,,6
,BTC,True,NewYork,,,,,,,,,,,,,,,,,,1782060923,110,623,110,hist:er_v3,,,SHORT,0.4,,,,,19,,,,,,,BTC,1782060923,,,,,,,6,,,1782050153,SHORT,0.4,1782060923,,,,,19,,,,btc-updown-5m-1782060900,,,trades.db,early_reversion_v3_trades,,NO_C,BTC,1782060923,,,,,,,6
,BTC,True,NewYork,,,,,,,,,,,,,,,,,,1782061508,111,624,111,hist:er_v3,,,SHORT,0.38,,,,,20,,,,,,,BTC,1782061508,,,,,,,6,,,1782050739,SHORT,0.38,1782061508,,,,,20,,,,btc-updown-5m-1782061500,,,trades.db,early_reversion_v3_trades,,NO_C,BTC,1782061508,,,,,,,6
,BTC,True,NewYork,,,,,,,,,,,,,,,,,,1782061528,112,625,112,hist:er_v3,,,LONG,0.4,,,,,20,,,,,,,BTC,1782061528,,,,,,,6,,,1782050775,LONG,0.4,1782061528,,,,,20,,,,btc-updown-5m-1782061500,,,trades.db,early_reversion_v3_trades,,YES_C,BTC,1782061528,,,,,,,6
,BTC,True,NewYork,,,,,,,,,,,,,,,,,,1782061815,113,626,113,hist:er_v3,,,LONG,0.37,,,,,20,,,,,,,BTC,1782061815,,,,,,,6,,,1782051047,LONG,0.37,1782061815,,,,,20,,,,btc-updown-5m-1782061800,,,trades.db,early_reversion_v3_trades,,YES_C,BTC,1782061815,,,,,,,6
,BTC,True,NewYork,,,,,,,,,,,,,,,,,,1782062113,114,627,114,hist:er_v3,,,LONG,0.35,,,,,20,,,,,,,BTC,1782062113,,,,,,,6,,,1782051344,LONG,0.35,1782062113,,,,,20,,,,btc-updown-5m-1782062100,,,trades.db,early_reversion_v3_trades,,YES_B,BTC,1782062113,,,,,,,6
,BTC,True,NewYork,,,,,,,,,,,,,,,,,,1782062113,115,628,115,hist:er_v3,,,LONG,0.35,,,,,20,,,,,,,BTC,1782062113,,,,,,,6,,,1782051344,LONG,0.35,1782062113,,,,,20,,,,btc-updown-5m-1782062100,,,trades.db,early_reversion_v3_trades,,YES_C,BTC,1782062113,,,,,,,6
,BTC,True,NewYork,,,,,,,,,,,,,,,,,,1782062717,116,629,116,hist:er_v3,,,LONG,0.37,,,,,20,,,,,,,BTC,1782062717,,,,,,,6,,,1782051919,LONG,0.37,1782062717,,,,,20,,,,btc-updown-5m-1782062700,,,trades.db,early_reversion_v3_trades,,YES_C,BTC,1782062717,,,,,,,6
,BTC,True,NewYork,,,,,,,,,,,,,,,,,,1782062719,117,630,117,hist:er_v3,,,LONG,0.29,,,,,20,,,,,,,BTC,1782062719,,,,,,,6,,,1782051981,LONG,0.29,1782062719,,,,,20,,,,btc-updown-5m-1782062700,,,trades.db,early_reversion_v3_trades,,YES_B,BTC,1782062719,,,,,,,6
,BTC,True,NewYork,,,,,,,,,,,,,,,,,,1782063024,118,631,118,hist:er_v3,,,SHORT,0.4,,,,,20,,,,,,,BTC,1782063024,,,,,,,6,,,1782052230,SHORT,0.4,1782063024,,,,,20,,,,btc-updown-5m-1782063000,,,trades.db,early_reversion_v3_trades,,NO_C,BTC,1782063024,,,,,,,6
,BTC,True,NewYork,,,,,,,,,,,,,,,,,,1782063904,119,632,119,hist:er_v3,,,SHORT,0.36,,,,,20,,,,,,,BTC,1782063904,,,,,,,6,,,1782053111,SHORT,0.36,1782063904,,,,,20,,,,btc-updown-5m-1782063900,,,trades.db,early_reversion_v3_trades,,NO_C,BTC,1782063904,,,,,,,6
,BTC,True,NewYork,,,,,,,,,,,,,,,,,,1782064506,120,633,120,hist:er_v3,,,LONG,0.37,,,,,20,,,,,,,BTC,1782064506,,,,,,,6,,,1782053772,LONG,0.37,1782064506,,,,,20,,,,btc-updown-5m-1782064500,,,trades.db,early_reversion_v3_trades,,YES_C,BTC,1782064506,,,,,,,6
,BTC,True,Offhours,,,,,,,,,,,,,,,,,,1782064821,121,634,121,hist:er_v3,,,SHORT,0.4,,,,,21,,,,,,,BTC,1782064821,,,,,,,6,,,1782054035,SHORT,0.4,1782064821,,,,,21,,,,btc-updown-5m-1782064800,,,trades.db,early_reversion_v3_trades,,NO_C,BTC,1782064821,,,,,,,6
,BTC,True,Offhours,,,,,,,,,,,,,,,,,,1782065106,122,635,122,hist:er_v3,,,SHORT,0.4,,,,,21,,,,,,,BTC,1782065106,,,,,,,6,,,1782054312,SHORT,0.4,1782065106,,,,,21,,,,btc-updown-5m-1782065100,,,trades.db,early_reversion_v3_trades,,NO_C,BTC,1782065106,,,,,,,6
,BTC,True,Offhours,,,,,,,,,,,,,,,,,,1782065723,123,636,123,hist:er_v3,,,SHORT,0.31,,,,,21,,,,,,,BTC,1782065723,,,,,,,6,,,1782054955,SHORT,0.31,1782065723,,,,,21,,,,btc-updown-5m-1782065700,,,trades.db,early_reversion_v3_trades,,NO_C,BTC,1782065723,,,,,,,6
,BTC,True,Offhours,,,,,,,,,,,,,,,,,,1782066314,124,637,124,hist:er_v3,,,SHORT,0.4,,,,,21,,,,,,,BTC,1782066314,,,,,,,6,,,1782055544,SHORT,0.4,1782066314,,,,,21,,,,btc-updown-5m-1782066300,,,trades.db,early_reversion_v3_trades,,NO_C,BTC,1782066314,,,,,,,6
,BTC,True,Offhours,,,,,,,,,,,,,,,,,,1782067218,125,638,125,hist:er_v3,,,SHORT,0.4,,,,,21,,,,,,,BTC,1782067218,,,,,,,6,,,1782056468,SHORT,0.4,1782067218,,,,,21,,,,btc-updown-5m-1782067200,,,trades.db,early_reversion_v3_trades,,NO_C,BTC,1782067218,,,,,,,6
,BTC,True,Offhours,,,,,,,,,,,,,,,,,,1782067803,126,639,126,hist:er_v3,,,SHORT,0.38,,,,,21,,,,,,,BTC,1782067803,,,,,,,6,,,1782057033,SHORT,0.38,1782067803,,,,,21,,,,btc-updown-5m-1782067800,,,trades.db,early_reversion_v3_trades,,NO_C,BTC,1782067803,,,,,,,6
,BTC,True,Offhours,,,,,,,,,,,,,,,,,,1782068107,127,640,127,hist:er_v3,,,LONG,0.35,,,,,21,,,,,,,BTC,1782068107,,,,,,,6,,,1782057338,LONG,0.35,1782068107,,,,,21,,,,btc-updown-5m-1782068100,,,trades.db,early_reversion_v3_trades,,YES_B,BTC,1782068107,,,,,,,6
,BTC,True,Offhours,,,,,,,,,,,,,,,,,,1782068107,128,641,128,hist:er_v3,,,LONG,0.35,,,,,21,,,,,,,BTC,1782068107,,,,,,,6,,,1782057338,LONG,0.35,1782068107,,,,,21,,,,btc-updown-5m-1782068100,,,trades.db,early_reversion_v3_trades,,YES_C,BTC,1782068107,,,,,,,6
,BTC,True,Offhours,,,,,,,,,,,,,,,,,,1782068419,129,642,129,hist:er_v3,,,LONG,0.34,,,,,22,,,,,,,BTC,1782068419,,,,,,,6,,,1782057659,LONG,0.34,1782068419,,,,,22,,,,btc-updown-5m-1782068400,,,trades.db,early_reversion_v3_trades,,YES_B,BTC,1782068419,,,,,,,6
,BTC,True,Offhours,,,,,,,,,,,,,,,,,,1782068419,130,643,130,hist:er_v3,,,LONG,0.34,,,,,22,,,,,,,BTC,1782068419,,,,,,,6,,,1782057659,LONG,0.34,1782068419,,,,,22,,,,btc-updown-5m-1782068400,,,trades.db,early_reversion_v3_trades,,YES_C,BTC,1782068419,,,,,,,6
,BTC,True,Offhours,,,,,,,,,,,,,,,,,,1782069310,131,644,131,hist:er_v3,,,LONG,0.4,,,,,22,,,,,,,BTC,1782069310,,,,,,,6,,,1782058543,LONG,0.4,1782069310,,,,,22,,,,btc-updown-5m-1782069300,,,trades.db,early_reversion_v3_trades,,YES_C,BTC,1782069310,,,,,,,6
,BTC,True,Offhours,,,,,,,,,,,,,,,,,,1782069606,132,645,132,hist:er_v3,,,LONG,0.4,,,,,22,,,,,,,BTC,1782069606,,,,,,,6,,,1782058820,LONG,0.4,1782069606,,,,,22,,,,btc-updown-5m-1782069600,,,trades.db,early_reversion_v3_trades,,YES_C,BTC,1782069606,,,,,,,6
,BTC,True,Offhours,,,,,,,,,,,,,,,,,,1782069620,133,646,133,hist:er_v3,,,LONG,0.31,,,,,22,,,,,,,BTC,1782069620,,,,,,,6,,,1782058850,LONG,0.31,1782069620,,,,,22,,,,btc-updown-5m-1782069600,,,trades.db,early_reversion_v3_trades,,YES_B,BTC,1782069620,,,,,,,6
,BTC,True,Offhours,,,,,,,,,,,,,,,,,,1782072007,134,647,134,hist:er_v3,,,SHORT,0.38,,,,,23,,,,,,,BTC,1782072007,,,,,,,6,,,1782061240,SHORT,0.38,1782072007,,,,,23,,,,btc-updown-5m-1782072000,,,trades.db,early_reversion_v3_trades,,NO_C,BTC,1782072007,,,,,,,6
,BTC,True,Offhours,,,,,,,,,,,,,,,,,,1782072615,135,648,135,hist:er_v3,,,LONG,0.32,,,,,23,,,,,,,BTC,1782072615,,,,,,,6,,,1782061817,LONG,0.32,1782072615,,,,,23,,,,btc-updown-5m-1782072600,,,trades.db,early_reversion_v3_trades,,YES_B,BTC,1782072615,,,,,,,6
,BTC,True,Offhours,,,,,,,,,,,,,,,,,,1782073212,136,649,136,hist:er_v3,,,SHORT,0.35,,,,,23,,,,,,,BTC,1782073212,,,,,,,6,,,1782062414,SHORT,0.35,1782073212,,,,,23,,,,btc-updown-5m-1782073200,,,trades.db,early_reversion_v3_trades,,NO_C,BTC,1782073212,,,,,,,6
,BTC,True,Offhours,,,,,,,,,,,,,,,,,,1782073520,137,650,137,hist:er_v3,,,SHORT,0.37,,,,,23,,,,,,,BTC,1782073520,,,,,,,6,,,1782062750,SHORT,0.37,1782073520,,,,,23,,,,btc-updown-5m-1782073500,,,trades.db,early_reversion_v3_trades,,NO_C,BTC,1782073520,,,,,,,6
,BTC,True,Offhours,,,,,,,,,,,,,,,,,,1782073822,138,651,138,hist:er_v3,,,SHORT,0.37,,,,,23,,,,,,,BTC,1782073822,,,,,,,6,,,1782063028,SHORT,0.37,1782073822,,,,,23,,,,btc-updown-5m-1782073800,,,trades.db,early_reversion_v3_trades,,NO_C,BTC,1782073822,,,,,,,6
,BTC,True,Offhours,,,,,,,,,,,,,,,,,,1782074120,139,652,139,hist:er_v3,,,SHORT,0.39,,,,,23,,,,,,,BTC,1782074120,,,,,,,6,,,1782063323,SHORT,0.39,1782074120,,,,,23,,,,btc-updown-5m-1782074100,,,trades.db,early_reversion_v3_trades,,NO_C,BTC,1782074120,,,,,,,6
,BTC,True,Offhours,,,,,,,,,,,,,,,,,,1782075019,140,653,140,hist:er_v3,,,SHORT,0.3,,,,,23,,,,,,,BTC,1782075019,,,,,,,6,,,1782064224,SHORT,0.3,1782075019,,,,,23,,,,btc-updown-5m-1782075000,,,trades.db,early_reversion_v3_trades,,NO_C,BTC,1782075019,,,,,,,6
,BTC,True,Offhours,,,,,,,,,,,,,,,,,,1782075303,141,654,141,hist:er_v3,,,SHORT,0.4,,,,,23,,,,,,,BTC,1782075303,,,,,,,6,,,1782064540,SHORT,0.4,1782075303,,,,,23,,,,btc-updown-5m-1782075300,,,trades.db,early_reversion_v3_trades,,NO_C,BTC,1782075303,,,,,,,6
,BTC,True,Asia,,,,,,,,,,,,,,,,,,1782075628,142,655,142,hist:er_v3,,,SHORT,0.39,,,,,0,,,,,,,BTC,1782075628,,,,,,,0,,,1782064839,SHORT,0.39,1782075628,,,,,0,,,,btc-updown-5m-1782075600,,,trades.db,early_reversion_v3_trades,,NO_C,BTC,1782075628,,,,,,,0
,BTC,True,Asia,,,,,,,,,,,,,,,,,,1782076209,143,656,143,hist:er_v3,,,SHORT,0.38,,,,,0,,,,,,,BTC,1782076209,,,,,,,0,,,1782065417,SHORT,0.38,1782076209,,,,,0,,,,btc-updown-5m-1782076200,,,trades.db,early_reversion_v3_trades,,NO_C,BTC,1782076209,,,,,,,0
,BTC,True,Asia,,,,,,,,,,,,,,,,,,1782076506,144,657,144,hist:er_v3,,,SHORT,0.39,,,,,0,,,,,,,BTC,1782076506,,,,,,,0,,,1782065727,SHORT,0.39,1782076506,,,,,0,,,,btc-updown-5m-1782076500,,,trades.db,early_reversion_v3_trades,,NO_C,BTC,1782076506,,,,,,,0
,BTC,True,Asia,,,,,,,,,,,,,,,,,,1782076815,145,658,145,hist:er_v3,,,SHORT,0.39,,,,,0,,,,,,,BTC,1782076815,,,,,,,0,,,1782066041,SHORT,0.39,1782076815,,,,,0,,,,btc-updown-5m-1782076800,,,trades.db,early_reversion_v3_trades,,NO_C,BTC,1782076815,,,,,,,0
,BTC,True,Asia,,,,,,,,,,,,,,,,,,1782077109,146,659,146,hist:er_v3,,,LONG,0.29,,,,,0,,,,,,,BTC,1782077109,,,,,,,0,,,1782066316,LONG,0.29,1782077109,,,,,0,,,,btc-updown-5m-1782077100,,,trades.db,early_reversion_v3_trades,,YES_B,BTC,1782077109,,,,,,,0
,BTC,True,Asia,,,,,,,,,,,,,,,,,,1782077411,147,660,147,hist:er_v3,,,SHORT,0.4,,,,,0,,,,,,,BTC,1782077411,,,,,,,0,,,1782066630,SHORT,0.4,1782077411,,,,,0,,,,btc-updown-5m-1782077400,,,trades.db,early_reversion_v3_trades,,NO_C,BTC,1782077411,,,,,,,0
,BTC,True,Asia,,,,,,,,,,,,,,,,,,1782077724,148,661,148,hist:er_v3,,,SHORT,0.4,,,,,0,,,,,,,BTC,1782077724,,,,,,,0,,,1782066935,SHORT,0.4,1782077724,,,,,0,,,,btc-updown-5m-1782077700,,,trades.db,early_reversion_v3_trades,,NO_C,BTC,1782077724,,,,,,,0
,BTC,True,Asia,,,,,,,,,,,,,,,,,,1782078025,149,662,149,hist:er_v3,,,LONG,0.33,,,,,0,,,,,,,BTC,1782078025,,,,,,,0,,,1782067228,LONG,0.33,1782078025,,,,,0,,,,btc-updown-5m-1782078000,,,trades.db,early_reversion_v3_trades,,YES_B,BTC,1782078025,,,,,,,0
,BTC,True,Asia,,,,,,,,,,,,,,,,,,1782078329,150,663,150,hist:er_v3,,,LONG,0.28,,,,,0,,,,,,,BTC,1782078329,,,,,,,0,,,1782067559,LONG,0.28,1782078329,,,,,0,,,,btc-updown-5m-1782078300,,,trades.db,early_reversion_v3_trades,,YES_B,BTC,1782078329,,,,,,,0
,BTC,True,Asia,,,,,,,,,,,,,,,,,,1782078620,151,664,151,hist:er_v3,,,LONG,0.31,,,,,0,,,,,,,BTC,1782078620,,,,,,,0,,,1782067846,LONG,0.31,1782078620,,,,,0,,,,btc-updown-5m-1782078600,,,trades.db,early_reversion_v3_trades,,YES_B,BTC,1782078620,,,,,,,0
,BTC,True,Asia,,,,,,,,,,,,,,,,,,1782079203,152,665,152,hist:er_v3,,,LONG,0.18,,,,,1,,,,,,,BTC,1782079203,,,,,,,0,,,1782068406,LONG,0.18,1782079203,,,,,1,,,,btc-updown-5m-1782079200,,,trades.db,early_reversion_v3_trades,,YES_B,BTC,1782079203,,,,,,,0
,BTC,True,Asia,,,,,,,,,,,,,,,,,,1782079811,153,666,153,hist:er_v3,,,SHORT,0.4,,,,,1,,,,,,,BTC,1782079811,,,,,,,0,,,1782069014,SHORT,0.4,1782079811,,,,,1,,,,btc-updown-5m-1782079800,,,trades.db,early_reversion_v3_trades,,NO_C,BTC,1782079811,,,,,,,0
,BTC,True,Asia,,,,,,,,,,,,,,,,,,1782080408,154,667,154,hist:er_v3,,,LONG,0.35,,,,,1,,,,,,,BTC,1782080408,,,,,,,0,,,1782069648,LONG,0.35,1782080408,,,,,1,,,,btc-updown-5m-1782080400,,,trades.db,early_reversion_v3_trades,,YES_B,BTC,1782080408,,,,,,,0
,BTC,True,Asia,,,,,,,,,,,,,,,,,,1782081004,155,668,155,hist:er_v3,,,LONG,0.32,,,,,1,,,,,,,BTC,1782081004,,,,,,,0,,,1782070211,LONG,0.32,1782081004,,,,,1,,,,btc-updown-5m-1782081000,,,trades.db,early_reversion_v3_trades,,YES_B,BTC,1782081004,,,,,,,0
,BTC,True,Asia,,,,,,,,,,,,,,,,,,1782081307,156,669,156,hist:er_v3,,,SHORT,0.37,,,,,1,,,,,,,BTC,1782081307,,,,,,,0,,,1782070539,SHORT,0.37,1782081307,,,,,1,,,,btc-updown-5m-1782081300,,,trades.db,early_reversion_v3_trades,,NO_C,BTC,1782081307,,,,,,,0
,BTC,True,Asia,,,,,,,,,,,,,,,,,,1782081608,157,670,157,hist:er_v3,,,LONG,0.32,,,,,1,,,,,,,BTC,1782081608,,,,,,,0,,,1782070838,LONG,0.32,1782081608,,,,,1,,,,btc-updown-5m-1782081600,,,trades.db,early_reversion_v3_trades,,YES_B,BTC,1782081608,,,,,,,0
,BTC,True,Asia,,,,,,,,,,,,,,,,,,1782081917,158,671,158,hist:er_v3,,,SHORT,0.4,,,,,1,,,,,,,BTC,1782081917,,,,,,,0,,,1782071119,SHORT,0.4,1782081917,,,,,1,,,,btc-updown-5m-1782081900,,,trades.db,early_reversion_v3_trades,,NO_C,BTC,1782081917,,,,,,,0
,BTC,True,Asia,,,,,,,,,,,,,,,,,,1782082221,159,672,159,hist:er_v3,,,SHORT,0.4,,,,,1,,,,,,,BTC,1782082221,,,,,,,0,,,1782071449,SHORT,0.4,1782082221,,,,,1,,,,btc-updown-5m-1782082200,,,trades.db,early_reversion_v3_trades,,NO_C,BTC,1782082221,,,,,,,0
,BTC,True,Asia,,,,,,,,,,,,,,,,,,1782082505,160,673,160,hist:er_v3,,,SHORT,0.4,,,,,1,,,,,,,BTC,1782082505,,,,,,,0,,,1782071707,SHORT,0.4,1782082505,,,,,1,,,,btc-updown-5m-1782082500,,,trades.db,early_reversion_v3_trades,,NO_C,BTC,1782082505,,,,,,,0
,BTC,True,Asia,,,,,,,,,,,,,,,,,,1782082806,161,674,161,hist:er_v3,,,LONG,0.3,,,,,2,,,,,,,BTC,1782082806,,,,,,,0,,,1782072018,LONG,0.3,1782082806,,,,,2,,,,btc-updown-5m-1782082800,,,trades.db,early_reversion_v3_trades,,YES_B,BTC,1782082806,,,,,,,0
,BTC,True,Asia,,,,,,,,,,,,,,,,,,1782083423,162,675,162,hist:er_v3,,,LONG,0.3,,,,,2,,,,,,,BTC,1782083423,,,,,,,0,,,1782072642,LONG,0.3,1782083423,,,,,2,,,,btc-updown-5m-1782083400,,,trades.db,early_reversion_v3_trades,,YES_B,BTC,1782083423,,,,,,,0
,BTC,True,Asia,,,,,,,,,,,,,,,,,,1782083706,163,676,163,hist:er_v3,,,SHORT,0.37,,,,,2,,,,,,,BTC,1782083706,,,,,,,0,,,1782072927,SHORT,0.37,1782083706,,,,,2,,,,btc-updown-5m-1782083700,,,trades.db,early_reversion_v3_trades,,NO_C,BTC,1782083706,,,,,,,0
,BTC,True,Asia,,,,,,,,,,,,,,,,,,1782084026,164,677,164,hist:er_v3,,,SHORT,0.35,,,,,2,,,,,,,BTC,1782084026,,,,,,,0,,,1782073248,SHORT,0.35,1782084026,,,,,2,,,,btc-updown-5m-1782084000,,,trades.db,early_reversion_v3_trades,,NO_C,BTC,1782084026,,,,,,,0
,BTC,True,Asia,,,,,,,,,,,,,,,,,,1782084320,165,678,165,hist:er_v3,,,SHORT,0.38,,,,,2,,,,,,,BTC,1782084320,,,,,,,0,,,1782073612,SHORT,0.38,1782084320,,,,,2,,,,btc-updown-5m-1782084300,,,trades.db,early_reversion_v3_trades,,NO_C,BTC,1782084320,,,,,,,0
,BTC,True,Asia,,,,,,,,,,,,,,,,,,1782084612,166,679,166,hist:er_v3,,,SHORT,0.35,,,,,2,,,,,,,BTC,1782084612,,,,,,,0,,,1782073851,SHORT,0.35,1782084612,,,,,2,,,,btc-updown-5m-1782084600,,,trades.db,early_reversion_v3_trades,,NO_C,BTC,1782084612,,,,,,,0
,BTC,True,Asia,,,,,,,,,,,,,,,,,,1782084900,167,680,167,hist:er_v3,,,SHORT,0.39,,,,,2,,,,,,,BTC,1782084900,,,,,,,0,,,1782074145,SHORT,0.39,1782084900,,,,,2,,,,btc-updown-5m-1782084900,,,trades.db,early_reversion_v3_trades,,NO_C,BTC,1782084900,,,,,,,0
,BTC,True,Asia,,,,,,,,,,,,,,,,,,1782085212,168,681,168,hist:er_v3,,,LONG,0.35,,,,,2,,,,,,,BTC,1782085212,,,,,,,0,,,1782074465,LONG,0.35,1782085212,,,,,2,,,,btc-updown-5m-1782085200,,,trades.db,early_reversion_v3_trades,,YES_B,BTC,1782085212,,,,,,,0
,BTC,True,Asia,,,,,,,,,,,,,,,,,,1782085501,169,682,169,hist:er_v3,,,SHORT,0.35,,,,,2,,,,,,,BTC,1782085501,,,,,,,0,,,1782074753,SHORT,0.35,1782085501,,,,,2,,,,btc-updown-5m-1782085500,,,trades.db,early_reversion_v3_trades,,NO_C,BTC,1782085501,,,,,,,0
,BTC,True,Asia,,,,,,,,,,,,,,,,,,1782085805,170,683,170,hist:er_v3,,,SHORT,0.38,,,,,2,,,,,,,BTC,1782085805,,,,,,,0,,,1782075024,SHORT,0.38,1782085805,,,,,2,,,,btc-updown-5m-1782085800,,,trades.db,early_reversion_v3_trades,,NO_C,BTC,1782085805,,,,,,,0
,BTC,True,Asia,,,,,,,,,,,,,,,,,,1782086406,171,684,171,hist:er_v3,,,SHORT,0.32,,,,,3,,,,,,,BTC,1782086406,,,,,,,0,,,1782075622,SHORT,0.32,1782086406,,,,,3,,,,btc-updown-5m-1782086400,,,trades.db,early_reversion_v3_trades,,NO_C,BTC,1782086406,,,,,,,0
,BTC,True,Asia,,,,,,,,,,,,,,,,,,1782086709,172,685,172,hist:er_v3,,,SHORT,0.39,,,,,3,,,,,,,BTC,1782086709,,,,,,,0,,,1782075938,SHORT,0.39,1782086709,,,,,3,,,,btc-updown-5m-1782086700,,,trades.db,early_reversion_v3_trades,,NO_C,BTC,1782086709,,,,,,,0
,BTC,True,Asia,,,,,,,,,,,,,,,,,,1782087013,173,686,173,hist:er_v3,,,SHORT,0.4,,,,,3,,,,,,,BTC,1782087013,,,,,,,0,,,1782076254,SHORT,0.4,1782087013,,,,,3,,,,btc-updown-5m-1782087000,,,trades.db,early_reversion_v3_trades,,NO_C,BTC,1782087013,,,,,,,0
,BTC,True,Asia,,,,,,,,,,,,,,,,,,1782087027,174,687,174,hist:er_v3,,,LONG,0.34,,,,,3,,,,,,,BTC,1782087027,,,,,,,0,,,1782076236,LONG,0.34,1782087027,,,,,3,,,,btc-updown-5m-1782087000,,,trades.db,early_reversion_v3_trades,,YES_B,BTC,1782087027,,,,,,,0
,BTC,True,Asia,,,,,,,,,,,,,,,,,,1782087322,175,688,175,hist:er_v3,,,SHORT,0.32,,,,,3,,,,,,,BTC,1782087322,,,,,,,0,,,1782076554,SHORT,0.32,1782087322,,,,,3,,,,btc-updown-5m-1782087300,,,trades.db,early_reversion_v3_trades,,NO_C,BTC,1782087322,,,,,,,0
,BTC,True,Asia,,,,,,,,,,,,,,,,,,1782087908,176,689,176,hist:er_v3,,,LONG,0.31,,,,,3,,,,,,,BTC,1782087908,,,,,,,0,,,1782077138,LONG,0.31,1782087908,,,,,3,,,,btc-updown-5m-1782087900,,,trades.db,early_reversion_v3_trades,,YES_B,BTC,1782087908,,,,,,,0
,BTC,True,Asia,,,,,,,,,,,,,,,,,,1782088205,177,690,177,hist:er_v3,,,SHORT,0.36,,,,,3,,,,,,,BTC,1782088205,,,,,,,0,,,1782077435,SHORT,0.36,1782088205,,,,,3,,,,btc-updown-5m-1782088200,,,trades.db,early_reversion_v3_trades,,NO_C,BTC,1782088205,,,,,,,0
,BTC,True,Asia,,,,,,,,,,,,,,,,,,1782088507,178,691,178,hist:er_v3,,,SHORT,0.3,,,,,3,,,,,,,BTC,1782088507,,,,,,,0,,,1782077737,SHORT,0.3,1782088507,,,,,3,,,,btc-updown-5m-1782088500,,,trades.db,early_reversion_v3_trades,,NO_C,BTC,1782088507,,,,,,,0
,BTC,True,Asia,,,,,,,,,,,,,,,,,,1782088810,179,692,179,hist:er_v3,,,LONG,0.35,,,,,3,,,,,,,BTC,1782088810,,,,,,,0,,,1782078053,LONG,0.35,1782088810,,,,,3,,,,btc-updown-5m-1782088800,,,trades.db,early_reversion_v3_trades,,YES_B,BTC,1782088810,,,,,,,0
,BTC,True,Asia,,,,,,,,,,,,,,,,,,1782089108,180,693,180,hist:er_v3,,,SHORT,0.4,,,,,3,,,,,,,BTC,1782089108,,,,,,,0,,,1782078339,SHORT,0.4,1782089108,,,,,3,,,,btc-updown-5m-1782089100,,,trades.db,early_reversion_v3_trades,,NO_C,BTC,1782089108,,,,,,,0
,BTC,True,Asia,,,,,,,,,,,,,,,,,,1782089414,181,694,181,hist:er_v3,,,LONG,0.23,,,,,3,,,,,,,BTC,1782089414,,,,,,,0,,,1782078623,LONG,0.23,1782089414,,,,,3,,,,btc-updown-5m-1782089400,,,trades.db,early_reversion_v3_trades,,YES_B,BTC,1782089414,,,,,,,0
,BTC,True,Asia,,,,,,,,,,,,,,,,,,1782090007,182,695,182,hist:er_v3,,,SHORT,0.35,,,,,4,,,,,,,BTC,1782090007,,,,,,,0,,,1782079240,SHORT,0.35,1782090007,,,,,4,,,,btc-updown-5m-1782090000,,,trades.db,early_reversion_v3_trades,,NO_C,BTC,1782090007,,,,,,,0
,BTC,True,Asia,,,,,,,,,,,,,,,,,,1782090328,183,696,183,hist:er_v3,,,LONG,0.29,,,,,4,,,,,,,BTC,1782090328,,,,,,,0,,,1782079563,LONG,0.29,1782090328,,,,,4,,,,btc-updown-5m-1782090300,,,trades.db,early_reversion_v3_trades,,YES_B,BTC,1782090328,,,,,,,0
,BTC,True,Asia,,,,,,,,,,,,,,,,,,1782090911,184,697,184,hist:er_v3,,,SHORT,0.36,,,,,4,,,,,,,BTC,1782090911,,,,,,,0,,,1782080115,SHORT,0.36,1782090911,,,,,4,,,,btc-updown-5m-1782090900,,,trades.db,early_reversion_v3_trades,,NO_C,BTC,1782090911,,,,,,,0
,BTC,True,Asia,,,,,,,,,,,,,,,,,,1782091210,185,698,185,hist:er_v3,,,SHORT,0.36,,,,,4,,,,,,,BTC,1782091210,,,,,,,0,,,1782080440,SHORT,0.36,1782091210,,,,,4,,,,btc-updown-5m-1782091200,,,trades.db,early_reversion_v3_trades,,NO_C,BTC,1782091210,,,,,,,0
,BTC,True,Asia,,,,,,,,,,,,,,,,,,1782091503,186,699,186,hist:er_v3,,,SHORT,0.4,,,,,4,,,,,,,BTC,1782091503,,,,,,,0,,,1782080710,SHORT,0.4,1782091503,,,,,4,,,,btc-updown-5m-1782091500,,,trades.db,early_reversion_v3_trades,,NO_C,BTC,1782091503,,,,,,,0
,BTC,True,Asia,,,,,,,,,,,,,,,,,,1782091808,187,700,187,hist:er_v3,,,SHORT,0.4,,,,,4,,,,,,,BTC,1782091808,,,,,,,0,,,1782081038,SHORT,0.4,1782091808,,,,,4,,,,btc-updown-5m-1782091800,,,trades.db,early_reversion_v3_trades,,NO_C,BTC,1782091808,,,,,,,0
,BTC,True,Asia,,,,,,,,,,,,,,,,,,1782092419,188,701,188,hist:er_v3,,,SHORT,0.38,,,,,4,,,,,,,BTC,1782092419,,,,,,,0,,,1782081627,SHORT,0.38,1782092419,,,,,4,,,,btc-updown-5m-1782092400,,,trades.db,early_reversion_v3_trades,,NO_C,BTC,1782092419,,,,,,,0
,BTC,True,Asia,,,,,,,,,,,,,,,,,,1782092710,189,702,189,hist:er_v3,,,SHORT,0.29,,,,,4,,,,,,,BTC,1782092710,,,,,,,0,,,1782081959,SHORT,0.29,1782092710,,,,,4,,,,btc-updown-5m-1782092700,,,trades.db,early_reversion_v3_trades,,NO_C,BTC,1782092710,,,,,,,0
,BTC,True,Asia,,,,,,,,,,,,,,,,,,1782093024,190,703,190,hist:er_v3,,,SHORT,0.38,,,,,4,,,,,,,BTC,1782093024,,,,,,,0,,,1782082259,SHORT,0.38,1782093024,,,,,4,,,,btc-updown-5m-1782093000,,,trades.db,early_reversion_v3_trades,,NO_C,BTC,1782093024,,,,,,,0
,BTC,True,Asia,,,,,,,,,,,,,,,,,,1782093606,191,704,191,hist:er_v3,,,SHORT,0.35,,,,,5,,,,,,,BTC,1782093606,,,,,,,0,,,1782082838,SHORT,0.35,1782093606,,,,,5,,,,btc-updown-5m-1782093600,,,trades.db,early_reversion_v3_trades,,NO_C,BTC,1782093606,,,,,,,0
,BTC,True,Asia,,,,,,,,,,,,,,,,,,1782093925,192,705,192,hist:er_v3,,,SHORT,0.38,,,,,5,,,,,,,BTC,1782093925,,,,,,,0,,,1782083157,SHORT,0.38,1782093925,,,,,5,,,,btc-updown-5m-1782093900,,,trades.db,early_reversion_v3_trades,,NO_C,BTC,1782093925,,,,,,,0
,BTC,True,Asia,,,,,,,,,,,,,,,,,,1782094505,193,706,193,hist:er_v3,,,LONG,0.35,,,,,5,,,,,,,BTC,1782094505,,,,,,,0,,,1782083735,LONG,0.35,1782094505,,,,,5,,,,btc-updown-5m-1782094500,,,trades.db,early_reversion_v3_trades,,YES_B,BTC,1782094505,,,,,,,0
,BTC,True,Asia,,,,,,,,,,,,,,,,,,1782094824,194,707,194,hist:er_v3,,,LONG,0.31,,,,,5,,,,,,,BTC,1782094824,,,,,,,0,,,1782084054,LONG,0.31,1782094824,,,,,5,,,,btc-updown-5m-1782094800,,,trades.db,early_reversion_v3_trades,,YES_B,BTC,1782094824,,,,,,,0
,BTC,True,Asia,,,,,,,,,,,,,,,,,,1782095109,195,708,195,hist:er_v3,,,SHORT,0.39,,,,,5,,,,,,,BTC,1782095109,,,,,,,0,,,1782084339,SHORT,0.39,1782095109,,,,,5,,,,btc-updown-5m-1782095100,,,trades.db,early_reversion_v3_trades,,NO_C,BTC,1782095109,,,,,,,0
,BTC,True,Asia,,,,,,,,,,,,,,,,,,1782095726,196,709,196,hist:er_v3,,,LONG,0.34,,,,,5,,,,,,,BTC,1782095726,,,,,,,0,,,1782084931,LONG,0.34,1782095726,,,,,5,,,,btc-updown-5m-1782095700,,,trades.db,early_reversion_v3_trades,,YES_B,BTC,1782095726,,,,,,,0
,BTC,True,Asia,,,,,,,,,,,,,,,,,,1782096621,197,710,197,hist:er_v3,,,LONG,0.32,,,,,5,,,,,,,BTC,1782096621,,,,,,,0,,,1782085823,LONG,0.32,1782096621,,,,,5,,,,btc-updown-5m-1782096600,,,trades.db,early_reversion_v3_trades,,YES_B,BTC,1782096621,,,,,,,0
,BTC,True,Asia,,,,,,,,,,,,,,,,,,1782096908,198,711,198,hist:er_v3,,,SHORT,0.4,,,,,5,,,,,,,BTC,1782096908,,,,,,,0,,,1782086127,SHORT,0.4,1782096908,,,,,5,,,,btc-updown-5m-1782096900,,,trades.db,early_reversion_v3_trades,,NO_C,BTC,1782096908,,,,,,,0
,BTC,True,Asia,,,,,,,,,,,,,,,,,,1782097218,199,712,199,hist:er_v3,,,LONG,0.35,,,,,6,,,,,,,BTC,1782097218,,,,,,,0,,,1782086432,LONG,0.35,1782097218,,,,,6,,,,btc-updown-5m-1782097200,,,trades.db,early_reversion_v3_trades,,YES_B,BTC,1782097218,,,,,,,0
,BTC,True,Asia,,,,,,,,,,,,,,,,,,1782097514,200,713,200,hist:er_v3,,,SHORT,0.4,,,,,6,,,,,,,BTC,1782097514,,,,,,,0,,,1782086744,SHORT,0.4,1782097514,,,,,6,,,,btc-updown-5m-1782097500,,,trades.db,early_reversion_v3_trades,,NO_C,BTC,1782097514,,,,,,,0
,BTC,True,Asia,,,,,,,,,,,,,,,,,,1782097810,201,714,201,hist:er_v3,,,LONG,0.32,,,,,6,,,,,,,BTC,1782097810,,,,,,,0,,,1782087022,LONG,0.32,1782097810,,,,,6,,,,btc-updown-5m-1782097800,,,trades.db,early_reversion_v3_trades,,YES_B,BTC,1782097810,,,,,,,0
,BTC,True,Asia,,,,,,,,,,,,,,,,,,1782098101,202,715,202,hist:er_v3,,,SHORT,0.4,,,,,6,,,,,,,BTC,1782098101,,,,,,,0,,,1782087304,SHORT,0.4,1782098101,,,,,6,,,,btc-updown-5m-1782098100,,,trades.db,early_reversion_v3_trades,,NO_C,BTC,1782098101,,,,,,,0
,BTC,True,Asia,,,,,,,,,,,,,,,,,,1782098701,203,716,203,hist:er_v3,,,SHORT,0.4,,,,,6,,,,,,,BTC,1782098701,,,,,,,0,,,1782087904,SHORT,0.4,1782098701,,,,,6,,,,btc-updown-5m-1782098700,,,trades.db,early_reversion_v3_trades,,NO_C,BTC,1782098701,,,,,,,0
,BTC,True,Asia,,,,,,,,,,,,,,,,,,1782099015,204,717,204,hist:er_v3,,,SHORT,0.4,,,,,6,,,,,,,BTC,1782099015,,,,,,,0,,,1782088217,SHORT,0.4,1782099015,,,,,6,,,,btc-updown-5m-1782099000,,,trades.db,early_reversion_v3_trades,,NO_C,BTC,1782099015,,,,,,,0
,BTC,True,Asia,,,,,,,,,,,,,,,,,,1782099616,205,718,205,hist:er_v3,,,SHORT,0.36,,,,,6,,,,,,,BTC,1782099616,,,,,,,0,,,1782088846,SHORT,0.36,1782099616,,,,,6,,,,btc-updown-5m-1782099600,,,trades.db,early_reversion_v3_trades,,NO_C,BTC,1782099616,,,,,,,0
,BTC,True,Asia,,,,,,,,,,,,,,,,,,1782100208,206,719,206,hist:er_v3,,,SHORT,0.4,,,,,6,,,,,,,BTC,1782100208,,,,,,,0,,,1782089410,SHORT,0.4,1782100208,,,,,6,,,,btc-updown-5m-1782100200,,,trades.db,early_reversion_v3_trades,,NO_C,BTC,1782100208,,,,,,,0
,BTC,True,Asia,,,,,,,,,,,,,,,,,,1782100813,207,720,207,hist:er_v3,,,LONG,0.33,,,,,7,,,,,,,BTC,1782100813,,,,,,,0,,,1782090039,LONG,0.33,1782100813,,,,,7,,,,btc-updown-5m-1782100800,,,trades.db,early_reversion_v3_trades,,YES_B,BTC,1782100813,,,,,,,0
,BTC,True,Asia,,,,,,,,,,,,,,,,,,1782101126,208,721,208,hist:er_v3,,,LONG,0.28,,,,,7,,,,,,,BTC,1782101126,,,,,,,0,,,1782090360,LONG,0.28,1782101126,,,,,7,,,,btc-updown-5m-1782101100,,,trades.db,early_reversion_v3_trades,,YES_B,BTC,1782101126,,,,,,,0
,BTC,True,Asia,,,,,,,,,,,,,,,,,,1782101422,209,722,209,hist:er_v3,,,SHORT,0.4,,,,,7,,,,,,,BTC,1782101422,,,,,,,0,,,1782090652,SHORT,0.4,1782101422,,,,,7,,,,btc-updown-5m-1782101400,,,trades.db,early_reversion_v3_trades,,NO_C,BTC,1782101422,,,,,,,0
,BTC,True,Asia,,,,,,,,,,,,,,,,,,1782102008,210,723,210,hist:er_v3,,,SHORT,0.4,,,,,7,,,,,,,BTC,1782102008,,,,,,,0,,,1782091213,SHORT,0.4,1782102008,,,,,7,,,,btc-updown-5m-1782102000,,,trades.db,early_reversion_v3_trades,,NO_C,BTC,1782102008,,,,,,,0
,BTC,True,Asia,,,,,,,,,,,,,,,,,,1782102306,211,724,211,hist:er_v3,,,LONG,0.3,,,,,7,,,,,,,BTC,1782102306,,,,,,,0,,,1782091531,LONG,0.3,1782102306,,,,,7,,,,btc-updown-5m-1782102300,,,trades.db,early_reversion_v3_trades,,YES_B,BTC,1782102306,,,,,,,0
,BTC,True,Asia,,,,,,,,,,,,,,,,,,1782102608,212,725,212,hist:er_v3,,,SHORT,0.33,,,,,7,,,,,,,BTC,1782102608,,,,,,,0,,,1782091833,SHORT,0.33,1782102608,,,,,7,,,,btc-updown-5m-1782102600,,,trades.db,early_reversion_v3_trades,,NO_C,BTC,1782102608,,,,,,,0
,BTC,True,Asia,,,,,,,,,,,,,,,,,,1782102911,213,726,213,hist:er_v3,,,SHORT,0.36,,,,,7,,,,,,,BTC,1782102911,,,,,,,0,,,1782092144,SHORT,0.36,1782102911,,,,,7,,,,btc-updown-5m-1782102900,,,trades.db,early_reversion_v3_trades,,NO_C,BTC,1782102911,,,,,,,0
,BTC,True,Asia,,,,,,,,,,,,,,,,,,1782103517,214,727,214,hist:er_v3,,,SHORT,0.39,,,,,7,,,,,,,BTC,1782103517,,,,,,,0,,,1782092740,SHORT,0.39,1782103517,,,,,7,,,,btc-updown-5m-1782103500,,,trades.db,early_reversion_v3_trades,,NO_C,BTC,1782103517,,,,,,,0
,BTC,True,London,,,,,,,,,,,,,,,,,,1782104710,215,728,215,hist:er_v3,,,SHORT,0.39,,,,,8,,,,,,,BTC,1782104710,,,,,,,0,,,1782093941,SHORT,0.39,1782104710,,,,,8,,,,btc-updown-5m-1782104700,,,trades.db,early_reversion_v3_trades,,NO_C,BTC,1782104710,,,,,,,0
,BTC,True,London,,,,,,,,,,,,,,,,,,1782105016,216,729,216,hist:er_v3,,,SHORT,0.4,,,,,8,,,,,,,BTC,1782105016,,,,,,,0,,,1782094246,SHORT,0.4,1782105016,,,,,8,,,,btc-updown-5m-1782105000,,,trades.db,early_reversion_v3_trades,,NO_C,BTC,1782105016,,,,,,,0
,BTC,True,London,,,,,,,,,,,,,,,,,,1782105325,217,730,217,hist:er_v3,,,LONG,0.29,,,,,8,,,,,,,BTC,1782105325,,,,,,,0,,,1782094530,LONG,0.29,1782105325,,,,,8,,,,btc-updown-5m-1782105300,,,trades.db,early_reversion_v3_trades,,YES_B,BTC,1782105325,,,,,,,0
,BTC,True,London,,,,,,,,,,,,,,,,,,1782105615,218,731,218,hist:er_v3,,,LONG,0.34,,,,,8,,,,,,,BTC,1782105615,,,,,,,0,,,1782094824,LONG,0.34,1782105615,,,,,8,,,,btc-updown-5m-1782105600,,,trades.db,early_reversion_v3_trades,,YES_B,BTC,1782105615,,,,,,,0
,BTC,True,London,,,,,,,,,,,,,,,,,,1782105910,219,732,219,hist:er_v3,,,LONG,0.34,,,,,8,,,,,,,BTC,1782105910,,,,,,,0,,,1782095112,LONG,0.34,1782105910,,,,,8,,,,btc-updown-5m-1782105900,,,trades.db,early_reversion_v3_trades,,YES_B,BTC,1782105910,,,,,,,0
,BTC,True,London,,,,,,,,,,,,,,,,,,1782106222,220,733,220,hist:er_v3,,,LONG,0.35,,,,,8,,,,,,,BTC,1782106222,,,,,,,0,,,1782095426,LONG,0.35,1782106222,,,,,8,,,,btc-updown-5m-1782106200,,,trades.db,early_reversion_v3_trades,,YES_B,BTC,1782106222,,,,,,,0
,BTC,True,London,,,,,,,,,,,,,,,,,,1782106517,221,734,221,hist:er_v3,,,LONG,0.34,,,,,8,,,,,,,BTC,1782106517,,,,,,,0,,,1782095749,LONG,0.34,1782106517,,,,,8,,,,btc-updown-5m-1782106500,,,trades.db,early_reversion_v3_trades,,YES_B,BTC,1782106517,,,,,,,0
,BTC,True,London,,,,,,,,,,,,,,,,,,1782106825,222,735,222,hist:er_v3,,,SHORT,0.37,,,,,8,,,,,,,BTC,1782106825,,,,,,,0,,,1782096033,SHORT,0.37,1782106825,,,,,8,,,,btc-updown-5m-1782106800,,,trades.db,early_reversion_v3_trades,,NO_C,BTC,1782106825,,,,,,,0
,BTC,True,London,,,,,,,,,,,,,,,,,,1782107408,223,736,223,hist:er_v3,,,LONG,0.34,,,,,8,,,,,,,BTC,1782107408,,,,,,,0,,,1782096610,LONG,0.34,1782107408,,,,,8,,,,btc-updown-5m-1782107400,,,trades.db,early_reversion_v3_trades,,YES_B,BTC,1782107408,,,,,,,0
,BTC,True,London,,,,,,,,,,,,,,,,,,1782108002,224,737,224,hist:er_v3,,,SHORT,0.33,,,,,9,,,,,,,BTC,1782108002,,,,,,,0,,,1782097205,SHORT,0.33,1782108002,,,,,9,,,,btc-updown-5m-1782108000,,,trades.db,early_reversion_v3_trades,,NO_C,BTC,1782108002,,,,,,,0
,BTC,True,London,,,,,,,,,,,,,,,,,,1782108304,225,738,225,hist:er_v3,,,SHORT,0.39,,,,,9,,,,,,,BTC,1782108304,,,,,,,0,,,1782097537,SHORT,0.39,1782108304,,,,,9,,,,btc-updown-5m-1782108300,,,trades.db,early_reversion_v3_trades,,NO_C,BTC,1782108304,,,,,,,0
,BTC,True,London,,,,,,,,,,,,,,,,,,1782108626,226,739,226,hist:er_v3,,,LONG,0.34,,,,,9,,,,,,,BTC,1782108626,,,,,,,0,,,1782097852,LONG,0.34,1782108626,,,,,9,,,,btc-updown-5m-1782108600,,,trades.db,early_reversion_v3_trades,,YES_B,BTC,1782108626,,,,,,,0
,BTC,True,London,,,,,,,,,,,,,,,,,,1782110111,227,740,227,hist:er_v3,,,LONG,0.34,,,,,9,,,,,,,BTC,1782110111,,,,,,,0,,,1782099342,LONG,0.34,1782110111,,,,,9,,,,btc-updown-5m-1782110100,,,trades.db,early_reversion_v3_trades,,YES_B,BTC,1782110111,,,,,,,0
,BTC,True,London,,,,,,,,,,,,,,,,,,1782110709,228,741,228,hist:er_v3,,,SHORT,0.37,,,,,9,,,,,,,BTC,1782110709,,,,,,,0,,,1782099939,SHORT,0.37,1782110709,,,,,9,,,,btc-updown-5m-1782110700,,,trades.db,early_reversion_v3_trades,,NO_C,BTC,1782110709,,,,,,,0
,BTC,True,London,,,,,,,,,,,,,,,,,,1782111606,229,742,229,hist:er_v3,,,SHORT,0.39,,,,,10,,,,,,,BTC,1782111606,,,,,,,0,,,1782100838,SHORT,0.39,1782111606,,,,,10,,,,btc-updown-5m-1782111600,,,trades.db,early_reversion_v3_trades,,NO_C,BTC,1782111606,,,,,,,0
,BTC,True,London,,,,,,,,,,,,,,,,,,1782111904,230,743,230,hist:er_v3,,,LONG,0.35,,,,,10,,,,,,,BTC,1782111904,,,,,,,0,,,1782101135,LONG,0.35,1782111904,,,,,10,,,,btc-updown-5m-1782111900,,,trades.db,early_reversion_v3_trades,,YES_B,BTC,1782111904,,,,,,,0
,BTC,True,London,,,,,,,,,,,,,,,,,,1782113120,231,744,231,hist:er_v3,,,SHORT,0.4,,,,,10,,,,,,,BTC,1782113120,,,,,,,0,,,1782102350,SHORT,0.4,1782113120,,,,,10,,,,btc-updown-5m-1782113100,,,trades.db,early_reversion_v3_trades,,NO_C,BTC,1782113120,,,,,,,0
,BTC,True,London,,,,,,,,,,,,,,,,,,1782113408,232,745,232,hist:er_v3,,,SHORT,0.35,,,,,10,,,,,,,BTC,1782113408,,,,,,,0,,,1782102638,SHORT,0.35,1782113408,,,,,10,,,,btc-updown-5m-1782113400,,,trades.db,early_reversion_v3_trades,,NO_C,BTC,1782113408,,,,,,,0
,BTC,True,London,,,,,,,,,,,,,,,,,,1782115201,233,746,233,hist:er_v3,,,SHORT,0.4,,,,,11,,,,,,,BTC,1782115201,,,,,,,0,,,1782104405,SHORT,0.4,1782115201,,,,,11,,,,btc-updown-5m-1782115200,,,trades.db,early_reversion_v3_trades,,NO_C,BTC,1782115201,,,,,,,0
,BTC,True,London,,,,,,,,,,,,,,,,,,1782116412,234,747,234,hist:er_v3,,,SHORT,0.38,,,,,11,,,,,,,BTC,1782116412,,,,,,,0,,,1782105622,SHORT,0.38,1782116412,,,,,11,,,,btc-updown-5m-1782116400,,,trades.db,early_reversion_v3_trades,,NO_C,BTC,1782116412,,,,,,,0
,BTC,True,London,,,,,,,,,,,,,,,,,,1782117924,235,748,235,hist:er_v3,,,SHORT,0.4,,,,,11,,,,,,,BTC,1782117924,,,,,,,0,,,1782107136,SHORT,0.4,1782117924,,,,,11,,,,btc-updown-5m-1782117900,,,trades.db,early_reversion_v3_trades,,NO_C,BTC,1782117924,,,,,,,0
,BTC,True,London,,,,,,,,,,,,,,,,,,1782118503,236,749,236,hist:er_v3,,,SHORT,0.37,,,,,11,,,,,,,BTC,1782118503,,,,,,,0,,,1782107733,SHORT,0.37,1782118503,,,,,11,,,,btc-updown-5m-1782118500,,,trades.db,early_reversion_v3_trades,,NO_C,BTC,1782118503,,,,,,,0
,BTC,True,London,,,,,,,,,,,,,,,,,,1782119402,237,750,237,hist:er_v3,,,SHORT,0.4,,,,,12,,,,,,,BTC,1782119402,,,,,,,0,,,1782108610,SHORT,0.4,1782119402,,,,,12,,,,btc-updown-5m-1782119400,,,trades.db,early_reversion_v3_trades,,NO_C,BTC,1782119402,,,,,,,0
,BTC,True,London,,,,,,,,,,,,,,,,,,1782121208,238,751,238,hist:er_v3,,,SHORT,0.4,,,,,12,,,,,,,BTC,1782121208,,,,,,,0,,,1782110411,SHORT,0.4,1782121208,,,,,12,,,,btc-updown-5m-1782121200,,,trades.db,early_reversion_v3_trades,,NO_C,BTC,1782121208,,,,,,,0
,BTC,True,NewYork,,,,,,,,,,,,,,,,,,1782123914,239,752,239,hist:er_v3,,,SHORT,0.4,,,,,13,,,,,,,BTC,1782123914,,,,,,,0,,,1782113137,SHORT,0.4,1782123914,,,,,13,,,,btc-updown-5m-1782123900,,,trades.db,early_reversion_v3_trades,,NO_C,BTC,1782123914,,,,,,,0
,BTC,True,NewYork,,,,,,,,,,,,,,,,,,1782125103,240,753,240,hist:er_v3,,,SHORT,0.29,,,,,13,,,,,,,BTC,1782125103,,,,,,,0,,,1782114308,SHORT,0.29,1782125103,,,,,13,,,,btc-updown-5m-1782125100,,,trades.db,early_reversion_v3_trades,,NO_C,BTC,1782125103,,,,,,,0
,BTC,True,NewYork,,,,,,,,,,,,,,,,,,1782125409,241,754,241,hist:er_v3,,,SHORT,0.39,,,,,13,,,,,,,BTC,1782125409,,,,,,,0,,,1782114616,SHORT,0.39,1782125409,,,,,13,,,,btc-updown-5m-1782125400,,,trades.db,early_reversion_v3_trades,,NO_C,BTC,1782125409,,,,,,,0
,BTC,True,NewYork,,,,,,,,,,,,,,,,,,1782126303,242,755,242,hist:er_v3,,,SHORT,0.35,,,,,14,,,,,,,BTC,1782126303,,,,,,,0,,,1782115506,SHORT,0.35,1782126303,,,,,14,,,,btc-updown-5m-1782126300,,,trades.db,early_reversion_v3_trades,,NO_C,BTC,1782126303,,,,,,,0
,BTC,True,NewYork,,,,,,,,,,,,,,,,,,1782129605,243,756,243,hist:er_v3,,,SHORT,0.29,,,,,15,,,,,,,BTC,1782129605,,,,,,,0,,,1782118842,SHORT,0.29,1782129605,,,,,15,,,,btc-updown-5m-1782129600,,,trades.db,early_reversion_v3_trades,,NO_C,BTC,1782129605,,,,,,,0
,BTC,True,NewYork,,,,,,,,,,,,,,,,,,1782131106,244,757,244,hist:er_v3,,,SHORT,0.4,,,,,15,,,,,,,BTC,1782131106,,,,,,,0,,,1782120338,SHORT,0.4,1782131106,,,,,15,,,,btc-updown-5m-1782131100,,,trades.db,early_reversion_v3_trades,,NO_C,BTC,1782131106,,,,,,,0
,BTC,True,NewYork,,,,,,,,,,,,,,,,,,1782131709,245,758,245,hist:er_v3,,,SHORT,0.35,,,,,15,,,,,,,BTC,1782131709,,,,,,,0,,,1782120943,SHORT,0.35,1782131709,,,,,15,,,,btc-updown-5m-1782131700,,,trades.db,early_reversion_v3_trades,,NO_C,BTC,1782131709,,,,,,,0
,BTC,True,NewYork,,,,,,,,,,,,,,,,,,1782132026,246,759,246,hist:er_v3,,,SHORT,0.4,,,,,15,,,,,,,BTC,1782132026,,,,,,,0,,,1782121231,SHORT,0.4,1782132026,,,,,15,,,,btc-updown-5m-1782132000,,,trades.db,early_reversion_v3_trades,,NO_C,BTC,1782132026,,,,,,,0
,BTC,True,NewYork,,,,,,,,,,,,,,,,,,1782132306,247,760,247,hist:er_v3,,,SHORT,0.36,,,,,15,,,,,,,BTC,1782132306,,,,,,,0,,,1782121563,SHORT,0.36,1782132306,,,,,15,,,,btc-updown-5m-1782132300,,,trades.db,early_reversion_v3_trades,,NO_C,BTC,1782132306,,,,,,,0
,BTC,True,NewYork,,,,,,,,,,,,,,,,,,1782133817,248,761,248,hist:er_v3,,,SHORT,0.4,,,,,16,,,,,,,BTC,1782133817,,,,,,,0,,,1782123032,SHORT,0.4,1782133817,,,,,16,,,,btc-updown-5m-1782133800,,,trades.db,early_reversion_v3_trades,,NO_C,BTC,1782133817,,,,,,,0
,BTC,True,NewYork,,,,,,,,,,,,,,,,,,1782135008,249,762,249,hist:er_v3,,,SHORT,0.4,,,,,16,,,,,,,BTC,1782135008,,,,,,,0,,,1782124213,SHORT,0.4,1782135008,,,,,16,,,,btc-updown-5m-1782135000,,,trades.db,early_reversion_v3_trades,,NO_C,BTC,1782135008,,,,,,,0
,BTC,True,NewYork,,,,,,,,,,,,,,,,,,1782135305,250,763,250,hist:er_v3,,,SHORT,0.38,,,,,16,,,,,,,BTC,1782135305,,,,,,,0,,,1782124514,SHORT,0.38,1782135305,,,,,16,,,,btc-updown-5m-1782135300,,,trades.db,early_reversion_v3_trades,,NO_C,BTC,1782135305,,,,,,,0
,BTC,True,NewYork,,,,,,,,,,,,,,,,,,1782135923,251,764,251,hist:er_v3,,,SHORT,0.4,,,,,16,,,,,,,BTC,1782135923,,,,,,,0,,,1782125155,SHORT,0.4,1782135923,,,,,16,,,,btc-updown-5m-1782135900,,,trades.db,early_reversion_v3_trades,,NO_C,BTC,1782135923,,,,,,,0
,BTC,True,NewYork,,,,,,,,,,,,,,,,,,1782136222,252,765,252,hist:er_v3,,,SHORT,0.36,,,,,16,,,,,,,BTC,1782136222,,,,,,,0,,,1782125430,SHORT,0.36,1782136222,,,,,16,,,,btc-updown-5m-1782136200,,,trades.db,early_reversion_v3_trades,,NO_C,BTC,1782136222,,,,,,,0
,BTC,True,NewYork,,,,,,,,,,,,,,,,,,1782136817,253,766,253,hist:er_v3,,,SHORT,0.37,,,,,17,,,,,,,BTC,1782136817,,,,,,,0,,,1782126062,SHORT,0.37,1782136817,,,,,17,,,,btc-updown-5m-1782136800,,,trades.db,early_reversion_v3_trades,,NO_C,BTC,1782136817,,,,,,,0
,BTC,True,NewYork,,,,,,,,,,,,,,,,,,1782137403,254,767,254,hist:er_v3,,,SHORT,0.39,,,,,17,,,,,,,BTC,1782137403,,,,,,,0,,,1782126612,SHORT,0.39,1782137403,,,,,17,,,,btc-updown-5m-1782137400,,,trades.db,early_reversion_v3_trades,,NO_C,BTC,1782137403,,,,,,,0
,BTC,True,NewYork,,,,,,,,,,,,,,,,,,1782138307,255,768,255,hist:er_v3,,,SHORT,0.38,,,,,17,,,,,,,BTC,1782138307,,,,,,,0,,,1782127510,SHORT,0.38,1782138307,,,,,17,,,,btc-updown-5m-1782138300,,,trades.db,early_reversion_v3_trades,,NO_C,BTC,1782138307,,,,,,,0
,BTC,True,NewYork,,,,,,,,,,,,,,,,,,1782139519,256,769,256,hist:er_v3,,,SHORT,0.36,,,,,17,,,,,,,BTC,1782139519,,,,,,,0,,,1782128749,SHORT,0.36,1782139519,,,,,17,,,,btc-updown-5m-1782139500,,,trades.db,early_reversion_v3_trades,,NO_C,BTC,1782139519,,,,,,,0
,BTC,True,NewYork,,,,,,,,,,,,,,,,,,1782140408,257,770,257,hist:er_v3,,,SHORT,0.39,,,,,18,,,,,,,BTC,1782140408,,,,,,,0,,,1782129637,SHORT,0.39,1782140408,,,,,18,,,,btc-updown-5m-1782140400,,,trades.db,early_reversion_v3_trades,,NO_C,BTC,1782140408,,,,,,,0
,BTC,True,NewYork,,,,,,,,,,,,,,,,,,1782143420,258,771,258,hist:er_v3,,,SHORT,0.39,,,,,18,,,,,,,BTC,1782143420,,,,,,,0,,,1782132651,SHORT,0.39,1782143420,,,,,18,,,,btc-updown-5m-1782143400,,,trades.db,early_reversion_v3_trades,,NO_C,BTC,1782143420,,,,,,,0
,BTC,True,NewYork,,,,,,,,,,,,,,,,,,1782144005,259,772,259,hist:er_v3,,,SHORT,0.4,,,,,19,,,,,,,BTC,1782144005,,,,,,,0,,,1782133207,SHORT,0.4,1782144005,,,,,19,,,,btc-updown-5m-1782144000,,,trades.db,early_reversion_v3_trades,,NO_C,BTC,1782144005,,,,,,,0
,BTC,True,NewYork,,,,,,,,,,,,,,,,,,1782144614,260,773,260,hist:er_v3,,,SHORT,0.4,,,,,19,,,,,,,BTC,1782144614,,,,,,,0,,,1782133816,SHORT,0.4,1782144614,,,,,19,,,,btc-updown-5m-1782144600,,,trades.db,early_reversion_v3_trades,,NO_C,BTC,1782144614,,,,,,,0
,BTC,True,NewYork,,,,,,,,,,,,,,,,,,1782145211,261,774,261,hist:er_v3,,,SHORT,0.37,,,,,19,,,,,,,BTC,1782145211,,,,,,,0,,,1782134425,SHORT,0.37,1782145211,,,,,19,,,,btc-updown-5m-1782145200,,,trades.db,early_reversion_v3_trades,,NO_C,BTC,1782145211,,,,,,,0
,BTC,True,NewYork,,,,,,,,,,,,,,,,,,1782147009,262,775,262,hist:er_v3,,,SHORT,0.4,,,,,19,,,,,,,BTC,1782147009,,,,,,,0,,,1782136227,SHORT,0.4,1782147009,,,,,19,,,,btc-updown-5m-1782147000,,,trades.db,early_reversion_v3_trades,,NO_C,BTC,1782147009,,,,,,,0
,BTC,True,NewYork,,,,,,,,,,,,,,,,,,1782148228,263,776,263,hist:er_v3,,,SHORT,0.4,,,,,20,,,,,,,BTC,1782148228,,,,,,,0,,,1782137458,SHORT,0.4,1782148228,,,,,20,,,,btc-updown-5m-1782148200,,,trades.db,early_reversion_v3_trades,,NO_C,BTC,1782148228,,,,,,,0
,BTC,True,NewYork,,,,,,,,,,,,,,,,,,1782148521,264,777,264,hist:er_v3,,,SHORT,0.37,,,,,20,,,,,,,BTC,1782148521,,,,,,,0,,,1782137796,SHORT,0.37,1782148521,,,,,20,,,,btc-updown-5m-1782148500,,,trades.db,early_reversion_v3_trades,,NO_C,BTC,1782148521,,,,,,,0
,BTC,True,NewYork,,,,,,,,,,,,,,,,,,1782148806,265,778,265,hist:er_v3,,,SHORT,0.38,,,,,20,,,,,,,BTC,1782148806,,,,,,,0,,,1782138037,SHORT,0.38,1782148806,,,,,20,,,,btc-updown-5m-1782148800,,,trades.db,early_reversion_v3_trades,,NO_C,BTC,1782148806,,,,,,,0
,BTC,True,NewYork,,,,,,,,,,,,,,,,,,1782150323,266,779,266,hist:er_v3,,,SHORT,0.4,,,,,20,,,,,,,BTC,1782150323,,,,,,,0,,,1782139528,SHORT,0.4,1782150323,,,,,20,,,,btc-updown-5m-1782150300,,,trades.db,early_reversion_v3_trades,,NO_C,BTC,1782150323,,,,,,,0
,BTC,True,NewYork,,,,,,,,,,,,,,,,,,1782150612,267,780,267,hist:er_v3,,,SHORT,0.4,,,,,20,,,,,,,BTC,1782150612,,,,,,,0,,,1782139817,SHORT,0.4,1782150612,,,,,20,,,,btc-updown-5m-1782150600,,,trades.db,early_reversion_v3_trades,,NO_C,BTC,1782150612,,,,,,,0
,BTC,True,Offhours,,,,,,,,,,,,,,,,,,1782151205,268,781,268,hist:er_v3,,,SHORT,0.38,,,,,21,,,,,,,BTC,1782151205,,,,,,,0,,,1782140428,SHORT,0.38,1782151205,,,,,21,,,,btc-updown-5m-1782151200,,,trades.db,early_reversion_v3_trades,,NO_C,BTC,1782151205,,,,,,,0
,BTC,True,Offhours,,,,,,,,,,,,,,,,,,1782152100,269,782,269,hist:er_v3,,,SHORT,0.39,,,,,21,,,,,,,BTC,1782152100,,,,,,,0,,,1782141306,SHORT,0.39,1782152100,,,,,21,,,,btc-updown-5m-1782152100,,,trades.db,early_reversion_v3_trades,,NO_C,BTC,1782152100,,,,,,,0
,BTC,True,Offhours,,,,,,,,,,,,,,,,,,1782152422,270,783,270,hist:er_v3,,,SHORT,0.36,,,,,21,,,,,,,BTC,1782152422,,,,,,,0,,,1782141660,SHORT,0.36,1782152422,,,,,21,,,,btc-updown-5m-1782152400,,,trades.db,early_reversion_v3_trades,,NO_C,BTC,1782152422,,,,,,,0
,BTC,True,Offhours,,,,,,,,,,,,,,,,,,1782154819,271,784,271,hist:er_v3,,,SHORT,0.36,,,,,22,,,,,,,BTC,1782154819,,,,,,,0,,,1782144049,SHORT,0.36,1782154819,,,,,22,,,,btc-updown-5m-1782154800,,,trades.db,early_reversion_v3_trades,,NO_C,BTC,1782154819,,,,,,,0
,BTC,True,Offhours,,,,,,,,,,,,,,,,,,1782155116,272,785,272,hist:er_v3,,,SHORT,0.34,,,,,22,,,,,,,BTC,1782155116,,,,,,,0,,,1782144352,SHORT,0.34,1782155116,,,,,22,,,,btc-updown-5m-1782155100,,,trades.db,early_reversion_v3_trades,,NO_C,BTC,1782155116,,,,,,,0
,BTC,True,Offhours,,,,,,,,,,,,,,,,,,1782156006,273,786,273,hist:er_v3,,,SHORT,0.38,,,,,22,,,,,,,BTC,1782156006,,,,,,,0,,,1782145238,SHORT,0.38,1782156006,,,,,22,,,,btc-updown-5m-1782156000,,,trades.db,early_reversion_v3_trades,,NO_C,BTC,1782156006,,,,,,,0
,BTC,True,Offhours,,,,,,,,,,,,,,,,,,1782156603,274,787,274,hist:er_v3,,,SHORT,0.35,,,,,22,,,,,,,BTC,1782156603,,,,,,,0,,,1782145833,SHORT,0.35,1782156603,,,,,22,,,,btc-updown-5m-1782156600,,,trades.db,early_reversion_v3_trades,,NO_C,BTC,1782156603,,,,,,,0
,BTC,True,London,,,,,,,,,,,,,,,,,,1782205819,275,788,275,hist:er_v3,,,SHORT,0.4,,,,,12,,,,,,,BTC,1782205819,,,,,,,1,,,1782195022,SHORT,0.4,1782205819,,,,,12,,,,btc-updown-5m-1782205800,,,trades.db,early_reversion_v3_trades,,NO_C,BTC,1782205819,,,,,,,1
,BTC,True,London,,,,,,,,,,,,,,,,,,1782206113,276,789,276,hist:er_v3,,,SHORT,0.39,,,,,12,,,,,,,BTC,1782206113,,,,,,,1,,,1782195322,SHORT,0.39,1782206113,,,,,12,,,,btc-updown-5m-1782206100,,,trades.db,early_reversion_v3_trades,,NO_C,BTC,1782206113,,,,,,,1
,BTC,True,London,,,,,,,,,,,,,,,,,,1782207303,277,790,277,hist:er_v3,,,SHORT,0.36,,,,,12,,,,,,,BTC,1782207303,,,,,,,1,,,1782196536,SHORT,0.36,1782207303,,,,,12,,,,btc-updown-5m-1782207300,,,trades.db,early_reversion_v3_trades,,NO_C,BTC,1782207303,,,,,,,1
,BTC,True,NewYork,,,,,,,,,,,,,,,,,,1782208804,278,791,278,hist:er_v3,,,SHORT,0.36,,,,,13,,,,,,,BTC,1782208804,,,,,,,1,,,1782198036,SHORT,0.36,1782208804,,,,,13,,,,btc-updown-5m-1782208800,,,trades.db,early_reversion_v3_trades,,NO_C,BTC,1782208804,,,,,,,1
,BTC,True,NewYork,,,,,,,,,,,,,,,,,,1782214225,279,792,279,hist:er_v3,,,SHORT,0.4,,,,,14,,,,,,,BTC,1782214225,,,,,,,1,,,1782203455,SHORT,0.4,1782214225,,,,,14,,,,btc-updown-5m-1782214200,,,trades.db,early_reversion_v3_trades,,NO_C,BTC,1782214225,,,,,,,1
,BTC,True,NewYork,,,,,,,,,,,,,,,,,,1782216001,280,793,280,hist:er_v3,,,SHORT,0.4,,,,,15,,,,,,,BTC,1782216001,,,,,,,1,,,1782205232,SHORT,0.4,1782216001,,,,,15,,,,btc-updown-5m-1782216000,,,trades.db,early_reversion_v3_trades,,NO_C,BTC,1782216001,,,,,,,1
,BTC,True,NewYork,,,,,,,,,,,,,,,,,,1782222611,281,794,281,hist:er_v3,,,SHORT,0.4,,,,,16,,,,,,,BTC,1782222611,,,,,,,1,,,1782211821,SHORT,0.4,1782222611,,,,,16,,,,btc-updown-5m-1782222600,,,trades.db,early_reversion_v3_trades,,NO_C,BTC,1782222611,,,,,,,1
,BTC,True,NewYork,,,,,,,,,,,,,,,,,,1782223813,282,795,282,hist:er_v3,,,SHORT,0.4,,,,,17,,,,,,,BTC,1782223813,,,,,,,1,,,1782213043,SHORT,0.4,1782223813,,,,,17,,,,btc-updown-5m-1782223800,,,trades.db,early_reversion_v3_trades,,NO_C,BTC,1782223813,,,,,,,1
,BTC,True,NewYork,,,,,,,,,,,,,,,,,,1782041124,1,796,1,hist:er_v25,,,SHORT,0.39,,,,,14,,,,,,,BTC,1782041124,,,,,,,6,,,1782030354,SHORT,0.39,1782041124,,,,,14,,,,btc-updown-5m-1782041100,,,trades.db,early_reversion_v25_trades,,NO_C,BTC,1782041124,,,,,,,6
,BTC,True,NewYork,,,,,,,,,,,,,,,,,,1782041412,2,797,2,hist:er_v25,,,SHORT,0.38,,,,,14,,,,,,,BTC,1782041412,,,,,,,6,,,1782030702,SHORT,0.38,1782041412,,,,,14,,,,btc-updown-5m-1782041400,,,trades.db,early_reversion_v25_trades,,NO_C,BTC,1782041412,,,,,,,6
,BTC,True,NewYork,,,,,,,,,,,,,,,,,,1782042607,3,798,3,hist:er_v25,,,LONG,0.25,,,,,14,,,,,,,BTC,1782042607,,,,,,,6,,,1782031824,LONG,0.25,1782042607,,,,,14,,,,btc-updown-5m-1782042600,,,trades.db,early_reversion_v25_trades,,YES_B,BTC,1782042607,,,,,,,6
,BTC,True,NewYork,,,,,,,,,,,,,,,,,,1782042607,4,799,4,hist:er_v25,,,LONG,0.25,,,,,14,,,,,,,BTC,1782042607,,,,,,,6,,,1782031824,LONG,0.25,1782042607,,,,,14,,,,btc-updown-5m-1782042600,,,trades.db,early_reversion_v25_trades,,YES_C,BTC,1782042607,,,,,,,6
,BTC,True,NewYork,,,,,,,,,,,,,,,,,,1782044110,5,800,5,hist:er_v25,,,LONG,0.4,,,,,15,,,,,,,BTC,1782044110,,,,,,,6,,,1782033342,LONG,0.4,1782044110,,,,,15,,,,btc-updown-5m-1782044100,,,trades.db,early_reversion_v25_trades,,YES_C,BTC,1782044110,,,,,,,6
,BTC,True,NewYork,,,,,,,,,,,,,,,,,,1782044113,6,801,6,hist:er_v25,,,LONG,0.32,,,,,15,,,,,,,BTC,1782044113,,,,,,,6,,,1782033342,LONG,0.32,1782044113,,,,,15,,,,btc-updown-5m-1782044100,,,trades.db,early_reversion_v25_trades,,YES_B,BTC,1782044113,,,,,,,6
,BTC,True,NewYork,,,,,,,,,,,,,,,,,,1782044408,7,802,7,hist:er_v25,,,SHORT,0.38,,,,,15,,,,,,,BTC,1782044408,,,,,,,6,,,1782033693,SHORT,0.38,1782044408,,,,,15,,,,btc-updown-5m-1782044400,,,trades.db,early_reversion_v25_trades,,NO_C,BTC,1782044408,,,,,,,6
,BTC,True,NewYork,,,,,,,,,,,,,,,,,,1782044705,8,803,8,hist:er_v25,,,SHORT,0.34,,,,,15,,,,,,,BTC,1782044705,,,,,,,6,,,1782033920,SHORT,0.34,1782044705,,,,,15,,,,btc-updown-5m-1782044700,,,trades.db,early_reversion_v25_trades,,NO_C,BTC,1782044705,,,,,,,6
,BTC,True,NewYork,,,,,,,,,,,,,,,,,,1782045322,9,804,9,hist:er_v25,,,SHORT,0.39,,,,,15,,,,,,,BTC,1782045322,,,,,,,6,,,1782034537,SHORT,0.39,1782045322,,,,,15,,,,btc-updown-5m-1782045300,,,trades.db,early_reversion_v25_trades,,NO_C,BTC,1782045322,,,,,,,6
,BTC,True,NewYork,,,,,,,,,,,,,,,,,,1782045619,10,805,10,hist:er_v25,,,SHORT,0.4,,,,,15,,,,,,,BTC,1782045619,,,,,,,6,,,1782034844,SHORT,0.4,1782045619,,,,,15,,,,btc-updown-5m-1782045600,,,trades.db,early_reversion_v25_trades,,NO_C,BTC,1782045619,,,,,,,6
,BTC,True,NewYork,,,,,,,,,,,,,,,,,,1782045928,11,806,11,hist:er_v25,,,SHORT,0.36,,,,,15,,,,,,,BTC,1782045928,,,,,,,6,,,1782035145,SHORT,0.36,1782045928,,,,,15,,,,btc-updown-5m-1782045900,,,trades.db,early_reversion_v25_trades,,NO_C,BTC,1782045928,,,,,,,6
,BTC,True,NewYork,,,,,,,,,,,,,,,,,,1782046217,12,807,12,hist:er_v25,,,LONG,0.38,,,,,15,,,,,,,BTC,1782046217,,,,,,,6,,,1782035465,LONG,0.38,1782046217,,,,,15,,,,btc-updown-5m-1782046200,,,trades.db,early_reversion_v25_trades,,YES_C,BTC,1782046217,,,,,,,6
,BTC,True,NewYork,,,,,,,,,,,,,,,,,,1782046505,13,808,13,hist:er_v25,,,SHORT,0.4,,,,,15,,,,,,,BTC,1782046505,,,,,,,6,,,1782035736,SHORT,0.4,1782046505,,,,,15,,,,btc-updown-5m-1782046500,,,trades.db,early_reversion_v25_trades,,NO_C,BTC,1782046505,,,,,,,6
,BTC,True,NewYork,,,,,,,,,,,,,,,,,,1782046517,14,809,14,hist:er_v25,,,LONG,0.36,,,,,15,,,,,,,BTC,1782046517,,,,,,,6,,,1782035732,LONG,0.36,1782046517,,,,,15,,,,btc-updown-5m-1782046500,,,trades.db,early_reversion_v25_trades,,YES_C,BTC,1782046517,,,,,,,6
,BTC,True,NewYork,,,,,,,,,,,,,,,,,,1782046519,15,810,15,hist:er_v25,,,LONG,0.28,,,,,15,,,,,,,BTC,1782046519,,,,,,,6,,,1782035741,LONG,0.28,1782046519,,,,,15,,,,btc-updown-5m-1782046500,,,trades.db,early_reversion_v25_trades,,YES_B,BTC,1782046519,,,,,,,6
,BTC,True,NewYork,,,,,,,,,,,,,,,,,,1782046826,16,811,16,hist:er_v25,,,LONG,0.38,,,,,16,,,,,,,BTC,1782046826,,,,,,,6,,,1782036044,LONG,0.38,1782046826,,,,,16,,,,btc-updown-5m-1782046800,,,trades.db,early_reversion_v25_trades,,YES_C,BTC,1782046826,,,,,,,6
,BTC,True,NewYork,,,,,,,,,,,,,,,,,,1782047114,17,812,17,hist:er_v25,,,LONG,0.4,,,,,16,,,,,,,BTC,1782047114,,,,,,,6,,,1782036348,LONG,0.4,1782047114,,,,,16,,,,btc-updown-5m-1782047100,,,trades.db,early_reversion_v25_trades,,YES_C,BTC,1782047114,,,,,,,6
,BTC,True,NewYork,,,,,,,,,,,,,,,,,,1782047720,18,813,18,hist:er_v25,,,SHORT,0.4,,,,,16,,,,,,,BTC,1782047720,,,,,,,6,,,1782036935,SHORT,0.4,1782047720,,,,,16,,,,btc-updown-5m-1782047700,,,trades.db,early_reversion_v25_trades,,NO_C,BTC,1782047720,,,,,,,6
,BTC,True,NewYork,,,,,,,,,,,,,,,,,,1782048605,19,814,19,hist:er_v25,,,SHORT,0.4,,,,,16,,,,,,,BTC,1782048605,,,,,,,6,,,1782037829,SHORT,0.4,1782048605,,,,,16,,,,btc-updown-5m-1782048600,,,trades.db,early_reversion_v25_trades,,NO_C,BTC,1782048605,,,,,,,6
,BTC,True,NewYork,,,,,,,,,,,,,,,,,,1782048622,20,815,20,hist:er_v25,,,LONG,0.4,,,,,16,,,,,,,BTC,1782048622,,,,,,,6,,,1782037837,LONG,0.4,1782048622,,,,,16,,,,btc-updown-5m-1782048600,,,trades.db,early_reversion_v25_trades,,YES_C,BTC,1782048622,,,,,,,6
,BTC,True,NewYork,,,,,,,,,,,,,,,,,,1782049204,21,816,21,hist:er_v25,,,LONG,0.35,,,,,16,,,,,,,BTC,1782049204,,,,,,,6,,,1782038419,LONG,0.35,1782049204,,,,,16,,,,btc-updown-5m-1782049200,,,trades.db,early_reversion_v25_trades,,YES_B,BTC,1782049204,,,,,,,6
,BTC,True,NewYork,,,,,,,,,,,,,,,,,,1782049204,22,817,22,hist:er_v25,,,LONG,0.35,,,,,16,,,,,,,BTC,1782049204,,,,,,,6,,,1782038419,LONG,0.35,1782049204,,,,,16,,,,btc-updown-5m-1782049200,,,trades.db,early_reversion_v25_trades,,YES_C,BTC,1782049204,,,,,,,6
,BTC,True,NewYork,,,,,,,,,,,,,,,,,,1782049505,23,818,23,hist:er_v25,,,LONG,0.4,,,,,16,,,,,,,BTC,1782049505,,,,,,,6,,,1782038721,LONG,0.4,1782049505,,,,,16,,,,btc-updown-5m-1782049500,,,trades.db,early_reversion_v25_trades,,YES_C,BTC,1782049505,,,,,,,6
,BTC,True,NewYork,,,,,,,,,,,,,,,,,,1782049807,24,819,24,hist:er_v25,,,SHORT,0.34,,,,,16,,,,,,,BTC,1782049807,,,,,,,6,,,1782039031,SHORT,0.34,1782049807,,,,,16,,,,btc-updown-5m-1782049800,,,trades.db,early_reversion_v25_trades,,NO_C,BTC,1782049807,,,,,,,6
,BTC,True,NewYork,,,,,,,,,,,,,,,,,,1782050106,25,820,25,hist:er_v25,,,SHORT,0.4,,,,,16,,,,,,,BTC,1782050106,,,,,,,6,,,1782039321,SHORT,0.4,1782050106,,,,,16,,,,btc-updown-5m-1782050100,,,trades.db,early_reversion_v25_trades,,NO_C,BTC,1782050106,,,,,,,6
,BTC,True,NewYork,,,,,,,,,,,,,,,,,,1782050703,26,821,26,hist:er_v25,,,SHORT,0.34,,,,,17,,,,,,,BTC,1782050703,,,,,,,6,,,1782039925,SHORT,0.34,1782050703,,,,,17,,,,btc-updown-5m-1782050700,,,trades.db,early_reversion_v25_trades,,NO_C,BTC,1782050703,,,,,,,6
,BTC,True,NewYork,,,,,,,,,,,,,,,,,,1782051021,27,822,27,hist:er_v25,,,LONG,0.37,,,,,17,,,,,,,BTC,1782051021,,,,,,,6,,,1782040263,LONG,0.37,1782051021,,,,,17,,,,btc-updown-5m-1782051000,,,trades.db,early_reversion_v25_trades,,YES_C,BTC,1782051021,,,,,,,6
,BTC,True,NewYork,,,,,,,,,,,,,,,,,,1782051313,28,823,28,hist:er_v25,,,LONG,0.38,,,,,17,,,,,,,BTC,1782051313,,,,,,,6,,,1782040529,LONG,0.38,1782051313,,,,,17,,,,btc-updown-5m-1782051300,,,trades.db,early_reversion_v25_trades,,YES_C,BTC,1782051313,,,,,,,6
,BTC,True,NewYork,,,,,,,,,,,,,,,,,,1782051316,29,824,29,hist:er_v25,,,LONG,0.35,,,,,17,,,,,,,BTC,1782051316,,,,,,,6,,,1782040532,LONG,0.35,1782051316,,,,,17,,,,btc-updown-5m-1782051300,,,trades.db,early_reversion_v25_trades,,YES_B,BTC,1782051316,,,,,,,6
,BTC,True,NewYork,,,,,,,,,,,,,,,,,,1782051606,30,825,30,hist:er_v25,,,LONG,0.4,,,,,17,,,,,,,BTC,1782051606,,,,,,,6,,,1782040837,LONG,0.4,1782051606,,,,,17,,,,btc-updown-5m-1782051600,,,trades.db,early_reversion_v25_trades,,YES_C,BTC,1782051606,,,,,,,6
,BTC,True,NewYork,,,,,,,,,,,,,,,,,,1782052214,31,826,31,hist:er_v25,,,LONG,0.39,,,,,17,,,,,,,BTC,1782052214,,,,,,,6,,,1782041429,LONG,0.39,1782052214,,,,,17,,,,btc-updown-5m-1782052200,,,trades.db,early_reversion_v25_trades,,YES_C,BTC,1782052214,,,,,,,6
,BTC,True,NewYork,,,,,,,,,,,,,,,,,,1782052217,32,827,32,hist:er_v25,,,LONG,0.32,,,,,17,,,,,,,BTC,1782052217,,,,,,,6,,,1782041448,LONG,0.32,1782052217,,,,,17,,,,btc-updown-5m-1782052200,,,trades.db,early_reversion_v25_trades,,YES_B,BTC,1782052217,,,,,,,6
,BTC,True,NewYork,,,,,,,,,,,,,,,,,,1782052811,33,828,33,hist:er_v25,,,SHORT,0.37,,,,,17,,,,,,,BTC,1782052811,,,,,,,6,,,1782042026,SHORT,0.37,1782052811,,,,,17,,,,btc-updown-5m-1782052800,,,trades.db,early_reversion_v25_trades,,NO_C,BTC,1782052811,,,,,,,6
,BTC,True,NewYork,,,,,,,,,,,,,,,,,,1782053413,34,829,34,hist:er_v25,,,SHORT,0.27,,,,,17,,,,,,,BTC,1782053413,,,,,,,6,,,1782042641,SHORT,0.27,1782053413,,,,,17,,,,btc-updown-5m-1782053400,,,trades.db,early_reversion_v25_trades,,NO_C,BTC,1782053413,,,,,,,6
,BTC,True,NewYork,,,,,,,,,,,,,,,,,,1782053708,35,830,35,hist:er_v25,,,SHORT,0.36,,,,,17,,,,,,,BTC,1782053708,,,,,,,6,,,1782042924,SHORT,0.36,1782053708,,,,,17,,,,btc-updown-5m-1782053700,,,trades.db,early_reversion_v25_trades,,NO_C,BTC,1782053708,,,,,,,6
,BTC,True,NewYork,,,,,,,,,,,,,,,,,,1782054316,36,831,36,hist:er_v25,,,SHORT,0.4,,,,,18,,,,,,,BTC,1782054316,,,,,,,6,,,1782043534,SHORT,0.4,1782054316,,,,,18,,,,btc-updown-5m-1782054300,,,trades.db,early_reversion_v25_trades,,NO_C,BTC,1782054316,,,,,,,6
,BTC,True,NewYork,,,,,,,,,,,,,,,,,,1782054619,37,832,37,hist:er_v25,,,LONG,0.4,,,,,18,,,,,,,BTC,1782054619,,,,,,,6,,,1782043840,LONG,0.4,1782054619,,,,,18,,,,btc-updown-5m-1782054600,,,trades.db,early_reversion_v25_trades,,YES_C,BTC,1782054619,,,,,,,6
,BTC,True,NewYork,,,,,,,,,,,,,,,,,,1782054908,38,833,38,hist:er_v25,,,SHORT,0.35,,,,,18,,,,,,,BTC,1782054908,,,,,,,6,,,1782044146,SHORT,0.35,1782054908,,,,,18,,,,btc-updown-5m-1782054900,,,trades.db,early_reversion_v25_trades,,NO_C,BTC,1782054908,,,,,,,6
,BTC,True,NewYork,,,,,,,,,,,,,,,,,,1782055208,39,834,39,hist:er_v25,,,LONG,0.4,,,,,18,,,,,,,BTC,1782055208,,,,,,,6,,,1782044426,LONG,0.4,1782055208,,,,,18,,,,btc-updown-5m-1782055200,,,trades.db,early_reversion_v25_trades,,YES_C,BTC,1782055208,,,,,,,6
,BTC,True,NewYork,,,,,,,,,,,,,,,,,,1782055818,40,835,40,hist:er_v25,,,LONG,0.4,,,,,18,,,,,,,BTC,1782055818,,,,,,,6,,,1782045035,LONG,0.4,1782055818,,,,,18,,,,btc-updown-5m-1782055800,,,trades.db,early_reversion_v25_trades,,YES_C,BTC,1782055818,,,,,,,6
,BTC,True,NewYork,,,,,,,,,,,,,,,,,,1782055824,41,836,41,hist:er_v25,,,LONG,0.28,,,,,18,,,,,,,BTC,1782055824,,,,,,,6,,,1782045046,LONG,0.28,1782055824,,,,,18,,,,btc-updown-5m-1782055800,,,trades.db,early_reversion_v25_trades,,YES_B,BTC,1782055824,,,,,,,6
,BTC,True,NewYork,,,,,,,,,,,,,,,,,,1782056118,42,837,42,hist:er_v25,,,SHORT,0.39,,,,,18,,,,,,,BTC,1782056118,,,,,,,6,,,1782045334,SHORT,0.39,1782056118,,,,,18,,,,btc-updown-5m-1782056100,,,trades.db,early_reversion_v25_trades,,NO_C,BTC,1782056118,,,,,,,6
,BTC,True,NewYork,,,,,,,,,,,,,,,,,,1782056415,43,838,43,hist:er_v25,,,SHORT,0.38,,,,,18,,,,,,,BTC,1782056415,,,,,,,6,,,1782045635,SHORT,0.38,1782056415,,,,,18,,,,btc-updown-5m-1782056400,,,trades.db,early_reversion_v25_trades,,NO_C,BTC,1782056415,,,,,,,6
,BTC,True,NewYork,,,,,,,,,,,,,,,,,,1782057303,44,839,44,hist:er_v25,,,LONG,0.36,,,,,18,,,,,,,BTC,1782057303,,,,,,,6,,,1782046522,LONG,0.36,1782057303,,,,,18,,,,btc-updown-5m-1782057300,,,trades.db,early_reversion_v25_trades,,YES_C,BTC,1782057303,,,,,,,6
,BTC,True,NewYork,,,,,,,,,,,,,,,,,,1782057322,45,840,45,hist:er_v25,,,LONG,0.29,,,,,18,,,,,,,BTC,1782057322,,,,,,,6,,,1782046541,LONG,0.29,1782057322,,,,,18,,,,btc-updown-5m-1782057300,,,trades.db,early_reversion_v25_trades,,YES_B,BTC,1782057322,,,,,,,6
,BTC,True,NewYork,,,,,,,,,,,,,,,,,,1782057622,46,841,46,hist:er_v25,,,LONG,0.36,,,,,19,,,,,,,BTC,1782057622,,,,,,,6,,,1782046841,LONG,0.36,1782057622,,,,,19,,,,btc-updown-5m-1782057600,,,trades.db,early_reversion_v25_trades,,YES_C,BTC,1782057622,,,,,,,6
,BTC,True,NewYork,,,,,,,,,,,,,,,,,,1782058210,47,842,47,hist:er_v25,,,SHORT,0.39,,,,,19,,,,,,,BTC,1782058210,,,,,,,6,,,1782047430,SHORT,0.39,1782058210,,,,,19,,,,btc-updown-5m-1782058200,,,trades.db,early_reversion_v25_trades,,NO_C,BTC,1782058210,,,,,,,6
,BTC,True,NewYork,,,,,,,,,,,,,,,,,,1782058527,48,843,48,hist:er_v25,,,LONG,0.4,,,,,19,,,,,,,BTC,1782058527,,,,,,,6,,,1782047760,LONG,0.4,1782058527,,,,,19,,,,btc-updown-5m-1782058500,,,trades.db,early_reversion_v25_trades,,YES_C,BTC,1782058527,,,,,,,6
,BTC,True,NewYork,,,,,,,,,,,,,,,,,,1782058529,49,844,49,hist:er_v25,,,LONG,0.35,,,,,19,,,,,,,BTC,1782058529,,,,,,,6,,,1782047760,LONG,0.35,1782058529,,,,,19,,,,btc-updown-5m-1782058500,,,trades.db,early_reversion_v25_trades,,YES_B,BTC,1782058529,,,,,,,6
,BTC,True,NewYork,,,,,,,,,,,,,,,,,,1782058802,50,845,50,hist:er_v25,,,LONG,0.39,,,,,19,,,,,,,BTC,1782058802,,,,,,,6,,,1782048088,LONG,0.39,1782058802,,,,,19,,,,btc-updown-5m-1782058800,,,trades.db,early_reversion_v25_trades,,YES_C,BTC,1782058802,,,,,,,6
,BTC,True,NewYork,,,,,,,,,,,,,,,,,,1782059410,51,846,51,hist:er_v25,,,SHORT,0.38,,,,,19,,,,,,,BTC,1782059410,,,,,,,6,,,1782048632,SHORT,0.38,1782059410,,,,,19,,,,btc-updown-5m-1782059400,,,trades.db,early_reversion_v25_trades,,NO_C,BTC,1782059410,,,,,,,6
,BTC,True,NewYork,,,,,,,,,,,,,,,,,,1782059420,52,847,52,hist:er_v25,,,LONG,0.4,,,,,19,,,,,,,BTC,1782059420,,,,,,,6,,,1782048651,LONG,0.4,1782059420,,,,,19,,,,btc-updown-5m-1782059400,,,trades.db,early_reversion_v25_trades,,YES_C,BTC,1782059420,,,,,,,6
,BTC,True,NewYork,,,,,,,,,,,,,,,,,,1782059427,53,848,53,hist:er_v25,,,LONG,0.34,,,,,19,,,,,,,BTC,1782059427,,,,,,,6,,,1782048651,LONG,0.34,1782059427,,,,,19,,,,btc-updown-5m-1782059400,,,trades.db,early_reversion_v25_trades,,YES_B,BTC,1782059427,,,,,,,6
,BTC,True,NewYork,,,,,,,,,,,,,,,,,,1782059703,54,849,54,hist:er_v25,,,SHORT,0.38,,,,,19,,,,,,,BTC,1782059703,,,,,,,6,,,1782048918,SHORT,0.38,1782059703,,,,,19,,,,btc-updown-5m-1782059700,,,trades.db,early_reversion_v25_trades,,NO_C,BTC,1782059703,,,,,,,6
,BTC,True,NewYork,,,,,,,,,,,,,,,,,,1782060018,55,850,55,hist:er_v25,,,SHORT,0.38,,,,,19,,,,,,,BTC,1782060018,,,,,,,6,,,1782049235,SHORT,0.38,1782060018,,,,,19,,,,btc-updown-5m-1782060000,,,trades.db,early_reversion_v25_trades,,NO_C,BTC,1782060018,,,,,,,6
,BTC,True,NewYork,,,,,,,,,,,,,,,,,,1782060302,56,851,56,hist:er_v25,,,SHORT,0.4,,,,,19,,,,,,,BTC,1782060302,,,,,,,6,,,1782049517,SHORT,0.4,1782060302,,,,,19,,,,btc-updown-5m-1782060300,,,trades.db,early_reversion_v25_trades,,NO_C,BTC,1782060302,,,,,,,6
,BTC,True,NewYork,,,,,,,,,,,,,,,,,,1782060602,57,852,57,hist:er_v25,,,SHORT,0.38,,,,,19,,,,,,,BTC,1782060602,,,,,,,6,,,1782049817,SHORT,0.38,1782060602,,,,,19,,,,btc-updown-5m-1782060600,,,trades.db,early_reversion_v25_trades,,NO_C,BTC,1782060602,,,,,,,6
,BTC,True,NewYork,,,,,,,,,,,,,,,,,,1782060926,58,853,58,hist:er_v25,,,SHORT,0.38,,,,,19,,,,,,,BTC,1782060926,,,,,,,6,,,1782050154,SHORT,0.38,1782060926,,,,,19,,,,btc-updown-5m-1782060900,,,trades.db,early_reversion_v25_trades,,NO_C,BTC,1782060926,,,,,,,6
,BTC,True,NewYork,,,,,,,,,,,,,,,,,,1782061510,59,854,59,hist:er_v25,,,SHORT,0.37,,,,,20,,,,,,,BTC,1782061510,,,,,,,6,,,1782050732,SHORT,0.37,1782061510,,,,,20,,,,btc-updown-5m-1782061500,,,trades.db,early_reversion_v25_trades,,NO_C,BTC,1782061510,,,,,,,6
,BTC,True,NewYork,,,,,,,,,,,,,,,,,,1782061527,60,855,60,hist:er_v25,,,LONG,0.4,,,,,20,,,,,,,BTC,1782061527,,,,,,,6,,,1782050744,LONG,0.4,1782061527,,,,,20,,,,btc-updown-5m-1782061500,,,trades.db,early_reversion_v25_trades,,YES_C,BTC,1782061527,,,,,,,6
,BTC,True,NewYork,,,,,,,,,,,,,,,,,,1782061816,61,856,61,hist:er_v25,,,LONG,0.38,,,,,20,,,,,,,BTC,1782061816,,,,,,,6,,,1782051032,LONG,0.38,1782061816,,,,,20,,,,btc-updown-5m-1782061800,,,trades.db,early_reversion_v25_trades,,YES_C,BTC,1782061816,,,,,,,6
,BTC,True,NewYork,,,,,,,,,,,,,,,,,,1782062115,62,857,62,hist:er_v25,,,LONG,0.35,,,,,20,,,,,,,BTC,1782062115,,,,,,,6,,,1782051330,LONG,0.35,1782062115,,,,,20,,,,btc-updown-5m-1782062100,,,trades.db,early_reversion_v25_trades,,YES_B,BTC,1782062115,,,,,,,6
,BTC,True,NewYork,,,,,,,,,,,,,,,,,,1782062115,63,858,63,hist:er_v25,,,LONG,0.35,,,,,20,,,,,,,BTC,1782062115,,,,,,,6,,,1782051330,LONG,0.35,1782062115,,,,,20,,,,btc-updown-5m-1782062100,,,trades.db,early_reversion_v25_trades,,YES_C,BTC,1782062115,,,,,,,6
,BTC,True,NewYork,,,,,,,,,,,,,,,,,,1782062716,64,859,64,hist:er_v25,,,LONG,0.35,,,,,20,,,,,,,BTC,1782062716,,,,,,,6,,,1782051938,LONG,0.35,1782062716,,,,,20,,,,btc-updown-5m-1782062700,,,trades.db,early_reversion_v25_trades,,YES_B,BTC,1782062716,,,,,,,6
,BTC,True,NewYork,,,,,,,,,,,,,,,,,,1782062716,65,860,65,hist:er_v25,,,LONG,0.35,,,,,20,,,,,,,BTC,1782062716,,,,,,,6,,,1782051938,LONG,0.35,1782062716,,,,,20,,,,btc-updown-5m-1782062700,,,trades.db,early_reversion_v25_trades,,YES_C,BTC,1782062716,,,,,,,6
,BTC,True,NewYork,,,,,,,,,,,,,,,,,,1782063026,66,861,66,hist:er_v25,,,SHORT,0.4,,,,,20,,,,,,,BTC,1782063026,,,,,,,6,,,1782052252,SHORT,0.4,1782063026,,,,,20,,,,btc-updown-5m-1782063000,,,trades.db,early_reversion_v25_trades,,NO_C,BTC,1782063026,,,,,,,6
,BTC,True,NewYork,,,,,,,,,,,,,,,,,,1782063905,67,862,67,hist:er_v25,,,SHORT,0.35,,,,,20,,,,,,,BTC,1782063905,,,,,,,6,,,1782053120,SHORT,0.35,1782063905,,,,,20,,,,btc-updown-5m-1782063900,,,trades.db,early_reversion_v25_trades,,NO_C,BTC,1782063905,,,,,,,6
,BTC,True,NewYork,,,,,,,,,,,,,,,,,,1782064505,68,863,68,hist:er_v25,,,LONG,0.37,,,,,20,,,,,,,BTC,1782064505,,,,,,,6,,,1782053721,LONG,0.37,1782064505,,,,,20,,,,btc-updown-5m-1782064500,,,trades.db,early_reversion_v25_trades,,YES_C,BTC,1782064505,,,,,,,6
,BTC,True,Offhours,,,,,,,,,,,,,,,,,,1782064823,69,864,69,hist:er_v25,,,SHORT,0.39,,,,,21,,,,,,,BTC,1782064823,,,,,,,6,,,1782054039,SHORT,0.39,1782064823,,,,,21,,,,btc-updown-5m-1782064800,,,trades.db,early_reversion_v25_trades,,NO_C,BTC,1782064823,,,,,,,6
,BTC,True,Offhours,,,,,,,,,,,,,,,,,,1782065108,70,865,70,hist:er_v25,,,SHORT,0.37,,,,,21,,,,,,,BTC,1782065108,,,,,,,6,,,1782054325,SHORT,0.37,1782065108,,,,,21,,,,btc-updown-5m-1782065100,,,trades.db,early_reversion_v25_trades,,NO_C,BTC,1782065108,,,,,,,6
,BTC,True,Offhours,,,,,,,,,,,,,,,,,,1782065722,71,866,71,hist:er_v25,,,SHORT,0.35,,,,,21,,,,,,,BTC,1782065722,,,,,,,6,,,1782054938,SHORT,0.35,1782065722,,,,,21,,,,btc-updown-5m-1782065700,,,trades.db,early_reversion_v25_trades,,NO_C,BTC,1782065722,,,,,,,6
,BTC,True,Offhours,,,,,,,,,,,,,,,,,,1782066316,72,867,72,hist:er_v25,,,SHORT,0.4,,,,,21,,,,,,,BTC,1782066316,,,,,,,6,,,1782055543,SHORT,0.4,1782066316,,,,,21,,,,btc-updown-5m-1782066300,,,trades.db,early_reversion_v25_trades,,NO_C,BTC,1782066316,,,,,,,6
,BTC,True,Offhours,,,,,,,,,,,,,,,,,,1782067220,73,868,73,hist:er_v25,,,SHORT,0.4,,,,,21,,,,,,,BTC,1782067220,,,,,,,6,,,1782056441,SHORT,0.4,1782067220,,,,,21,,,,btc-updown-5m-1782067200,,,trades.db,early_reversion_v25_trades,,NO_C,BTC,1782067220,,,,,,,6
,BTC,True,Offhours,,,,,,,,,,,,,,,,,,1782067802,74,869,74,hist:er_v25,,,SHORT,0.38,,,,,21,,,,,,,BTC,1782067802,,,,,,,6,,,1782057017,SHORT,0.38,1782067802,,,,,21,,,,btc-updown-5m-1782067800,,,trades.db,early_reversion_v25_trades,,NO_C,BTC,1782067802,,,,,,,6
,BTC,True,Offhours,,,,,,,,,,,,,,,,,,1782068106,75,870,75,hist:er_v25,,,LONG,0.38,,,,,21,,,,,,,BTC,1782068106,,,,,,,6,,,1782057323,LONG,0.38,1782068106,,,,,21,,,,btc-updown-5m-1782068100,,,trades.db,early_reversion_v25_trades,,YES_C,BTC,1782068106,,,,,,,6
,BTC,True,Offhours,,,,,,,,,,,,,,,,,,1782068108,76,871,76,hist:er_v25,,,LONG,0.35,,,,,21,,,,,,,BTC,1782068108,,,,,,,6,,,1782057335,LONG,0.35,1782068108,,,,,21,,,,btc-updown-5m-1782068100,,,trades.db,early_reversion_v25_trades,,YES_B,BTC,1782068108,,,,,,,6
,BTC,True,Offhours,,,,,,,,,,,,,,,,,,1782068418,77,872,77,hist:er_v25,,,LONG,0.35,,,,,22,,,,,,,BTC,1782068418,,,,,,,6,,,1782057661,LONG,0.35,1782068418,,,,,22,,,,btc-updown-5m-1782068400,,,trades.db,early_reversion_v25_trades,,YES_B,BTC,1782068418,,,,,,,6
,BTC,True,Offhours,,,,,,,,,,,,,,,,,,1782068418,78,873,78,hist:er_v25,,,LONG,0.35,,,,,22,,,,,,,BTC,1782068418,,,,,,,6,,,1782057661,LONG,0.35,1782068418,,,,,22,,,,btc-updown-5m-1782068400,,,trades.db,early_reversion_v25_trades,,YES_C,BTC,1782068418,,,,,,,6
,BTC,True,Offhours,,,,,,,,,,,,,,,,,,1782069312,79,874,79,hist:er_v25,,,LONG,0.4,,,,,22,,,,,,,BTC,1782069312,,,,,,,6,,,1782058527,LONG,0.4,1782069312,,,,,22,,,,btc-updown-5m-1782069300,,,trades.db,early_reversion_v25_trades,,YES_C,BTC,1782069312,,,,,,,6
,BTC,True,Offhours,,,,,,,,,,,,,,,,,,1782069317,80,875,80,hist:er_v25,,,LONG,0.35,,,,,22,,,,,,,BTC,1782069317,,,,,,,6,,,1782058544,LONG,0.35,1782069317,,,,,22,,,,btc-updown-5m-1782069300,,,trades.db,early_reversion_v25_trades,,YES_B,BTC,1782069317,,,,,,,6
,BTC,True,Offhours,,,,,,,,,,,,,,,,,,1782069608,81,876,81,hist:er_v25,,,LONG,0.4,,,,,22,,,,,,,BTC,1782069608,,,,,,,6,,,1782058825,LONG,0.4,1782069608,,,,,22,,,,btc-updown-5m-1782069600,,,trades.db,early_reversion_v25_trades,,YES_C,BTC,1782069608,,,,,,,6
,BTC,True,Offhours,,,,,,,,,,,,,,,,,,1782069622,82,877,82,hist:er_v25,,,LONG,0.32,,,,,22,,,,,,,BTC,1782069622,,,,,,,6,,,1782058843,LONG,0.32,1782069622,,,,,22,,,,btc-updown-5m-1782069600,,,trades.db,early_reversion_v25_trades,,YES_B,BTC,1782069622,,,,,,,6
,BTC,True,Offhours,,,,,,,,,,,,,,,,,,1782072007,83,878,83,hist:er_v25,,,SHORT,0.38,,,,,23,,,,,,,BTC,1782072007,,,,,,,6,,,1782061231,SHORT,0.38,1782072007,,,,,23,,,,btc-updown-5m-1782072000,,,trades.db,early_reversion_v25_trades,,NO_C,BTC,1782072007,,,,,,,6
,BTC,True,Offhours,,,,,,,,,,,,,,,,,,1782072329,84,879,84,hist:er_v25,,,SHORT,0.4,,,,,23,,,,,,,BTC,1782072329,,,,,,,6,,,1782061546,SHORT,0.4,1782072329,,,,,23,,,,btc-updown-5m-1782072300,,,trades.db,early_reversion_v25_trades,,NO_C,BTC,1782072329,,,,,,,6
,BTC,True,Offhours,,,,,,,,,,,,,,,,,,1782072616,85,880,85,hist:er_v25,,,LONG,0.32,,,,,23,,,,,,,BTC,1782072616,,,,,,,6,,,1782061831,LONG,0.32,1782072616,,,,,23,,,,btc-updown-5m-1782072600,,,trades.db,early_reversion_v25_trades,,YES_B,BTC,1782072616,,,,,,,6
,BTC,True,Offhours,,,,,,,,,,,,,,,,,,1782073213,86,881,86,hist:er_v25,,,SHORT,0.35,,,,,23,,,,,,,BTC,1782073213,,,,,,,6,,,1782062447,SHORT,0.35,1782073213,,,,,23,,,,btc-updown-5m-1782073200,,,trades.db,early_reversion_v25_trades,,NO_C,BTC,1782073213,,,,,,,6
,BTC,True,Offhours,,,,,,,,,,,,,,,,,,1782073519,87,882,87,hist:er_v25,,,SHORT,0.39,,,,,23,,,,,,,BTC,1782073519,,,,,,,6,,,1782062745,SHORT,0.39,1782073519,,,,,23,,,,btc-updown-5m-1782073500,,,trades.db,early_reversion_v25_trades,,NO_C,BTC,1782073519,,,,,,,6
,BTC,True,Offhours,,,,,,,,,,,,,,,,,,1782073821,88,883,88,hist:er_v25,,,SHORT,0.37,,,,,23,,,,,,,BTC,1782073821,,,,,,,6,,,1782063036,SHORT,0.37,1782073821,,,,,23,,,,btc-updown-5m-1782073800,,,trades.db,early_reversion_v25_trades,,NO_C,BTC,1782073821,,,,,,,6
,BTC,True,Offhours,,,,,,,,,,,,,,,,,,1782074122,89,884,89,hist:er_v25,,,SHORT,0.31,,,,,23,,,,,,,BTC,1782074122,,,,,,,6,,,1782063339,SHORT,0.31,1782074122,,,,,23,,,,btc-updown-5m-1782074100,,,trades.db,early_reversion_v25_trades,,NO_C,BTC,1782074122,,,,,,,6
,BTC,True,Offhours,,,,,,,,,,,,,,,,,,1782075018,90,885,90,hist:er_v25,,,SHORT,0.3,,,,,23,,,,,,,BTC,1782075018,,,,,,,6,,,1782064235,SHORT,0.3,1782075018,,,,,23,,,,btc-updown-5m-1782075000,,,trades.db,early_reversion_v25_trades,,NO_C,BTC,1782075018,,,,,,,6
,BTC,True,Offhours,,,,,,,,,,,,,,,,,,1782075302,91,886,91,hist:er_v25,,,SHORT,0.4,,,,,23,,,,,,,BTC,1782075302,,,,,,,6,,,1782064523,SHORT,0.4,1782075302,,,,,23,,,,btc-updown-5m-1782075300,,,trades.db,early_reversion_v25_trades,,NO_C,BTC,1782075302,,,,,,,6
,BTC,True,Asia,,,,,,,,,,,,,,,,,,1782075624,92,887,92,hist:er_v25,,,SHORT,0.38,,,,,0,,,,,,,BTC,1782075624,,,,,,,0,,,1782064840,SHORT,0.38,1782075624,,,,,0,,,,btc-updown-5m-1782075600,,,trades.db,early_reversion_v25_trades,,NO_C,BTC,1782075624,,,,,,,0
,BTC,True,Asia,,,,,,,,,,,,,,,,,,1782076216,93,888,93,hist:er_v25,,,SHORT,0.34,,,,,0,,,,,,,BTC,1782076216,,,,,,,0,,,1782065432,SHORT,0.34,1782076216,,,,,0,,,,btc-updown-5m-1782076200,,,trades.db,early_reversion_v25_trades,,NO_C,BTC,1782076216,,,,,,,0
,BTC,True,Asia,,,,,,,,,,,,,,,,,,1782076508,94,889,94,hist:er_v25,,,SHORT,0.39,,,,,0,,,,,,,BTC,1782076508,,,,,,,0,,,1782065723,SHORT,0.39,1782076508,,,,,0,,,,btc-updown-5m-1782076500,,,trades.db,early_reversion_v25_trades,,NO_C,BTC,1782076508,,,,,,,0
,BTC,True,Asia,,,,,,,,,,,,,,,,,,1782076814,95,890,95,hist:er_v25,,,SHORT,0.4,,,,,0,,,,,,,BTC,1782076814,,,,,,,0,,,1782066035,SHORT,0.4,1782076814,,,,,0,,,,btc-updown-5m-1782076800,,,trades.db,early_reversion_v25_trades,,NO_C,BTC,1782076814,,,,,,,0
,BTC,True,Asia,,,,,,,,,,,,,,,,,,1782077108,96,891,96,hist:er_v25,,,LONG,0.31,,,,,0,,,,,,,BTC,1782077108,,,,,,,0,,,1782066325,LONG,0.31,1782077108,,,,,0,,,,btc-updown-5m-1782077100,,,trades.db,early_reversion_v25_trades,,YES_B,BTC,1782077108,,,,,,,0
,BTC,True,Asia,,,,,,,,,,,,,,,,,,1782077413,97,892,97,hist:er_v25,,,SHORT,0.39,,,,,0,,,,,,,BTC,1782077413,,,,,,,0,,,1782066629,SHORT,0.39,1782077413,,,,,0,,,,btc-updown-5m-1782077400,,,trades.db,early_reversion_v25_trades,,NO_C,BTC,1782077413,,,,,,,0
,BTC,True,Asia,,,,,,,,,,,,,,,,,,1782078024,98,893,98,hist:er_v25,,,LONG,0.34,,,,,0,,,,,,,BTC,1782078024,,,,,,,0,,,1782067255,LONG,0.34,1782078024,,,,,0,,,,btc-updown-5m-1782078000,,,trades.db,early_reversion_v25_trades,,YES_B,BTC,1782078024,,,,,,,0
,BTC,True,Asia,,,,,,,,,,,,,,,,,,1782078328,99,894,99,hist:er_v25,,,LONG,0.28,,,,,0,,,,,,,BTC,1782078328,,,,,,,0,,,1782067547,LONG,0.28,1782078328,,,,,0,,,,btc-updown-5m-1782078300,,,trades.db,early_reversion_v25_trades,,YES_B,BTC,1782078328,,,,,,,0
,BTC,True,Asia,,,,,,,,,,,,,,,,,,1782078622,100,895,100,hist:er_v25,,,LONG,0.32,,,,,0,,,,,,,BTC,1782078622,,,,,,,0,,,1782067841,LONG,0.32,1782078622,,,,,0,,,,btc-updown-5m-1782078600,,,trades.db,early_reversion_v25_trades,,YES_B,BTC,1782078622,,,,,,,0
,BTC,True,Asia,,,,,,,,,,,,,,,,,,1782079202,101,896,101,hist:er_v25,,,LONG,0.23,,,,,1,,,,,,,BTC,1782079202,,,,,,,0,,,1782068417,LONG,0.23,1782079202,,,,,1,,,,btc-updown-5m-1782079200,,,trades.db,early_reversion_v25_trades,,YES_B,BTC,1782079202,,,,,,,0
,BTC,True,Asia,,,,,,,,,,,,,,,,,,1782079508,102,897,102,hist:er_v25,,,SHORT,0.39,,,,,1,,,,,,,BTC,1782079508,,,,,,,0,,,1782068726,SHORT,0.39,1782079508,,,,,1,,,,btc-updown-5m-1782079500,,,trades.db,early_reversion_v25_trades,,NO_C,BTC,1782079508,,,,,,,0
,BTC,True,Asia,,,,,,,,,,,,,,,,,,1782079813,103,898,103,hist:er_v25,,,SHORT,0.4,,,,,1,,,,,,,BTC,1782079813,,,,,,,0,,,1782069029,SHORT,0.4,1782079813,,,,,1,,,,btc-updown-5m-1782079800,,,trades.db,early_reversion_v25_trades,,NO_C,BTC,1782079813,,,,,,,0
,BTC,True,Asia,,,,,,,,,,,,,,,,,,1782080414,104,899,104,hist:er_v25,,,LONG,0.32,,,,,1,,,,,,,BTC,1782080414,,,,,,,0,,,1782069631,LONG,0.32,1782080414,,,,,1,,,,btc-updown-5m-1782080400,,,trades.db,early_reversion_v25_trades,,YES_B,BTC,1782080414,,,,,,,0
,BTC,True,Asia,,,,,,,,,,,,,,,,,,1782081006,105,900,105,hist:er_v25,,,LONG,0.32,,,,,1,,,,,,,BTC,1782081006,,,,,,,0,,,1782070222,LONG,0.32,1782081006,,,,,1,,,,btc-updown-5m-1782081000,,,trades.db,early_reversion_v25_trades,,YES_B,BTC,1782081006,,,,,,,0
,BTC,True,Asia,,,,,,,,,,,,,,,,,,1782081306,106,901,106,hist:er_v25,,,SHORT,0.36,,,,,1,,,,,,,BTC,1782081306,,,,,,,0,,,1782070522,SHORT,0.36,1782081306,,,,,1,,,,btc-updown-5m-1782081300,,,trades.db,early_reversion_v25_trades,,NO_C,BTC,1782081306,,,,,,,0
,BTC,True,Asia,,,,,,,,,,,,,,,,,,1782081607,107,902,107,hist:er_v25,,,LONG,0.33,,,,,1,,,,,,,BTC,1782081607,,,,,,,0,,,1782070832,LONG,0.33,1782081607,,,,,1,,,,btc-updown-5m-1782081600,,,trades.db,early_reversion_v25_trades,,YES_B,BTC,1782081607,,,,,,,0
,BTC,True,Asia,,,,,,,,,,,,,,,,,,1782081919,108,903,108,hist:er_v25,,,SHORT,0.37,,,,,1,,,,,,,BTC,1782081919,,,,,,,0,,,1782071135,SHORT,0.37,1782081919,,,,,1,,,,btc-updown-5m-1782081900,,,trades.db,early_reversion_v25_trades,,NO_C,BTC,1782081919,,,,,,,0
,BTC,True,Asia,,,,,,,,,,,,,,,,,,1782082223,109,904,109,hist:er_v25,,,SHORT,0.4,,,,,1,,,,,,,BTC,1782082223,,,,,,,0,,,1782071444,SHORT,0.4,1782082223,,,,,1,,,,btc-updown-5m-1782082200,,,trades.db,early_reversion_v25_trades,,NO_C,BTC,1782082223,,,,,,,0
,BTC,True,Asia,,,,,,,,,,,,,,,,,,1782082507,110,905,110,hist:er_v25,,,SHORT,0.35,,,,,1,,,,,,,BTC,1782082507,,,,,,,0,,,1782071723,SHORT,0.35,1782082507,,,,,1,,,,btc-updown-5m-1782082500,,,trades.db,early_reversion_v25_trades,,NO_C,BTC,1782082507,,,,,,,0
,BTC,True,Asia,,,,,,,,,,,,,,,,,,1782082806,111,906,111,hist:er_v25,,,LONG,0.3,,,,,2,,,,,,,BTC,1782082806,,,,,,,0,,,1782072022,LONG,0.3,1782082806,,,,,2,,,,btc-updown-5m-1782082800,,,trades.db,early_reversion_v25_trades,,YES_B,BTC,1782082806,,,,,,,0
,BTC,True,Asia,,,,,,,,,,,,,,,,,,1782083422,112,907,112,hist:er_v25,,,LONG,0.31,,,,,2,,,,,,,BTC,1782083422,,,,,,,0,,,1782072639,LONG,0.31,1782083422,,,,,2,,,,btc-updown-5m-1782083400,,,trades.db,early_reversion_v25_trades,,YES_B,BTC,1782083422,,,,,,,0
,BTC,True,Asia,,,,,,,,,,,,,,,,,,1782083708,113,908,113,hist:er_v25,,,SHORT,0.38,,,,,2,,,,,,,BTC,1782083708,,,,,,,0,,,1782072923,SHORT,0.38,1782083708,,,,,2,,,,btc-updown-5m-1782083700,,,trades.db,early_reversion_v25_trades,,NO_C,BTC,1782083708,,,,,,,0
,BTC,True,Asia,,,,,,,,,,,,,,,,,,1782084025,114,909,114,hist:er_v25,,,SHORT,0.38,,,,,2,,,,,,,BTC,1782084025,,,,,,,0,,,1782073242,SHORT,0.38,1782084025,,,,,2,,,,btc-updown-5m-1782084000,,,trades.db,early_reversion_v25_trades,,NO_C,BTC,1782084025,,,,,,,0
,BTC,True,Asia,,,,,,,,,,,,,,,,,,1782084319,115,910,115,hist:er_v25,,,SHORT,0.38,,,,,2,,,,,,,BTC,1782084319,,,,,,,0,,,1782073536,SHORT,0.38,1782084319,,,,,2,,,,btc-updown-5m-1782084300,,,trades.db,early_reversion_v25_trades,,NO_C,BTC,1782084319,,,,,,,0
,BTC,True,Asia,,,,,,,,,,,,,,,,,,1782084611,116,911,116,hist:er_v25,,,SHORT,0.39,,,,,2,,,,,,,BTC,1782084611,,,,,,,0,,,1782073827,SHORT,0.39,1782084611,,,,,2,,,,btc-updown-5m-1782084600,,,trades.db,early_reversion_v25_trades,,NO_C,BTC,1782084611,,,,,,,0
,BTC,True,Asia,,,,,,,,,,,,,,,,,,1782084902,117,912,117,hist:er_v25,,,SHORT,0.39,,,,,2,,,,,,,BTC,1782084902,,,,,,,0,,,1782074120,SHORT,0.39,1782084902,,,,,2,,,,btc-updown-5m-1782084900,,,trades.db,early_reversion_v25_trades,,NO_C,BTC,1782084902,,,,,,,0
,BTC,True,Asia,,,,,,,,,,,,,,,,,,1782085207,118,913,118,hist:er_v25,,,LONG,0.35,,,,,2,,,,,,,BTC,1782085207,,,,,,,0,,,1782074437,LONG,0.35,1782085207,,,,,2,,,,btc-updown-5m-1782085200,,,trades.db,early_reversion_v25_trades,,YES_B,BTC,1782085207,,,,,,,0
,BTC,True,Asia,,,,,,,,,,,,,,,,,,1782085503,119,914,119,hist:er_v25,,,SHORT,0.35,,,,,2,,,,,,,BTC,1782085503,,,,,,,0,,,1782074727,SHORT,0.35,1782085503,,,,,2,,,,btc-updown-5m-1782085500,,,trades.db,early_reversion_v25_trades,,NO_C,BTC,1782085503,,,,,,,0
,BTC,True,Asia,,,,,,,,,,,,,,,,,,1782085807,120,915,120,hist:er_v25,,,SHORT,0.38,,,,,2,,,,,,,BTC,1782085807,,,,,,,0,,,1782075023,SHORT,0.38,1782085807,,,,,2,,,,btc-updown-5m-1782085800,,,trades.db,early_reversion_v25_trades,,NO_C,BTC,1782085807,,,,,,,0
,BTC,True,Asia,,,,,,,,,,,,,,,,,,1782086408,121,916,121,hist:er_v25,,,SHORT,0.38,,,,,3,,,,,,,BTC,1782086408,,,,,,,0,,,1782075624,SHORT,0.38,1782086408,,,,,3,,,,btc-updown-5m-1782086400,,,trades.db,early_reversion_v25_trades,,NO_C,BTC,1782086408,,,,,,,0
,BTC,True,Asia,,,,,,,,,,,,,,,,,,1782086710,122,917,122,hist:er_v25,,,SHORT,0.38,,,,,3,,,,,,,BTC,1782086710,,,,,,,0,,,1782075928,SHORT,0.38,1782086710,,,,,3,,,,btc-updown-5m-1782086700,,,trades.db,early_reversion_v25_trades,,NO_C,BTC,1782086710,,,,,,,0
,BTC,True,Asia,,,,,,,,,,,,,,,,,,1782087012,123,918,123,hist:er_v25,,,SHORT,0.4,,,,,3,,,,,,,BTC,1782087012,,,,,,,0,,,1782076254,SHORT,0.4,1782087012,,,,,3,,,,btc-updown-5m-1782087000,,,trades.db,early_reversion_v25_trades,,NO_C,BTC,1782087012,,,,,,,0
,BTC,True,Asia,,,,,,,,,,,,,,,,,,1782087028,124,919,124,hist:er_v25,,,LONG,0.33,,,,,3,,,,,,,BTC,1782087028,,,,,,,0,,,1782076245,LONG,0.33,1782087028,,,,,3,,,,btc-updown-5m-1782087000,,,trades.db,early_reversion_v25_trades,,YES_B,BTC,1782087028,,,,,,,0
,BTC,True,Asia,,,,,,,,,,,,,,,,,,1782087322,125,920,125,hist:er_v25,,,SHORT,0.4,,,,,3,,,,,,,BTC,1782087322,,,,,,,0,,,1782076546,SHORT,0.4,1782087322,,,,,3,,,,btc-updown-5m-1782087300,,,trades.db,early_reversion_v25_trades,,NO_C,BTC,1782087322,,,,,,,0
,BTC,True,Asia,,,,,,,,,,,,,,,,,,1782087907,126,921,126,hist:er_v25,,,LONG,0.34,,,,,3,,,,,,,BTC,1782087907,,,,,,,0,,,1782077123,LONG,0.34,1782087907,,,,,3,,,,btc-updown-5m-1782087900,,,trades.db,early_reversion_v25_trades,,YES_B,BTC,1782087907,,,,,,,0
,BTC,True,Asia,,,,,,,,,,,,,,,,,,1782088204,127,922,127,hist:er_v25,,,SHORT,0.36,,,,,3,,,,,,,BTC,1782088204,,,,,,,0,,,1782077430,SHORT,0.36,1782088204,,,,,3,,,,btc-updown-5m-1782088200,,,trades.db,early_reversion_v25_trades,,NO_C,BTC,1782088204,,,,,,,0
,BTC,True,Asia,,,,,,,,,,,,,,,,,,1782088506,128,923,128,hist:er_v25,,,SHORT,0.32,,,,,3,,,,,,,BTC,1782088506,,,,,,,0,,,1782077722,SHORT,0.32,1782088506,,,,,3,,,,btc-updown-5m-1782088500,,,trades.db,early_reversion_v25_trades,,NO_C,BTC,1782088506,,,,,,,0
,BTC,True,Asia,,,,,,,,,,,,,,,,,,1782088810,129,924,129,hist:er_v25,,,LONG,0.35,,,,,3,,,,,,,BTC,1782088810,,,,,,,0,,,1782078027,LONG,0.35,1782088810,,,,,3,,,,btc-updown-5m-1782088800,,,trades.db,early_reversion_v25_trades,,YES_B,BTC,1782088810,,,,,,,0
,BTC,True,Asia,,,,,,,,,,,,,,,,,,1782089414,130,925,130,hist:er_v25,,,LONG,0.32,,,,,3,,,,,,,BTC,1782089414,,,,,,,0,,,1782078630,LONG,0.32,1782089414,,,,,3,,,,btc-updown-5m-1782089400,,,trades.db,early_reversion_v25_trades,,YES_B,BTC,1782089414,,,,,,,0
,BTC,True,Asia,,,,,,,,,,,,,,,,,,1782090007,131,926,131,hist:er_v25,,,SHORT,0.37,,,,,4,,,,,,,BTC,1782090007,,,,,,,0,,,1782079223,SHORT,0.37,1782090007,,,,,4,,,,btc-updown-5m-1782090000,,,trades.db,early_reversion_v25_trades,,NO_C,BTC,1782090007,,,,,,,0
,BTC,True,Asia,,,,,,,,,,,,,,,,,,1782090910,132,927,132,hist:er_v25,,,SHORT,0.37,,,,,4,,,,,,,BTC,1782090910,,,,,,,0,,,1782080126,SHORT,0.37,1782090910,,,,,4,,,,btc-updown-5m-1782090900,,,trades.db,early_reversion_v25_trades,,NO_C,BTC,1782090910,,,,,,,0
,BTC,True,Asia,,,,,,,,,,,,,,,,,,1782091212,133,928,133,hist:er_v25,,,SHORT,0.37,,,,,4,,,,,,,BTC,1782091212,,,,,,,0,,,1782080428,SHORT,0.37,1782091212,,,,,4,,,,btc-updown-5m-1782091200,,,trades.db,early_reversion_v25_trades,,NO_C,BTC,1782091212,,,,,,,0
,BTC,True,Asia,,,,,,,,,,,,,,,,,,1782091505,134,929,134,hist:er_v25,,,SHORT,0.36,,,,,4,,,,,,,BTC,1782091505,,,,,,,0,,,1782080721,SHORT,0.36,1782091505,,,,,4,,,,btc-updown-5m-1782091500,,,trades.db,early_reversion_v25_trades,,NO_C,BTC,1782091505,,,,,,,0
,BTC,True,Asia,,,,,,,,,,,,,,,,,,1782091807,135,930,135,hist:er_v25,,,SHORT,0.4,,,,,4,,,,,,,BTC,1782091807,,,,,,,0,,,1782081037,SHORT,0.4,1782091807,,,,,4,,,,btc-updown-5m-1782091800,,,trades.db,early_reversion_v25_trades,,NO_C,BTC,1782091807,,,,,,,0
,BTC,True,Asia,,,,,,,,,,,,,,,,,,1782092109,136,931,136,hist:er_v25,,,SHORT,0.4,,,,,4,,,,,,,BTC,1782092109,,,,,,,0,,,1782081334,SHORT,0.4,1782092109,,,,,4,,,,btc-updown-5m-1782092100,,,trades.db,early_reversion_v25_trades,,NO_C,BTC,1782092109,,,,,,,0
,BTC,True,Asia,,,,,,,,,,,,,,,,,,1782092419,137,932,137,hist:er_v25,,,SHORT,0.38,,,,,4,,,,,,,BTC,1782092419,,,,,,,0,,,1782081635,SHORT,0.38,1782092419,,,,,4,,,,btc-updown-5m-1782092400,,,trades.db,early_reversion_v25_trades,,NO_C,BTC,1782092419,,,,,,,0
,BTC,True,Asia,,,,,,,,,,,,,,,,,,1782092712,138,933,138,hist:er_v25,,,SHORT,0.29,,,,,4,,,,,,,BTC,1782092712,,,,,,,0,,,1782081949,SHORT,0.29,1782092712,,,,,4,,,,btc-updown-5m-1782092700,,,trades.db,early_reversion_v25_trades,,NO_C,BTC,1782092712,,,,,,,0
,BTC,True,Asia,,,,,,,,,,,,,,,,,,1782093024,139,934,139,hist:er_v25,,,SHORT,0.4,,,,,4,,,,,,,BTC,1782093024,,,,,,,0,,,1782082245,SHORT,0.4,1782093024,,,,,4,,,,btc-updown-5m-1782093000,,,trades.db,early_reversion_v25_trades,,NO_C,BTC,1782093024,,,,,,,0
,BTC,True,Asia,,,,,,,,,,,,,,,,,,1782093607,140,935,140,hist:er_v25,,,SHORT,0.34,,,,,5,,,,,,,BTC,1782093607,,,,,,,0,,,1782082833,SHORT,0.34,1782093607,,,,,5,,,,btc-updown-5m-1782093600,,,trades.db,early_reversion_v25_trades,,NO_C,BTC,1782093607,,,,,,,0
,BTC,True,Asia,,,,,,,,,,,,,,,,,,1782094507,141,936,141,hist:er_v25,,,LONG,0.35,,,,,5,,,,,,,BTC,1782094507,,,,,,,0,,,1782083730,LONG,0.35,1782094507,,,,,5,,,,btc-updown-5m-1782094500,,,trades.db,early_reversion_v25_trades,,YES_B,BTC,1782094507,,,,,,,0
,BTC,True,Asia,,,,,,,,,,,,,,,,,,1782094823,142,937,142,hist:er_v25,,,LONG,0.32,,,,,5,,,,,,,BTC,1782094823,,,,,,,0,,,1782084039,LONG,0.32,1782094823,,,,,5,,,,btc-updown-5m-1782094800,,,trades.db,early_reversion_v25_trades,,YES_B,BTC,1782094823,,,,,,,0
,BTC,True,Asia,,,,,,,,,,,,,,,,,,1782095106,143,938,143,hist:er_v25,,,SHORT,0.4,,,,,5,,,,,,,BTC,1782095106,,,,,,,0,,,1782084338,SHORT,0.4,1782095106,,,,,5,,,,btc-updown-5m-1782095100,,,trades.db,early_reversion_v25_trades,,NO_C,BTC,1782095106,,,,,,,0
,BTC,True,Asia,,,,,,,,,,,,,,,,,,1782095727,144,939,144,hist:er_v25,,,LONG,0.35,,,,,5,,,,,,,BTC,1782095727,,,,,,,0,,,1782084943,LONG,0.35,1782095727,,,,,5,,,,btc-updown-5m-1782095700,,,trades.db,early_reversion_v25_trades,,YES_B,BTC,1782095727,,,,,,,0
,BTC,True,Asia,,,,,,,,,,,,,,,,,,1782096018,145,940,145,hist:er_v25,,,SHORT,0.4,,,,,5,,,,,,,BTC,1782096018,,,,,,,0,,,1782085234,SHORT,0.4,1782096018,,,,,5,,,,btc-updown-5m-1782096000,,,trades.db,early_reversion_v25_trades,,NO_C,BTC,1782096018,,,,,,,0
,BTC,True,Asia,,,,,,,,,,,,,,,,,,1782096623,146,941,146,hist:er_v25,,,LONG,0.28,,,,,5,,,,,,,BTC,1782096623,,,,,,,0,,,1782085839,LONG,0.28,1782096623,,,,,5,,,,btc-updown-5m-1782096600,,,trades.db,early_reversion_v25_trades,,YES_B,BTC,1782096623,,,,,,,0
,BTC,True,Asia,,,,,,,,,,,,,,,,,,1782096917,147,942,147,hist:er_v25,,,SHORT,0.36,,,,,5,,,,,,,BTC,1782096917,,,,,,,0,,,1782086133,SHORT,0.36,1782096917,,,,,5,,,,btc-updown-5m-1782096900,,,trades.db,early_reversion_v25_trades,,NO_C,BTC,1782096917,,,,,,,0
,BTC,True,Asia,,,,,,,,,,,,,,,,,,1782097222,148,943,148,hist:er_v25,,,LONG,0.35,,,,,6,,,,,,,BTC,1782097222,,,,,,,0,,,1782086439,LONG,0.35,1782097222,,,,,6,,,,btc-updown-5m-1782097200,,,trades.db,early_reversion_v25_trades,,YES_B,BTC,1782097222,,,,,,,0
,BTC,True,Asia,,,,,,,,,,,,,,,,,,1782097513,149,944,149,hist:er_v25,,,SHORT,0.4,,,,,6,,,,,,,BTC,1782097513,,,,,,,0,,,1782086729,SHORT,0.4,1782097513,,,,,6,,,,btc-updown-5m-1782097500,,,trades.db,early_reversion_v25_trades,,NO_C,BTC,1782097513,,,,,,,0
,BTC,True,Asia,,,,,,,,,,,,,,,,,,1782097810,150,945,150,hist:er_v25,,,LONG,0.35,,,,,6,,,,,,,BTC,1782097810,,,,,,,0,,,1782087026,LONG,0.35,1782097810,,,,,6,,,,btc-updown-5m-1782097800,,,trades.db,early_reversion_v25_trades,,YES_B,BTC,1782097810,,,,,,,0
,BTC,True,Asia,,,,,,,,,,,,,,,,,,1782098103,151,946,151,hist:er_v25,,,SHORT,0.36,,,,,6,,,,,,,BTC,1782098103,,,,,,,0,,,1782087320,SHORT,0.36,1782098103,,,,,6,,,,btc-updown-5m-1782098100,,,trades.db,early_reversion_v25_trades,,NO_C,BTC,1782098103,,,,,,,0
,BTC,True,Asia,,,,,,,,,,,,,,,,,,1782098703,152,947,152,hist:er_v25,,,SHORT,0.33,,,,,6,,,,,,,BTC,1782098703,,,,,,,0,,,1782087919,SHORT,0.33,1782098703,,,,,6,,,,btc-updown-5m-1782098700,,,trades.db,early_reversion_v25_trades,,NO_C,BTC,1782098703,,,,,,,0
,BTC,True,Asia,,,,,,,,,,,,,,,,,,1782099014,153,948,153,hist:er_v25,,,SHORT,0.4,,,,,6,,,,,,,BTC,1782099014,,,,,,,0,,,1782088230,SHORT,0.4,1782099014,,,,,6,,,,btc-updown-5m-1782099000,,,trades.db,early_reversion_v25_trades,,NO_C,BTC,1782099014,,,,,,,0
,BTC,True,Asia,,,,,,,,,,,,,,,,,,1782099616,154,949,154,hist:er_v25,,,SHORT,0.39,,,,,6,,,,,,,BTC,1782099616,,,,,,,0,,,1782088832,SHORT,0.39,1782099616,,,,,6,,,,btc-updown-5m-1782099600,,,trades.db,early_reversion_v25_trades,,NO_C,BTC,1782099616,,,,,,,0
,BTC,True,Asia,,,,,,,,,,,,,,,,,,1782099906,155,950,155,hist:er_v25,,,SHORT,0.36,,,,,6,,,,,,,BTC,1782099906,,,,,,,0,,,1782089156,SHORT,0.36,1782099906,,,,,6,,,,btc-updown-5m-1782099900,,,trades.db,early_reversion_v25_trades,,NO_C,BTC,1782099906,,,,,,,0
,BTC,True,Asia,,,,,,,,,,,,,,,,,,1782100202,156,951,156,hist:er_v25,,,SHORT,0.4,,,,,6,,,,,,,BTC,1782100202,,,,,,,0,,,1782089418,SHORT,0.4,1782100202,,,,,6,,,,btc-updown-5m-1782100200,,,trades.db,early_reversion_v25_trades,,NO_C,BTC,1782100202,,,,,,,0
,BTC,True,Asia,,,,,,,,,,,,,,,,,,1782100814,157,952,157,hist:er_v25,,,LONG,0.34,,,,,7,,,,,,,BTC,1782100814,,,,,,,0,,,1782090031,LONG,0.34,1782100814,,,,,7,,,,btc-updown-5m-1782100800,,,trades.db,early_reversion_v25_trades,,YES_B,BTC,1782100814,,,,,,,0
,BTC,True,Asia,,,,,,,,,,,,,,,,,,1782101125,158,953,158,hist:er_v25,,,LONG,0.29,,,,,7,,,,,,,BTC,1782101125,,,,,,,0,,,1782090341,LONG,0.29,1782101125,,,,,7,,,,btc-updown-5m-1782101100,,,trades.db,early_reversion_v25_trades,,YES_B,BTC,1782101125,,,,,,,0
,BTC,True,Asia,,,,,,,,,,,,,,,,,,1782102010,159,954,159,hist:er_v25,,,SHORT,0.39,,,,,7,,,,,,,BTC,1782102010,,,,,,,0,,,1782091226,SHORT,0.39,1782102010,,,,,7,,,,btc-updown-5m-1782102000,,,trades.db,early_reversion_v25_trades,,NO_C,BTC,1782102010,,,,,,,0
,BTC,True,Asia,,,,,,,,,,,,,,,,,,1782102305,160,955,160,hist:er_v25,,,LONG,0.35,,,,,7,,,,,,,BTC,1782102305,,,,,,,0,,,1782091522,LONG,0.35,1782102305,,,,,7,,,,btc-updown-5m-1782102300,,,trades.db,early_reversion_v25_trades,,YES_B,BTC,1782102305,,,,,,,0
,BTC,True,Asia,,,,,,,,,,,,,,,,,,1782102607,161,956,161,hist:er_v25,,,SHORT,0.35,,,,,7,,,,,,,BTC,1782102607,,,,,,,0,,,1782091828,SHORT,0.35,1782102607,,,,,7,,,,btc-updown-5m-1782102600,,,trades.db,early_reversion_v25_trades,,NO_C,BTC,1782102607,,,,,,,0
,BTC,True,Asia,,,,,,,,,,,,,,,,,,1782102910,162,957,162,hist:er_v25,,,SHORT,0.38,,,,,7,,,,,,,BTC,1782102910,,,,,,,0,,,1782092136,SHORT,0.38,1782102910,,,,,7,,,,btc-updown-5m-1782102900,,,trades.db,early_reversion_v25_trades,,NO_C,BTC,1782102910,,,,,,,0
,BTC,True,Asia,,,,,,,,,,,,,,,,,,1782103516,163,958,163,hist:er_v25,,,SHORT,0.39,,,,,7,,,,,,,BTC,1782103516,,,,,,,0,,,1782092733,SHORT,0.39,1782103516,,,,,7,,,,btc-updown-5m-1782103500,,,trades.db,early_reversion_v25_trades,,NO_C,BTC,1782103516,,,,,,,0
,BTC,True,London,,,,,,,,,,,,,,,,,,1782104710,164,959,164,hist:er_v25,,,SHORT,0.39,,,,,8,,,,,,,BTC,1782104710,,,,,,,0,,,1782093934,SHORT,0.39,1782104710,,,,,8,,,,btc-updown-5m-1782104700,,,trades.db,early_reversion_v25_trades,,NO_C,BTC,1782104710,,,,,,,0
,BTC,True,London,,,,,,,,,,,,,,,,,,1782105018,165,960,165,hist:er_v25,,,SHORT,0.39,,,,,8,,,,,,,BTC,1782105018,,,,,,,0,,,1782094234,SHORT,0.39,1782105018,,,,,8,,,,btc-updown-5m-1782105000,,,trades.db,early_reversion_v25_trades,,NO_C,BTC,1782105018,,,,,,,0
,BTC,True,London,,,,,,,,,,,,,,,,,,1782105324,166,961,166,hist:er_v25,,,LONG,0.3,,,,,8,,,,,,,BTC,1782105324,,,,,,,0,,,1782094541,LONG,0.3,1782105324,,,,,8,,,,btc-updown-5m-1782105300,,,trades.db,early_reversion_v25_trades,,YES_B,BTC,1782105324,,,,,,,0
,BTC,True,London,,,,,,,,,,,,,,,,,,1782105616,167,962,167,hist:er_v25,,,LONG,0.34,,,,,8,,,,,,,BTC,1782105616,,,,,,,0,,,1782094835,LONG,0.34,1782105616,,,,,8,,,,btc-updown-5m-1782105600,,,trades.db,early_reversion_v25_trades,,YES_B,BTC,1782105616,,,,,,,0
,BTC,True,London,,,,,,,,,,,,,,,,,,1782105909,168,963,168,hist:er_v25,,,LONG,0.34,,,,,8,,,,,,,BTC,1782105909,,,,,,,0,,,1782095126,LONG,0.34,1782105909,,,,,8,,,,btc-updown-5m-1782105900,,,trades.db,early_reversion_v25_trades,,YES_B,BTC,1782105909,,,,,,,0
,BTC,True,London,,,,,,,,,,,,,,,,,,1782106223,169,964,169,hist:er_v25,,,LONG,0.35,,,,,8,,,,,,,BTC,1782106223,,,,,,,0,,,1782095438,LONG,0.35,1782106223,,,,,8,,,,btc-updown-5m-1782106200,,,trades.db,early_reversion_v25_trades,,YES_B,BTC,1782106223,,,,,,,0
,BTC,True,London,,,,,,,,,,,,,,,,,,1782106516,170,965,170,hist:er_v25,,,LONG,0.34,,,,,8,,,,,,,BTC,1782106516,,,,,,,0,,,1782095735,LONG,0.34,1782106516,,,,,8,,,,btc-updown-5m-1782106500,,,trades.db,early_reversion_v25_trades,,YES_B,BTC,1782106516,,,,,,,0
,BTC,True,London,,,,,,,,,,,,,,,,,,1782106824,171,966,171,hist:er_v25,,,SHORT,0.39,,,,,8,,,,,,,BTC,1782106824,,,,,,,0,,,1782096039,SHORT,0.39,1782106824,,,,,8,,,,btc-updown-5m-1782106800,,,trades.db,early_reversion_v25_trades,,NO_C,BTC,1782106824,,,,,,,0
,BTC,True,London,,,,,,,,,,,,,,,,,,1782107407,172,967,172,hist:er_v25,,,LONG,0.33,,,,,8,,,,,,,BTC,1782107407,,,,,,,0,,,1782096623,LONG,0.33,1782107407,,,,,8,,,,btc-updown-5m-1782107400,,,trades.db,early_reversion_v25_trades,,YES_B,BTC,1782107407,,,,,,,0
,BTC,True,London,,,,,,,,,,,,,,,,,,1782108005,173,968,173,hist:er_v25,,,SHORT,0.31,,,,,9,,,,,,,BTC,1782108005,,,,,,,0,,,1782097222,SHORT,0.31,1782108005,,,,,9,,,,btc-updown-5m-1782108000,,,trades.db,early_reversion_v25_trades,,NO_C,BTC,1782108005,,,,,,,0
,BTC,True,London,,,,,,,,,,,,,,,,,,1782108626,174,969,174,hist:er_v25,,,LONG,0.35,,,,,9,,,,,,,BTC,1782108626,,,,,,,0,,,1782097842,LONG,0.35,1782108626,,,,,9,,,,btc-updown-5m-1782108600,,,trades.db,early_reversion_v25_trades,,YES_B,BTC,1782108626,,,,,,,0
,BTC,True,London,,,,,,,,,,,,,,,,,,1782110111,175,970,175,hist:er_v25,,,LONG,0.34,,,,,9,,,,,,,BTC,1782110111,,,,,,,0,,,1782099327,LONG,0.34,1782110111,,,,,9,,,,btc-updown-5m-1782110100,,,trades.db,early_reversion_v25_trades,,YES_B,BTC,1782110111,,,,,,,0
,BTC,True,London,,,,,,,,,,,,,,,,,,1782110710,176,971,176,hist:er_v25,,,SHORT,0.37,,,,,9,,,,,,,BTC,1782110710,,,,,,,0,,,1782099929,SHORT,0.37,1782110710,,,,,9,,,,btc-updown-5m-1782110700,,,trades.db,early_reversion_v25_trades,,NO_C,BTC,1782110710,,,,,,,0
,BTC,True,London,,,,,,,,,,,,,,,,,,1782111605,177,972,177,hist:er_v25,,,SHORT,0.39,,,,,10,,,,,,,BTC,1782111605,,,,,,,0,,,1782100820,SHORT,0.39,1782111605,,,,,10,,,,btc-updown-5m-1782111600,,,trades.db,early_reversion_v25_trades,,NO_C,BTC,1782111605,,,,,,,0
,BTC,True,London,,,,,,,,,,,,,,,,,,1782111627,178,973,178,hist:er_v25,,,LONG,0.35,,,,,10,,,,,,,BTC,1782111627,,,,,,,0,,,1782100842,LONG,0.35,1782111627,,,,,10,,,,btc-updown-5m-1782111600,,,trades.db,early_reversion_v25_trades,,YES_B,BTC,1782111627,,,,,,,0
,BTC,True,London,,,,,,,,,,,,,,,,,,1782111903,179,974,179,hist:er_v25,,,LONG,0.35,,,,,10,,,,,,,BTC,1782111903,,,,,,,0,,,1782101120,LONG,0.35,1782111903,,,,,10,,,,btc-updown-5m-1782111900,,,trades.db,early_reversion_v25_trades,,YES_B,BTC,1782111903,,,,,,,0
,BTC,True,London,,,,,,,,,,,,,,,,,,1782113122,180,975,180,hist:er_v25,,,SHORT,0.4,,,,,10,,,,,,,BTC,1782113122,,,,,,,0,,,1782102349,SHORT,0.4,1782113122,,,,,10,,,,btc-updown-5m-1782113100,,,trades.db,early_reversion_v25_trades,,NO_C,BTC,1782113122,,,,,,,0
,BTC,True,London,,,,,,,,,,,,,,,,,,1782113407,181,976,181,hist:er_v25,,,SHORT,0.35,,,,,10,,,,,,,BTC,1782113407,,,,,,,0,,,1782102624,SHORT,0.35,1782113407,,,,,10,,,,btc-updown-5m-1782113400,,,trades.db,early_reversion_v25_trades,,NO_C,BTC,1782113407,,,,,,,0
,BTC,True,London,,,,,,,,,,,,,,,,,,1782115204,182,977,182,hist:er_v25,,,SHORT,0.33,,,,,11,,,,,,,BTC,1782115204,,,,,,,0,,,1782104420,SHORT,0.33,1782115204,,,,,11,,,,btc-updown-5m-1782115200,,,trades.db,early_reversion_v25_trades,,NO_C,BTC,1782115204,,,,,,,0
,BTC,True,London,,,,,,,,,,,,,,,,,,1782116411,183,978,183,hist:er_v25,,,SHORT,0.39,,,,,11,,,,,,,BTC,1782116411,,,,,,,0,,,1782105627,SHORT,0.39,1782116411,,,,,11,,,,btc-updown-5m-1782116400,,,trades.db,early_reversion_v25_trades,,NO_C,BTC,1782116411,,,,,,,0
,BTC,True,London,,,,,,,,,,,,,,,,,,1782117923,184,979,184,hist:er_v25,,,SHORT,0.4,,,,,11,,,,,,,BTC,1782117923,,,,,,,0,,,1782107138,SHORT,0.4,1782117923,,,,,11,,,,btc-updown-5m-1782117900,,,trades.db,early_reversion_v25_trades,,NO_C,BTC,1782117923,,,,,,,0
,BTC,True,London,,,,,,,,,,,,,,,,,,1782118504,185,980,185,hist:er_v25,,,SHORT,0.37,,,,,11,,,,,,,BTC,1782118504,,,,,,,0,,,1782107725,SHORT,0.37,1782118504,,,,,11,,,,btc-updown-5m-1782118500,,,trades.db,early_reversion_v25_trades,,NO_C,BTC,1782118504,,,,,,,0
,BTC,True,London,,,,,,,,,,,,,,,,,,1782119404,186,981,186,hist:er_v25,,,SHORT,0.4,,,,,12,,,,,,,BTC,1782119404,,,,,,,0,,,1782108621,SHORT,0.4,1782119404,,,,,12,,,,btc-updown-5m-1782119400,,,trades.db,early_reversion_v25_trades,,NO_C,BTC,1782119404,,,,,,,0
,BTC,True,London,,,,,,,,,,,,,,,,,,1782121208,187,982,187,hist:er_v25,,,SHORT,0.4,,,,,12,,,,,,,BTC,1782121208,,,,,,,0,,,1782110428,SHORT,0.4,1782121208,,,,,12,,,,btc-updown-5m-1782121200,,,trades.db,early_reversion_v25_trades,,NO_C,BTC,1782121208,,,,,,,0
,BTC,True,NewYork,,,,,,,,,,,,,,,,,,1782123916,188,983,188,hist:er_v25,,,SHORT,0.39,,,,,13,,,,,,,BTC,1782123916,,,,,,,0,,,1782113136,SHORT,0.39,1782123916,,,,,13,,,,btc-updown-5m-1782123900,,,trades.db,early_reversion_v25_trades,,NO_C,BTC,1782123916,,,,,,,0
,BTC,True,NewYork,,,,,,,,,,,,,,,,,,1782125105,189,984,189,hist:er_v25,,,SHORT,0.27,,,,,13,,,,,,,BTC,1782125105,,,,,,,0,,,1782114320,SHORT,0.27,1782125105,,,,,13,,,,btc-updown-5m-1782125100,,,trades.db,early_reversion_v25_trades,,NO_C,BTC,1782125105,,,,,,,0
,BTC,True,NewYork,,,,,,,,,,,,,,,,,,1782125410,190,985,190,hist:er_v25,,,SHORT,0.37,,,,,13,,,,,,,BTC,1782125410,,,,,,,0,,,1782114625,SHORT,0.37,1782125410,,,,,13,,,,btc-updown-5m-1782125400,,,trades.db,early_reversion_v25_trades,,NO_C,BTC,1782125410,,,,,,,0
,BTC,True,NewYork,,,,,,,,,,,,,,,,,,1782126305,191,986,191,hist:er_v25,,,SHORT,0.28,,,,,14,,,,,,,BTC,1782126305,,,,,,,0,,,1782115522,SHORT,0.28,1782126305,,,,,14,,,,btc-updown-5m-1782126300,,,trades.db,early_reversion_v25_trades,,NO_C,BTC,1782126305,,,,,,,0
,BTC,True,NewYork,,,,,,,,,,,,,,,,,,1782129605,192,987,192,hist:er_v25,,,SHORT,0.35,,,,,15,,,,,,,BTC,1782129605,,,,,,,0,,,1782118842,SHORT,0.35,1782129605,,,,,15,,,,btc-updown-5m-1782129600,,,trades.db,early_reversion_v25_trades,,NO_C,BTC,1782129605,,,,,,,0
,BTC,True,NewYork,,,,,,,,,,,,,,,,,,1782131105,193,988,193,hist:er_v25,,,SHORT,0.4,,,,,15,,,,,,,BTC,1782131105,,,,,,,0,,,1782120320,SHORT,0.4,1782131105,,,,,15,,,,btc-updown-5m-1782131100,,,trades.db,early_reversion_v25_trades,,NO_C,BTC,1782131105,,,,,,,0
,BTC,True,NewYork,,,,,,,,,,,,,,,,,,1782131708,194,989,194,hist:er_v25,,,SHORT,0.35,,,,,15,,,,,,,BTC,1782131708,,,,,,,0,,,1782120945,SHORT,0.35,1782131708,,,,,15,,,,btc-updown-5m-1782131700,,,trades.db,early_reversion_v25_trades,,NO_C,BTC,1782131708,,,,,,,0
,BTC,True,NewYork,,,,,,,,,,,,,,,,,,1782132027,195,990,195,hist:er_v25,,,SHORT,0.4,,,,,15,,,,,,,BTC,1782132027,,,,,,,0,,,1782121242,SHORT,0.4,1782132027,,,,,15,,,,btc-updown-5m-1782132000,,,trades.db,early_reversion_v25_trades,,NO_C,BTC,1782132027,,,,,,,0
,BTC,True,NewYork,,,,,,,,,,,,,,,,,,1782133821,196,991,196,hist:er_v25,,,SHORT,0.38,,,,,16,,,,,,,BTC,1782133821,,,,,,,0,,,1782123036,SHORT,0.38,1782133821,,,,,16,,,,btc-updown-5m-1782133800,,,trades.db,early_reversion_v25_trades,,NO_C,BTC,1782133821,,,,,,,0
,BTC,True,NewYork,,,,,,,,,,,,,,,,,,1782135010,197,992,197,hist:er_v25,,,SHORT,0.4,,,,,16,,,,,,,BTC,1782135010,,,,,,,0,,,1782124225,SHORT,0.4,1782135010,,,,,16,,,,btc-updown-5m-1782135000,,,trades.db,early_reversion_v25_trades,,NO_C,BTC,1782135010,,,,,,,0
,BTC,True,NewYork,,,,,,,,,,,,,,,,,,1782135306,198,993,198,hist:er_v25,,,SHORT,0.4,,,,,16,,,,,,,BTC,1782135306,,,,,,,0,,,1782124521,SHORT,0.4,1782135306,,,,,16,,,,btc-updown-5m-1782135300,,,trades.db,early_reversion_v25_trades,,NO_C,BTC,1782135306,,,,,,,0
,BTC,True,NewYork,,,,,,,,,,,,,,,,,,1782136222,199,994,199,hist:er_v25,,,SHORT,0.4,,,,,16,,,,,,,BTC,1782136222,,,,,,,0,,,1782125439,SHORT,0.4,1782136222,,,,,16,,,,btc-updown-5m-1782136200,,,trades.db,early_reversion_v25_trades,,NO_C,BTC,1782136222,,,,,,,0
,BTC,True,NewYork,,,,,,,,,,,,,,,,,,1782136817,200,995,200,hist:er_v25,,,SHORT,0.37,,,,,17,,,,,,,BTC,1782136817,,,,,,,0,,,1782126036,SHORT,0.37,1782136817,,,,,17,,,,btc-updown-5m-1782136800,,,trades.db,early_reversion_v25_trades,,NO_C,BTC,1782136817,,,,,,,0
,BTC,True,NewYork,,,,,,,,,,,,,,,,,,1782137405,201,996,201,hist:er_v25,,,SHORT,0.38,,,,,17,,,,,,,BTC,1782137405,,,,,,,0,,,1782126621,SHORT,0.38,1782137405,,,,,17,,,,btc-updown-5m-1782137400,,,trades.db,early_reversion_v25_trades,,NO_C,BTC,1782137405,,,,,,,0
,BTC,True,NewYork,,,,,,,,,,,,,,,,,,1782138309,202,997,202,hist:er_v25,,,SHORT,0.35,,,,,17,,,,,,,BTC,1782138309,,,,,,,0,,,1782127534,SHORT,0.35,1782138309,,,,,17,,,,btc-updown-5m-1782138300,,,trades.db,early_reversion_v25_trades,,NO_C,BTC,1782138309,,,,,,,0
,BTC,True,NewYork,,,,,,,,,,,,,,,,,,1782139520,203,998,203,hist:er_v25,,,SHORT,0.34,,,,,17,,,,,,,BTC,1782139520,,,,,,,0,,,1782128738,SHORT,0.34,1782139520,,,,,17,,,,btc-updown-5m-1782139500,,,trades.db,early_reversion_v25_trades,,NO_C,BTC,1782139520,,,,,,,0
,BTC,True,NewYork,,,,,,,,,,,,,,,,,,1782140408,204,999,204,hist:er_v25,,,SHORT,0.4,,,,,18,,,,,,,BTC,1782140408,,,,,,,0,,,1782129628,SHORT,0.4,1782140408,,,,,18,,,,btc-updown-5m-1782140400,,,trades.db,early_reversion_v25_trades,,NO_C,BTC,1782140408,,,,,,,0
,BTC,True,NewYork,,,,,,,,,,,,,,,,,,1782143419,205,1000,205,hist:er_v25,,,SHORT,0.39,,,,,18,,,,,,,BTC,1782143419,,,,,,,0,,,1782132650,SHORT,0.39,1782143419,,,,,18,,,,btc-updown-5m-1782143400,,,trades.db,early_reversion_v25_trades,,NO_C,BTC,1782143419,,,,,,,0
,BTC,True,NewYork,,,,,,,,,,,,,,,,,,1782144004,206,1001,206,hist:er_v25,,,SHORT,0.38,,,,,19,,,,,,,BTC,1782144004,,,,,,,0,,,1782133231,SHORT,0.38,1782144004,,,,,19,,,,btc-updown-5m-1782144000,,,trades.db,early_reversion_v25_trades,,NO_C,BTC,1782144004,,,,,,,0
,BTC,True,NewYork,,,,,,,,,,,,,,,,,,1782144615,207,1002,207,hist:er_v25,,,SHORT,0.3,,,,,19,,,,,,,BTC,1782144615,,,,,,,0,,,1782133832,SHORT,0.3,1782144615,,,,,19,,,,btc-updown-5m-1782144600,,,trades.db,early_reversion_v25_trades,,NO_C,BTC,1782144615,,,,,,,0
,BTC,True,NewYork,,,,,,,,,,,,,,,,,,1782144910,208,1003,208,hist:er_v25,,,SHORT,0.39,,,,,19,,,,,,,BTC,1782144910,,,,,,,0,,,1782134137,SHORT,0.39,1782144910,,,,,19,,,,btc-updown-5m-1782144900,,,trades.db,early_reversion_v25_trades,,NO_C,BTC,1782144910,,,,,,,0
,BTC,True,NewYork,,,,,,,,,,,,,,,,,,1782145210,209,1004,209,hist:er_v25,,,SHORT,0.37,,,,,19,,,,,,,BTC,1782145210,,,,,,,0,,,1782134430,SHORT,0.37,1782145210,,,,,19,,,,btc-updown-5m-1782145200,,,trades.db,early_reversion_v25_trades,,NO_C,BTC,1782145210,,,,,,,0
,BTC,True,NewYork,,,,,,,,,,,,,,,,,,1782147010,210,1005,210,hist:er_v25,,,SHORT,0.4,,,,,19,,,,,,,BTC,1782147010,,,,,,,0,,,1782136231,SHORT,0.4,1782147010,,,,,19,,,,btc-updown-5m-1782147000,,,trades.db,early_reversion_v25_trades,,NO_C,BTC,1782147010,,,,,,,0
,BTC,True,NewYork,,,,,,,,,,,,,,,,,,1782148523,211,1006,211,hist:er_v25,,,SHORT,0.37,,,,,20,,,,,,,BTC,1782148523,,,,,,,0,,,1782137738,SHORT,0.37,1782148523,,,,,20,,,,btc-updown-5m-1782148500,,,trades.db,early_reversion_v25_trades,,NO_C,BTC,1782148523,,,,,,,0
,BTC,True,NewYork,,,,,,,,,,,,,,,,,,1782148805,212,1007,212,hist:er_v25,,,SHORT,0.38,,,,,20,,,,,,,BTC,1782148805,,,,,,,0,,,1782138037,SHORT,0.38,1782148805,,,,,20,,,,btc-updown-5m-1782148800,,,trades.db,early_reversion_v25_trades,,NO_C,BTC,1782148805,,,,,,,0
,BTC,True,NewYork,,,,,,,,,,,,,,,,,,1782150325,213,1008,213,hist:er_v25,,,SHORT,0.4,,,,,20,,,,,,,BTC,1782150325,,,,,,,0,,,1782139540,SHORT,0.4,1782150325,,,,,20,,,,btc-updown-5m-1782150300,,,trades.db,early_reversion_v25_trades,,NO_C,BTC,1782150325,,,,,,,0
,BTC,True,NewYork,,,,,,,,,,,,,,,,,,1782150619,214,1009,214,hist:er_v25,,,SHORT,0.34,,,,,20,,,,,,,BTC,1782150619,,,,,,,0,,,1782139837,SHORT,0.34,1782150619,,,,,20,,,,btc-updown-5m-1782150600,,,trades.db,early_reversion_v25_trades,,NO_C,BTC,1782150619,,,,,,,0
,BTC,True,Offhours,,,,,,,,,,,,,,,,,,1782151209,215,1010,215,hist:er_v25,,,SHORT,0.4,,,,,21,,,,,,,BTC,1782151209,,,,,,,0,,,1782140425,SHORT,0.4,1782151209,,,,,21,,,,btc-updown-5m-1782151200,,,trades.db,early_reversion_v25_trades,,NO_C,BTC,1782151209,,,,,,,0
,BTC,True,Offhours,,,,,,,,,,,,,,,,,,1782152103,216,1011,216,hist:er_v25,,,SHORT,0.39,,,,,21,,,,,,,BTC,1782152103,,,,,,,0,,,1782141320,SHORT,0.39,1782152103,,,,,21,,,,btc-updown-5m-1782152100,,,trades.db,early_reversion_v25_trades,,NO_C,BTC,1782152103,,,,,,,0
,BTC,True,Offhours,,,,,,,,,,,,,,,,,,1782152421,217,1012,217,hist:er_v25,,,SHORT,0.36,,,,,21,,,,,,,BTC,1782152421,,,,,,,0,,,1782141642,SHORT,0.36,1782152421,,,,,21,,,,btc-updown-5m-1782152400,,,trades.db,early_reversion_v25_trades,,NO_C,BTC,1782152421,,,,,,,0
,BTC,True,Offhours,,,,,,,,,,,,,,,,,,1782154818,218,1013,218,hist:er_v25,,,SHORT,0.38,,,,,22,,,,,,,BTC,1782154818,,,,,,,0,,,1782144034,SHORT,0.38,1782154818,,,,,22,,,,btc-updown-5m-1782154800,,,trades.db,early_reversion_v25_trades,,NO_C,BTC,1782154818,,,,,,,0
,BTC,True,Offhours,,,,,,,,,,,,,,,,,,1782155115,219,1014,219,hist:er_v25,,,SHORT,0.32,,,,,22,,,,,,,BTC,1782155115,,,,,,,0,,,1782144351,SHORT,0.32,1782155115,,,,,22,,,,btc-updown-5m-1782155100,,,trades.db,early_reversion_v25_trades,,NO_C,BTC,1782155115,,,,,,,0
,BTC,True,Offhours,,,,,,,,,,,,,,,,,,1782156008,220,1015,220,hist:er_v25,,,SHORT,0.37,,,,,22,,,,,,,BTC,1782156008,,,,,,,0,,,1782145224,SHORT,0.37,1782156008,,,,,22,,,,btc-updown-5m-1782156000,,,trades.db,early_reversion_v25_trades,,NO_C,BTC,1782156008,,,,,,,0
,BTC,True,Offhours,,,,,,,,,,,,,,,,,,1782156602,221,1016,221,hist:er_v25,,,SHORT,0.35,,,,,22,,,,,,,BTC,1782156602,,,,,,,0,,,1782145827,SHORT,0.35,1782156602,,,,,22,,,,btc-updown-5m-1782156600,,,trades.db,early_reversion_v25_trades,,NO_C,BTC,1782156602,,,,,,,0
,M1,True,NewYork,,,,,,,,,,,,,,,,,,1781954649,307,1017,307,hist:er_v1,,,LONG,0.38,,,,,14,,,,,,,M1,1781954649,,,,,,,5,,,1781954649,LONG,0.38,1781954649,,,,,14,,,,m1,,,trades.db,early_reversion_trades,,YES_C,M1,1781954649,,,,,,,5
,M2,True,NewYork,,,,,,,,,,,,,,,,,,1781954649,308,1018,308,hist:er_v1,,,SHORT,0.38,,,,,14,,,,,,,M2,1781954649,,,,,,,5,,,1781954649,SHORT,0.38,1781954649,,,,,14,,,,m2,,,trades.db,early_reversion_trades,,NO_C,M2,1781954649,,,,,,,5
,BTC,True,NewYork,,,,,,,,,,,,,,,,,,1781965517,309,1019,309,hist:er_v1,,,LONG,0.4,,,,,17,,,,,,,BTC,1781965517,,,,,,,5,,,1781954773,LONG,0.4,1781965517,,,,,17,,,,btc-updown-5m-1781965500,,,trades.db,early_reversion_trades,,YES_C,BTC,1781965517,,,,,,,5
,BTC,True,NewYork,,,,,,,,,,,,,,,,,,1781965803,310,1020,310,hist:er_v1,,,LONG,0.39,,,,,17,,,,,,,BTC,1781965803,,,,,,,5,,,1781955006,LONG,0.39,1781965803,,,,,17,,,,btc-updown-5m-1781965800,,,trades.db,early_reversion_trades,,YES_C,BTC,1781965803,,,,,,,5
,BTC,True,NewYork,,,,,,,,,,,,,,,,,,1781966128,311,1021,311,hist:er_v1,,,SHORT,0.4,,,,,17,,,,,,,BTC,1781966128,,,,,,,5,,,1781955574,SHORT,0.4,1781966128,,,,,17,,,,btc-updown-5m-1781966100,,,trades.db,early_reversion_trades,,NO_C,BTC,1781966128,,,,,,,5
,BTC,True,NewYork,,,,,,,,,,,,,,,,,,1781966710,312,1022,312,hist:er_v1,,,LONG,0.39,,,,,17,,,,,,,BTC,1781966710,,,,,,,5,,,1781955922,LONG,0.39,1781966710,,,,,17,,,,btc-updown-5m-1781966700,,,trades.db,early_reversion_trades,,YES_C,BTC,1781966710,,,,,,,5
,BTC,True,NewYork,,,,,,,,,,,,,,,,,,1781966729,313,1023,313,hist:er_v1,,,SHORT,0.29,,,,,17,,,,,,,BTC,1781966729,,,,,,,5,,,1781955929,SHORT,0.29,1781966729,,,,,17,,,,btc-updown-5m-1781966700,,,trades.db,early_reversion_trades,,NO_A,BTC,1781966729,,,,,,,5
,BTC,True,NewYork,,,,,,,,,,,,,,,,,,1781966729,314,1024,314,hist:er_v1,,,SHORT,0.29,,,,,17,,,,,,,BTC,1781966729,,,,,,,5,,,1781956200,SHORT,0.29,1781966729,,,,,17,,,,btc-updown-5m-1781966700,,,trades.db,early_reversion_trades,,NO_B,BTC,1781966729,,,,,,,5
,BTC,True,NewYork,,,,,,,,,,,,,,,,,,1781966729,315,1025,315,hist:er_v1,,,SHORT,0.29,,,,,17,,,,,,,BTC,1781966729,,,,,,,5,,,1781956200,SHORT,0.29,1781966729,,,,,17,,,,btc-updown-5m-1781966700,,,trades.db,early_reversion_trades,,NO_C,BTC,1781966729,,,,,,,5
,BTC,True,NewYork,,,,,,,,,,,,,,,,,,1781967007,316,1026,316,hist:er_v1,,,LONG,0.37,,,,,17,,,,,,,BTC,1781967007,,,,,,,5,,,1781956271,LONG,0.37,1781967007,,,,,17,,,,btc-updown-5m-1781967000,,,trades.db,early_reversion_trades,,YES_C,BTC,1781967007,,,,,,,5
,BTC,True,NewYork,,,,,,,,,,,,,,,,,,1781967009,317,1027,317,hist:er_v1,,,LONG,0.28,,,,,17,,,,,,,BTC,1781967009,,,,,,,5,,,1781956271,LONG,0.28,1781967009,,,,,17,,,,btc-updown-5m-1781967000,,,trades.db,early_reversion_trades,,YES_B,BTC,1781967009,,,,,,,5
,BTC,True,NewYork,,,,,,,,,,,,,,,,,,1781967010,318,1028,318,hist:er_v1,,,LONG,0.27,,,,,17,,,,,,,BTC,1781967010,,,,,,,5,,,1781956269,LONG,0.27,1781967010,,,,,17,,,,btc-updown-5m-1781967000,,,trades.db,early_reversion_trades,,YES_A,BTC,1781967010,,,,,,,5
,BTC,True,NewYork,,,,,,,,,,,,,,,,,,1781967316,319,1029,319,hist:er_v1,,,SHORT,0.4,,,,,17,,,,,,,BTC,1781967316,,,,,,,5,,,1781956571,SHORT,0.4,1781967316,,,,,17,,,,btc-updown-5m-1781967300,,,trades.db,early_reversion_trades,,NO_C,BTC,1781967316,,,,,,,5
,BTC,True,NewYork,,,,,,,,,,,,,,,,,,1781967320,320,1030,320,hist:er_v1,,,SHORT,0.3,,,,,17,,,,,,,BTC,1781967320,,,,,,,5,,,1781956525,SHORT,0.3,1781967320,,,,,17,,,,btc-updown-5m-1781967300,,,trades.db,early_reversion_trades,,NO_A,BTC,1781967320,,,,,,,5
,BTC,True,NewYork,,,,,,,,,,,,,,,,,,1781967320,321,1031,321,hist:er_v1,,,SHORT,0.3,,,,,17,,,,,,,BTC,1781967320,,,,,,,5,,,1781956533,SHORT,0.3,1781967320,,,,,17,,,,btc-updown-5m-1781967300,,,trades.db,early_reversion_trades,,NO_B,BTC,1781967320,,,,,,,5
,BTC,True,NewYork,,,,,,,,,,,,,,,,,,1781967620,322,1032,322,hist:er_v1,,,LONG,0.4,,,,,18,,,,,,,BTC,1781967620,,,,,,,5,,,1781957017,LONG,0.4,1781967620,,,,,18,,,,btc-updown-5m-1781967600,,,trades.db,early_reversion_trades,,YES_C,BTC,1781967620,,,,,,,5
,BTC,True,NewYork,,,,,,,,,,,,,,,,,,1781967626,323,1033,323,hist:er_v1,,,LONG,0.34,,,,,18,,,,,,,BTC,1781967626,,,,,,,5,,,1781956848,LONG,0.34,1781967626,,,,,18,,,,btc-updown-5m-1781967600,,,trades.db,early_reversion_trades,,YES_B,BTC,1781967626,,,,,,,5
,BTC,True,NewYork,,,,,,,,,,,,,,,,,,1781967628,324,1034,324,hist:er_v1,,,LONG,0.3,,,,,18,,,,,,,BTC,1781967628,,,,,,,5,,,1781956837,LONG,0.3,1781967628,,,,,18,,,,btc-updown-5m-1781967600,,,trades.db,early_reversion_trades,,YES_A,BTC,1781967628,,,,,,,5
,BTC,True,NewYork,,,,,,,,,,,,,,,,,,1781967902,325,1035,325,hist:er_v1,,,LONG,0.39,,,,,18,,,,,,,BTC,1781967902,,,,,,,5,,,1781957401,LONG,0.39,1781967902,,,,,18,,,,btc-updown-5m-1781967900,,,trades.db,early_reversion_trades,,YES_C,BTC,1781967902,,,,,,,5
,BTC,True,NewYork,,,,,,,,,,,,,,,,,,1781967909,326,1036,326,hist:er_v1,,,LONG,0.33,,,,,18,,,,,,,BTC,1781967909,,,,,,,5,,,1781957125,LONG,0.33,1781967909,,,,,18,,,,btc-updown-5m-1781967900,,,trades.db,early_reversion_trades,,YES_B,BTC,1781967909,,,,,,,5
,BTC,True,NewYork,,,,,,,,,,,,,,,,,,1781968818,327,1037,327,hist:er_v1,,,SHORT,0.38,,,,,18,,,,,,,BTC,1781968818,,,,,,,5,,,1781958082,SHORT,0.38,1781968818,,,,,18,,,,btc-updown-5m-1781968800,,,trades.db,early_reversion_trades,,NO_C,BTC,1781968818,,,,,,,5
,BTC,True,NewYork,,,,,,,,,,,,,,,,,,1781968819,328,1038,328,hist:er_v1,,,SHORT,0.35,,,,,18,,,,,,,BTC,1781968819,,,,,,,5,,,1781958072,SHORT,0.35,1781968819,,,,,18,,,,btc-updown-5m-1781968800,,,trades.db,early_reversion_trades,,NO_B,BTC,1781968819,,,,,,,5
,BTC,True,NewYork,,,,,,,,,,,,,,,,,,1781968823,329,1039,329,hist:er_v1,,,SHORT,0.29,,,,,18,,,,,,,BTC,1781968823,,,,,,,5,,,1781958060,SHORT,0.29,1781968823,,,,,18,,,,btc-updown-5m-1781968800,,,trades.db,early_reversion_trades,,NO_A,BTC,1781968823,,,,,,,5
,BTC,True,NewYork,,,,,,,,,,,,,,,,,,1781969109,330,1040,330,hist:er_v1,,,LONG,0.39,,,,,18,,,,,,,BTC,1781969109,,,,,,,5,,,1781958313,LONG,0.39,1781969109,,,,,18,,,,btc-updown-5m-1781969100,,,trades.db,early_reversion_trades,,YES_C,BTC,1781969109,,,,,,,5
,BTC,True,NewYork,,,,,,,,,,,,,,,,,,1781969128,331,1041,331,hist:er_v1,,,LONG,0.35,,,,,18,,,,,,,BTC,1781969128,,,,,,,5,,,1781958329,LONG,0.35,1781969128,,,,,18,,,,btc-updown-5m-1781969100,,,trades.db,early_reversion_trades,,YES_B,BTC,1781969128,,,,,,,5
,BTC,True,NewYork,,,,,,,,,,,,,,,,,,1781969416,332,1042,332,hist:er_v1,,,LONG,0.4,,,,,18,,,,,,,BTC,1781969416,,,,,,,5,,,1781958838,LONG,0.4,1781969416,,,,,18,,,,btc-updown-5m-1781969400,,,trades.db,early_reversion_trades,,YES_C,BTC,1781969416,,,,,,,5
,BTC,True,NewYork,,,,,,,,,,,,,,,,,,1781969714,333,1043,333,hist:er_v1,,,LONG,0.35,,,,,18,,,,,,,BTC,1781969714,,,,,,,5,,,1781958961,LONG,0.35,1781969714,,,,,18,,,,btc-updown-5m-1781969700,,,trades.db,early_reversion_trades,,YES_B,BTC,1781969714,,,,,,,5
,BTC,True,NewYork,,,,,,,,,,,,,,,,,,1781969714,334,1044,334,hist:er_v1,,,LONG,0.35,,,,,18,,,,,,,BTC,1781969714,,,,,,,5,,,1781959023,LONG,0.35,1781969714,,,,,18,,,,btc-updown-5m-1781969700,,,trades.db,early_reversion_trades,,YES_C,BTC,1781969714,,,,,,,5
,BTC,True,NewYork,,,,,,,,,,,,,,,,,,1781969729,335,1045,335,hist:er_v1,,,LONG,0.3,,,,,18,,,,,,,BTC,1781969729,,,,,,,5,,,1781958958,LONG,0.3,1781969729,,,,,18,,,,btc-updown-5m-1781969700,,,trades.db,early_reversion_trades,,YES_A,BTC,1781969729,,,,,,,5
,BTC,True,NewYork,,,,,,,,,,,,,,,,,,1781970011,336,1046,336,hist:er_v1,,,LONG,0.38,,,,,18,,,,,,,BTC,1781970011,,,,,,,5,,,1781959286,LONG,0.38,1781970011,,,,,18,,,,btc-updown-5m-1781970000,,,trades.db,early_reversion_trades,,YES_C,BTC,1781970011,,,,,,,5
,BTC,True,NewYork,,,,,,,,,,,,,,,,,,1781970015,337,1047,337,hist:er_v1,,,LONG,0.35,,,,,18,,,,,,,BTC,1781970015,,,,,,,5,,,1781959263,LONG,0.35,1781970015,,,,,18,,,,btc-updown-5m-1781970000,,,trades.db,early_reversion_trades,,YES_B,BTC,1781970015,,,,,,,5
,BTC,True,NewYork,,,,,,,,,,,,,,,,,,1781970020,338,1048,338,hist:er_v1,,,LONG,0.29,,,,,18,,,,,,,BTC,1781970020,,,,,,,5,,,1781959233,LONG,0.29,1781970020,,,,,18,,,,btc-updown-5m-1781970000,,,trades.db,early_reversion_trades,,YES_A,BTC,1781970020,,,,,,,5
,BTC,True,NewYork,,,,,,,,,,,,,,,,,,1781970306,339,1049,339,hist:er_v1,,,SHORT,0.37,,,,,18,,,,,,,BTC,1781970306,,,,,,,5,,,1781959800,SHORT,0.37,1781970306,,,,,18,,,,btc-updown-5m-1781970300,,,trades.db,early_reversion_trades,,NO_C,BTC,1781970306,,,,,,,5
,BTC,True,NewYork,,,,,,,,,,,,,,,,,,1781970317,340,1050,340,hist:er_v1,,,SHORT,0.28,,,,,18,,,,,,,BTC,1781970317,,,,,,,5,,,1781959549,SHORT,0.28,1781970317,,,,,18,,,,btc-updown-5m-1781970300,,,trades.db,early_reversion_trades,,NO_A,BTC,1781970317,,,,,,,5
,BTC,True,NewYork,,,,,,,,,,,,,,,,,,1781970317,341,1051,341,hist:er_v1,,,SHORT,0.28,,,,,18,,,,,,,BTC,1781970317,,,,,,,5,,,1781959800,SHORT,0.28,1781970317,,,,,18,,,,btc-updown-5m-1781970300,,,trades.db,early_reversion_trades,,NO_B,BTC,1781970317,,,,,,,5
,BTC,True,NewYork,,,,,,,,,,,,,,,,,,1781971214,342,1052,342,hist:er_v1,,,LONG,0.38,,,,,19,,,,,,,BTC,1781971214,,,,,,,5,,,1781960701,LONG,0.38,1781971214,,,,,19,,,,btc-updown-5m-1781971200,,,trades.db,early_reversion_trades,,YES_C,BTC,1781971214,,,,,,,5
,BTC,True,NewYork,,,,,,,,,,,,,,,,,,1781971217,343,1053,343,hist:er_v1,,,LONG,0.33,,,,,19,,,,,,,BTC,1781971217,,,,,,,5,,,1781960701,LONG,0.33,1781971217,,,,,19,,,,btc-updown-5m-1781971200,,,trades.db,early_reversion_trades,,YES_B,BTC,1781971217,,,,,,,5
,BTC,True,NewYork,,,,,,,,,,,,,,,,,,1781971221,344,1054,344,hist:er_v1,,,LONG,0.17,,,,,19,,,,,,,BTC,1781971221,,,,,,,5,,,1781960701,LONG,0.17,1781971221,,,,,19,,,,btc-updown-5m-1781971200,,,trades.db,early_reversion_trades,,YES_A,BTC,1781971221,,,,,,,5
,BTC,True,NewYork,,,,,,,,,,,,,,,,,,1781971517,345,1055,345,hist:er_v1,,,LONG,0.4,,,,,19,,,,,,,BTC,1781971517,,,,,,,5,,,1781960721,LONG,0.4,1781971517,,,,,19,,,,btc-updown-5m-1781971500,,,trades.db,early_reversion_trades,,YES_C,BTC,1781971517,,,,,,,5
,BTC,True,NewYork,,,,,,,,,,,,,,,,,,1781971808,346,1056,346,hist:er_v1,,,LONG,0.4,,,,,19,,,,,,,BTC,1781971808,,,,,,,5,,,1781961020,LONG,0.4,1781971808,,,,,19,,,,btc-updown-5m-1781971800,,,trades.db,early_reversion_trades,,YES_C,BTC,1781971808,,,,,,,5
,BTC,True,NewYork,,,,,,,,,,,,,,,,,,1781971815,347,1057,347,hist:er_v1,,,LONG,0.35,,,,,19,,,,,,,BTC,1781971815,,,,,,,5,,,1781961019,LONG,0.35,1781971815,,,,,19,,,,btc-updown-5m-1781971800,,,trades.db,early_reversion_trades,,YES_B,BTC,1781971815,,,,,,,5
,BTC,True,NewYork,,,,,,,,,,,,,,,,,,1781972109,348,1058,348,hist:er_v1,,,SHORT,0.39,,,,,19,,,,,,,BTC,1781972109,,,,,,,5,,,1781961360,SHORT,0.39,1781972109,,,,,19,,,,btc-updown-5m-1781972100,,,trades.db,early_reversion_trades,,NO_C,BTC,1781972109,,,,,,,5
,BTC,True,NewYork,,,,,,,,,,,,,,,,,,1781972111,349,1059,349,hist:er_v1,,,SHORT,0.29,,,,,19,,,,,,,BTC,1781972111,,,,,,,5,,,1781961359,SHORT,0.29,1781972111,,,,,19,,,,btc-updown-5m-1781972100,,,trades.db,early_reversion_trades,,NO_A,BTC,1781972111,,,,,,,5
,BTC,True,NewYork,,,,,,,,,,,,,,,,,,1781972111,350,1060,350,hist:er_v1,,,SHORT,0.29,,,,,19,,,,,,,BTC,1781972111,,,,,,,5,,,1781961359,SHORT,0.29,1781972111,,,,,19,,,,btc-updown-5m-1781972100,,,trades.db,early_reversion_trades,,NO_B,BTC,1781972111,,,,,,,5
,BTC,True,NewYork,,,,,,,,,,,,,,,,,,1781973316,351,1061,351,hist:er_v1,,,SHORT,0.4,,,,,19,,,,,,,BTC,1781973316,,,,,,,5,,,1781962546,SHORT,0.4,1781973316,,,,,19,,,,btc-updown-5m-1781973300,,,trades.db,early_reversion_trades,,NO_C,BTC,1781973316,,,,,,,5
,BTC,True,NewYork,,,,,,,,,,,,,,,,,,1781973612,352,1062,352,hist:er_v1,,,LONG,0.4,,,,,19,,,,,,,BTC,1781973612,,,,,,,5,,,1781963100,LONG,0.4,1781973612,,,,,19,,,,btc-updown-5m-1781973600,,,trades.db,early_reversion_trades,,YES_C,BTC,1781973612,,,,,,,5
,BTC,True,NewYork,,,,,,,,,,,,,,,,,,1781974507,353,1063,353,hist:er_v1,,,LONG,0.36,,,,,19,,,,,,,BTC,1781974507,,,,,,,5,,,1781963937,LONG,0.36,1781974507,,,,,19,,,,btc-updown-5m-1781974500,,,trades.db,early_reversion_trades,,YES_C,BTC,1781974507,,,,,,,5
,BTC,True,NewYork,,,,,,,,,,,,,,,,,,1781974519,354,1064,354,hist:er_v1,,,LONG,0.32,,,,,19,,,,,,,BTC,1781974519,,,,,,,5,,,1781963730,LONG,0.32,1781974519,,,,,19,,,,btc-updown-5m-1781974500,,,trades.db,early_reversion_trades,,YES_B,BTC,1781974519,,,,,,,5
,BTC,True,NewYork,,,,,,,,,,,,,,,,,,1781974803,355,1065,355,hist:er_v1,,,LONG,0.39,,,,,20,,,,,,,BTC,1781974803,,,,,,,5,,,1781964302,LONG,0.39,1781974803,,,,,20,,,,btc-updown-5m-1781974800,,,trades.db,early_reversion_trades,,YES_C,BTC,1781974803,,,,,,,5
,BTC,True,NewYork,,,,,,,,,,,,,,,,,,1781974809,356,1066,356,hist:er_v1,,,LONG,0.32,,,,,20,,,,,,,BTC,1781974809,,,,,,,5,,,1781964302,LONG,0.32,1781974809,,,,,20,,,,btc-updown-5m-1781974800,,,trades.db,early_reversion_trades,,YES_B,BTC,1781974809,,,,,,,5
,BTC,True,NewYork,,,,,,,,,,,,,,,,,,1781974810,357,1067,357,hist:er_v1,,,LONG,0.28,,,,,20,,,,,,,BTC,1781974810,,,,,,,5,,,1781964302,LONG,0.28,1781974810,,,,,20,,,,btc-updown-5m-1781974800,,,trades.db,early_reversion_trades,,YES_A,BTC,1781974810,,,,,,,5
,BTC,True,NewYork,,,,,,,,,,,,,,,,,,1781975107,358,1068,358,hist:er_v1,,,LONG,0.4,,,,,20,,,,,,,BTC,1781975107,,,,,,,5,,,1781964507,LONG,0.4,1781975107,,,,,20,,,,btc-updown-5m-1781975100,,,trades.db,early_reversion_trades,,YES_C,BTC,1781975107,,,,,,,5
,BTC,True,NewYork,,,,,,,,,,,,,,,,,,1781975715,359,1069,359,hist:er_v1,,,LONG,0.39,,,,,20,,,,,,,BTC,1781975715,,,,,,,5,,,1781965095,LONG,0.39,1781975715,,,,,20,,,,btc-updown-5m-1781975700,,,trades.db,early_reversion_trades,,YES_C,BTC,1781975715,,,,,,,5
,BTC,True,NewYork,,,,,,,,,,,,,,,,,,1781975717,360,1070,360,hist:er_v1,,,LONG,0.29,,,,,20,,,,,,,BTC,1781975717,,,,,,,5,,,1781964949,LONG,0.29,1781975717,,,,,20,,,,btc-updown-5m-1781975700,,,trades.db,early_reversion_trades,,YES_B,BTC,1781975717,,,,,,,5
,BTC,True,NewYork,,,,,,,,,,,,,,,,,,1781975718,361,1071,361,hist:er_v1,,,LONG,0.29,,,,,20,,,,,,,BTC,1781975718,,,,,,,5,,,1781964935,LONG,0.29,1781975718,,,,,20,,,,btc-updown-5m-1781975700,,,trades.db,early_reversion_trades,,YES_A,BTC,1781975718,,,,,,,5
,BTC,True,NewYork,,,,,,,,,,,,,,,,,,1781976027,362,1072,362,hist:er_v1,,,LONG,0.4,,,,,20,,,,,,,BTC,1781976027,,,,,,,5,,,1781965255,LONG,0.4,1781976027,,,,,20,,,,btc-updown-5m-1781976000,,,trades.db,early_reversion_trades,,YES_C,BTC,1781976027,,,,,,,5
,BTC,True,NewYork,,,,,,,,,,,,,,,,,,1781976308,363,1073,363,hist:er_v1,,,LONG,0.39,,,,,20,,,,,,,BTC,1781976308,,,,,,,5,,,1781965519,LONG,0.39,1781976308,,,,,20,,,,btc-updown-5m-1781976300,,,trades.db,early_reversion_trades,,YES_C,BTC,1781976308,,,,,,,5
,BTC,True,NewYork,,,,,,,,,,,,,,,,,,1781976619,364,1074,364,hist:er_v1,,,LONG,0.4,,,,,20,,,,,,,BTC,1781976619,,,,,,,5,,,1781965870,LONG,0.4,1781976619,,,,,20,,,,btc-updown-5m-1781976600,,,trades.db,early_reversion_trades,,YES_C,BTC,1781976619,,,,,,,5
,BTC,True,NewYork,,,,,,,,,,,,,,,,,,1781976627,365,1075,365,hist:er_v1,,,LONG,0.33,,,,,20,,,,,,,BTC,1781976627,,,,,,,5,,,1781965870,LONG,0.33,1781976627,,,,,20,,,,btc-updown-5m-1781976600,,,trades.db,early_reversion_trades,,YES_B,BTC,1781976627,,,,,,,5
,BTC,True,NewYork,,,,,,,,,,,,,,,,,,1781976914,366,1076,366,hist:er_v1,,,LONG,0.21,,,,,20,,,,,,,BTC,1781976914,,,,,,,5,,,1781966114,LONG,0.21,1781976914,,,,,20,,,,btc-updown-5m-1781976900,,,trades.db,early_reversion_trades,,YES_A,BTC,1781976914,,,,,,,5
,BTC,True,NewYork,,,,,,,,,,,,,,,,,,1781976914,367,1077,367,hist:er_v1,,,LONG,0.21,,,,,20,,,,,,,BTC,1781976914,,,,,,,5,,,1781966114,LONG,0.21,1781976914,,,,,20,,,,btc-updown-5m-1781976900,,,trades.db,early_reversion_trades,,YES_B,BTC,1781976914,,,,,,,5
,BTC,True,NewYork,,,,,,,,,,,,,,,,,,1781976914,368,1078,368,hist:er_v1,,,LONG,0.21,,,,,20,,,,,,,BTC,1781976914,,,,,,,5,,,1781966400,LONG,0.21,1781976914,,,,,20,,,,btc-updown-5m-1781976900,,,trades.db,early_reversion_trades,,YES_C,BTC,1781976914,,,,,,,5
,BTC,True,NewYork,,,,,,,,,,,,,,,,,,1781977524,369,1079,369,hist:er_v1,,,LONG,0.31,,,,,20,,,,,,,BTC,1781977524,,,,,,,5,,,1781966842,LONG,0.31,1781977524,,,,,20,,,,btc-updown-5m-1781977500,,,trades.db,early_reversion_trades,,YES_B,BTC,1781977524,,,,,,,5
,BTC,True,NewYork,,,,,,,,,,,,,,,,,,1781977524,370,1080,370,hist:er_v1,,,LONG,0.31,,,,,20,,,,,,,BTC,1781977524,,,,,,,5,,,1781966844,LONG,0.31,1781977524,,,,,20,,,,btc-updown-5m-1781977500,,,trades.db,early_reversion_trades,,YES_C,BTC,1781977524,,,,,,,5
,BTC,True,NewYork,,,,,,,,,,,,,,,,,,1781978103,371,1081,371,hist:er_v1,,,SHORT,0.34,,,,,20,,,,,,,BTC,1781978103,,,,,,,5,,,1781967433,SHORT,0.34,1781978103,,,,,20,,,,btc-updown-5m-1781978100,,,trades.db,early_reversion_trades,,NO_B,BTC,1781978103,,,,,,,5
,BTC,True,NewYork,,,,,,,,,,,,,,,,,,1781978103,372,1082,372,hist:er_v1,,,SHORT,0.34,,,,,20,,,,,,,BTC,1781978103,,,,,,,5,,,1781967437,SHORT,0.34,1781978103,,,,,20,,,,btc-updown-5m-1781978100,,,trades.db,early_reversion_trades,,NO_C,BTC,1781978103,,,,,,,5
,BTC,True,Offhours,,,,,,,,,,,,,,,,,,1781978404,373,1083,373,hist:er_v1,,,SHORT,0.39,,,,,21,,,,,,,BTC,1781978404,,,,,,,5,,,1781967607,SHORT,0.39,1781978404,,,,,21,,,,btc-updown-5m-1781978400,,,trades.db,early_reversion_trades,,NO_C,BTC,1781978404,,,,,,,5
,BTC,True,Offhours,,,,,,,,,,,,,,,,,,1781978422,374,1084,374,hist:er_v1,,,SHORT,0.35,,,,,21,,,,,,,BTC,1781978422,,,,,,,5,,,1781967629,SHORT,0.35,1781978422,,,,,21,,,,btc-updown-5m-1781978400,,,trades.db,early_reversion_trades,,NO_B,BTC,1781978422,,,,,,,5
,BTC,True,Offhours,,,,,,,,,,,,,,,,,,1781979004,375,1085,375,hist:er_v1,,,SHORT,0.35,,,,,21,,,,,,,BTC,1781979004,,,,,,,5,,,1781968455,SHORT,0.35,1781979004,,,,,21,,,,btc-updown-5m-1781979000,,,trades.db,early_reversion_trades,,NO_B,BTC,1781979004,,,,,,,5
,BTC,True,Offhours,,,,,,,,,,,,,,,,,,1781979004,376,1086,376,hist:er_v1,,,SHORT,0.35,,,,,21,,,,,,,BTC,1781979004,,,,,,,5,,,1781968455,SHORT,0.35,1781979004,,,,,21,,,,btc-updown-5m-1781979000,,,trades.db,early_reversion_trades,,NO_C,BTC,1781979004,,,,,,,5
,BTC,True,Offhours,,,,,,,,,,,,,,,,,,1781979008,377,1087,377,hist:er_v1,,,SHORT,0.3,,,,,21,,,,,,,BTC,1781979008,,,,,,,5,,,1781968350,SHORT,0.3,1781979008,,,,,21,,,,btc-updown-5m-1781979000,,,trades.db,early_reversion_trades,,NO_A,BTC,1781979008,,,,,,,5
,BTC,True,Offhours,,,,,,,,,,,,,,,,,,1781979307,378,1088,378,hist:er_v1,,,SHORT,0.4,,,,,21,,,,,,,BTC,1781979307,,,,,,,5,,,1781968800,SHORT,0.4,1781979307,,,,,21,,,,btc-updown-5m-1781979300,,,trades.db,early_reversion_trades,,NO_C,BTC,1781979307,,,,,,,5
,BTC,True,Offhours,,,,,,,,,,,,,,,,,,1781979310,379,1089,379,hist:er_v1,,,SHORT,0.33,,,,,21,,,,,,,BTC,1781979310,,,,,,,5,,,1781968800,SHORT,0.33,1781979310,,,,,21,,,,btc-updown-5m-1781979300,,,trades.db,early_reversion_trades,,NO_B,BTC,1781979310,,,,,,,5
,BTC,True,Offhours,,,,,,,,,,,,,,,,,,1781980206,380,1090,380,hist:er_v1,,,SHORT,0.32,,,,,21,,,,,,,BTC,1781980206,,,,,,,5,,,1781969429,SHORT,0.32,1781980206,,,,,21,,,,btc-updown-5m-1781980200,,,trades.db,early_reversion_trades,,NO_C,BTC,1781980206,,,,,,,5
,BTC,True,Offhours,,,,,,,,,,,,,,,,,,1781980206,381,1091,381,hist:er_v1,,,SHORT,0.32,,,,,21,,,,,,,BTC,1781980206,,,,,,,5,,,1781969421,SHORT,0.32,1781980206,,,,,21,,,,btc-updown-5m-1781980200,,,trades.db,early_reversion_trades,,NO_B,BTC,1781980206,,,,,,,5
,BTC,True,Offhours,,,,,,,,,,,,,,,,,,1781980503,382,1092,382,hist:er_v1,,,LONG,0.36,,,,,21,,,,,,,BTC,1781980503,,,,,,,5,,,1781969799,LONG,0.36,1781980503,,,,,21,,,,btc-updown-5m-1781980500,,,trades.db,early_reversion_trades,,YES_C,BTC,1781980503,,,,,,,5
,BTC,True,Offhours,,,,,,,,,,,,,,,,,,1781980518,383,1093,383,hist:er_v1,,,LONG,0.34,,,,,21,,,,,,,BTC,1781980518,,,,,,,5,,,1781969791,LONG,0.34,1781980518,,,,,21,,,,btc-updown-5m-1781980500,,,trades.db,early_reversion_trades,,YES_B,BTC,1781980518,,,,,,,5
,BTC,True,Offhours,,,,,,,,,,,,,,,,,,1781980805,384,1094,384,hist:er_v1,,,LONG,0.4,,,,,21,,,,,,,BTC,1781980805,,,,,,,5,,,1781970302,LONG,0.4,1781980805,,,,,21,,,,btc-updown-5m-1781980800,,,trades.db,early_reversion_trades,,YES_C,BTC,1781980805,,,,,,,5
,BTC,True,Offhours,,,,,,,,,,,,,,,,,,1781980812,385,1095,385,hist:er_v1,,,LONG,0.31,,,,,21,,,,,,,BTC,1781980812,,,,,,,5,,,1781970302,LONG,0.31,1781980812,,,,,21,,,,btc-updown-5m-1781980800,,,trades.db,early_reversion_trades,,YES_B,BTC,1781980812,,,,,,,5
,BTC,True,Offhours,,,,,,,,,,,,,,,,,,1781980827,386,1096,386,hist:er_v1,,,LONG,0.25,,,,,21,,,,,,,BTC,1781980827,,,,,,,5,,,1781970096,LONG,0.25,1781980827,,,,,21,,,,btc-updown-5m-1781980800,,,trades.db,early_reversion_trades,,YES_A,BTC,1781980827,,,,,,,5
,BTC,True,Offhours,,,,,,,,,,,,,,,,,,1781981112,387,1097,387,hist:er_v1,,,SHORT,0.4,,,,,21,,,,,,,BTC,1781981112,,,,,,,5,,,1781970504,SHORT,0.4,1781981112,,,,,21,,,,btc-updown-5m-1781981100,,,trades.db,early_reversion_trades,,NO_C,BTC,1781981112,,,,,,,5
,BTC,True,Offhours,,,,,,,,,,,,,,,,,,1781982003,388,1098,388,hist:er_v1,,,LONG,0.38,,,,,22,,,,,,,BTC,1781982003,,,,,,,5,,,1781971231,LONG,0.38,1781982003,,,,,22,,,,btc-updown-5m-1781982000,,,trades.db,early_reversion_trades,,YES_C,BTC,1781982003,,,,,,,5
,BTC,True,Offhours,,,,,,,,,,,,,,,,,,1781982305,389,1099,389,hist:er_v1,,,LONG,0.37,,,,,22,,,,,,,BTC,1781982305,,,,,,,5,,,1781971517,LONG,0.37,1781982305,,,,,22,,,,btc-updown-5m-1781982300,,,trades.db,early_reversion_trades,,YES_C,BTC,1781982305,,,,,,,5
,BTC,True,Offhours,,,,,,,,,,,,,,,,,,1781982308,390,1100,390,hist:er_v1,,,LONG,0.35,,,,,22,,,,,,,BTC,1781982308,,,,,,,5,,,1781971513,LONG,0.35,1781982308,,,,,22,,,,btc-updown-5m-1781982300,,,trades.db,early_reversion_trades,,YES_B,BTC,1781982308,,,,,,,5
,BTC,True,Offhours,,,,,,,,,,,,,,,,,,1781982617,391,1101,391,hist:er_v1,,,SHORT,0.4,,,,,22,,,,,,,BTC,1781982617,,,,,,,5,,,1781971831,SHORT,0.4,1781982617,,,,,22,,,,btc-updown-5m-1781982600,,,trades.db,early_reversion_trades,,NO_C,BTC,1781982617,,,,,,,5
,BTC,True,Offhours,,,,,,,,,,,,,,,,,,1781982904,392,1102,392,hist:er_v1,,,SHORT,0.36,,,,,22,,,,,,,BTC,1781982904,,,,,,,5,,,1781972115,SHORT,0.36,1781982904,,,,,22,,,,btc-updown-5m-1781982900,,,trades.db,early_reversion_trades,,NO_C,BTC,1781982904,,,,,,,5
,BTC,True,Offhours,,,,,,,,,,,,,,,,,,1781983227,393,1103,393,hist:er_v1,,,SHORT,0.34,,,,,22,,,,,,,BTC,1781983227,,,,,,,5,,,1781972461,SHORT,0.34,1781983227,,,,,22,,,,btc-updown-5m-1781983200,,,trades.db,early_reversion_trades,,NO_B,BTC,1781983227,,,,,,,5
,BTC,True,Offhours,,,,,,,,,,,,,,,,,,1781983227,394,1104,394,hist:er_v1,,,SHORT,0.34,,,,,22,,,,,,,BTC,1781983227,,,,,,,5,,,1781972473,SHORT,0.34,1781983227,,,,,22,,,,btc-updown-5m-1781983200,,,trades.db,early_reversion_trades,,NO_C,BTC,1781983227,,,,,,,5
,BTC,True,Offhours,,,,,,,,,,,,,,,,,,1781983512,395,1105,395,hist:er_v1,,,LONG,0.4,,,,,22,,,,,,,BTC,1781983512,,,,,,,5,,,1781972723,LONG,0.4,1781983512,,,,,22,,,,btc-updown-5m-1781983500,,,trades.db,early_reversion_trades,,YES_C,BTC,1781983512,,,,,,,5
,BTC,True,Offhours,,,,,,,,,,,,,,,,,,1781983526,396,1106,396,hist:er_v1,,,SHORT,0.35,,,,,22,,,,,,,BTC,1781983526,,,,,,,5,,,1781972734,SHORT,0.35,1781983526,,,,,22,,,,btc-updown-5m-1781983500,,,trades.db,early_reversion_trades,,NO_C,BTC,1781983526,,,,,,,5
,BTC,True,Offhours,,,,,,,,,,,,,,,,,,1781983528,397,1107,397,hist:er_v1,,,SHORT,0.32,,,,,22,,,,,,,BTC,1781983528,,,,,,,5,,,1781972732,SHORT,0.32,1781983528,,,,,22,,,,btc-updown-5m-1781983500,,,trades.db,early_reversion_trades,,NO_B,BTC,1781983528,,,,,,,5
,BTC,True,Offhours,,,,,,,,,,,,,,,,,,1781983823,398,1108,398,hist:er_v1,,,LONG,0.35,,,,,22,,,,,,,BTC,1781983823,,,,,,,5,,,1781973041,LONG,0.35,1781983823,,,,,22,,,,btc-updown-5m-1781983800,,,trades.db,early_reversion_trades,,YES_B,BTC,1781983823,,,,,,,5
,BTC,True,Offhours,,,,,,,,,,,,,,,,,,1781983823,399,1109,399,hist:er_v1,,,LONG,0.35,,,,,22,,,,,,,BTC,1781983823,,,,,,,5,,,1781973041,LONG,0.35,1781983823,,,,,22,,,,btc-updown-5m-1781983800,,,trades.db,early_reversion_trades,,YES_C,BTC,1781983823,,,,,,,5
,BTC,True,Offhours,,,,,,,,,,,,,,,,,,1781983824,400,1110,400,hist:er_v1,,,LONG,0.29,,,,,22,,,,,,,BTC,1781983824,,,,,,,5,,,1781973038,LONG,0.29,1781983824,,,,,22,,,,btc-updown-5m-1781983800,,,trades.db,early_reversion_trades,,YES_A,BTC,1781983824,,,,,,,5
,BTC,True,Offhours,,,,,,,,,,,,,,,,,,1781984110,401,1111,401,hist:er_v1,,,LONG,0.36,,,,,22,,,,,,,BTC,1781984110,,,,,,,5,,,1781973317,LONG,0.36,1781984110,,,,,22,,,,btc-updown-5m-1781984100,,,trades.db,early_reversion_trades,,YES_C,BTC,1781984110,,,,,,,5
,BTC,True,Offhours,,,,,,,,,,,,,,,,,,1781984706,402,1112,402,hist:er_v1,,,SHORT,0.39,,,,,22,,,,,,,BTC,1781984706,,,,,,,5,,,1781973939,SHORT,0.39,1781984706,,,,,22,,,,btc-updown-5m-1781984700,,,trades.db,early_reversion_trades,,NO_C,BTC,1781984706,,,,,,,5
,BTC,True,Offhours,,,,,,,,,,,,,,,,,,1781985313,403,1113,403,hist:er_v1,,,LONG,0.38,,,,,22,,,,,,,BTC,1781985313,,,,,,,5,,,1781974538,LONG,0.38,1781985313,,,,,22,,,,btc-updown-5m-1781985300,,,trades.db,early_reversion_trades,,YES_C,BTC,1781985313,,,,,,,5
,BTC,True,Offhours,,,,,,,,,,,,,,,,,,1781985629,404,1114,404,hist:er_v1,,,SHORT,0.34,,,,,23,,,,,,,BTC,1781985629,,,,,,,5,,,1781974834,SHORT,0.34,1781985629,,,,,23,,,,btc-updown-5m-1781985600,,,trades.db,early_reversion_trades,,NO_B,BTC,1781985629,,,,,,,5
,BTC,True,Offhours,,,,,,,,,,,,,,,,,,1781985629,405,1115,405,hist:er_v1,,,SHORT,0.34,,,,,23,,,,,,,BTC,1781985629,,,,,,,5,,,1781974839,SHORT,0.34,1781985629,,,,,23,,,,btc-updown-5m-1781985600,,,trades.db,early_reversion_trades,,NO_C,BTC,1781985629,,,,,,,5
,BTC,True,Offhours,,,,,,,,,,,,,,,,,,1781986224,406,1116,406,hist:er_v1,,,SHORT,0.36,,,,,23,,,,,,,BTC,1781986224,,,,,,,5,,,1781975702,SHORT,0.36,1781986224,,,,,23,,,,btc-updown-5m-1781986200,,,trades.db,early_reversion_trades,,NO_C,BTC,1781986224,,,,,,,5
,BTC,True,Offhours,,,,,,,,,,,,,,,,,,1781986228,407,1117,407,hist:er_v1,,,SHORT,0.33,,,,,23,,,,,,,BTC,1781986228,,,,,,,5,,,1781975467,SHORT,0.33,1781986228,,,,,23,,,,btc-updown-5m-1781986200,,,trades.db,early_reversion_trades,,NO_B,BTC,1781986228,,,,,,,5
,BTC,True,Offhours,,,,,,,,,,,,,,,,,,1781986503,408,1118,408,hist:er_v1,,,LONG,0.39,,,,,23,,,,,,,BTC,1781986503,,,,,,,5,,,1781975764,LONG,0.39,1781986503,,,,,23,,,,btc-updown-5m-1781986500,,,trades.db,early_reversion_trades,,YES_C,BTC,1781986503,,,,,,,5
,BTC,True,Offhours,,,,,,,,,,,,,,,,,,1781986515,409,1119,409,hist:er_v1,,,LONG,0.26,,,,,23,,,,,,,BTC,1781986515,,,,,,,5,,,1781975753,LONG,0.26,1781986515,,,,,23,,,,btc-updown-5m-1781986500,,,trades.db,early_reversion_trades,,YES_B,BTC,1781986515,,,,,,,5
,BTC,True,Offhours,,,,,,,,,,,,,,,,,,1781986515,410,1120,410,hist:er_v1,,,LONG,0.26,,,,,23,,,,,,,BTC,1781986515,,,,,,,5,,,1781975740,LONG,0.26,1781986515,,,,,23,,,,btc-updown-5m-1781986500,,,trades.db,early_reversion_trades,,YES_A,BTC,1781986515,,,,,,,5
,BTC,True,Offhours,,,,,,,,,,,,,,,,,,1781986818,411,1121,411,hist:er_v1,,,LONG,0.34,,,,,23,,,,,,,BTC,1781986818,,,,,,,5,,,1781976300,LONG,0.34,1781986818,,,,,23,,,,btc-updown-5m-1781986800,,,trades.db,early_reversion_trades,,YES_B,BTC,1781986818,,,,,,,5
,BTC,True,Offhours,,,,,,,,,,,,,,,,,,1781986818,412,1122,412,hist:er_v1,,,LONG,0.34,,,,,23,,,,,,,BTC,1781986818,,,,,,,5,,,1781976300,LONG,0.34,1781986818,,,,,23,,,,btc-updown-5m-1781986800,,,trades.db,early_reversion_trades,,YES_C,BTC,1781986818,,,,,,,5
,BTC,True,Offhours,,,,,,,,,,,,,,,,,,1781986822,413,1123,413,hist:er_v1,,,LONG,0.3,,,,,23,,,,,,,BTC,1781986822,,,,,,,5,,,1781976075,LONG,0.3,1781986822,,,,,23,,,,btc-updown-5m-1781986800,,,trades.db,early_reversion_trades,,YES_A,BTC,1781986822,,,,,,,5
,BTC,True,Offhours,,,,,,,,,,,,,,,,,,1781987421,414,1124,414,hist:er_v1,,,SHORT,0.32,,,,,23,,,,,,,BTC,1781987421,,,,,,,5,,,1781976632,SHORT,0.32,1781987421,,,,,23,,,,btc-updown-5m-1781987400,,,trades.db,early_reversion_trades,,NO_B,BTC,1781987421,,,,,,,5
,BTC,True,Offhours,,,,,,,,,,,,,,,,,,1781987421,415,1125,415,hist:er_v1,,,SHORT,0.32,,,,,23,,,,,,,BTC,1781987421,,,,,,,5,,,1781976632,SHORT,0.32,1781987421,,,,,23,,,,btc-updown-5m-1781987400,,,trades.db,early_reversion_trades,,NO_C,BTC,1781987421,,,,,,,5
,BTC,True,Offhours,,,,,,,,,,,,,,,,,,1781987425,416,1126,416,hist:er_v1,,,SHORT,0.3,,,,,23,,,,,,,BTC,1781987425,,,,,,,5,,,1781976632,SHORT,0.3,1781987425,,,,,23,,,,btc-updown-5m-1781987400,,,trades.db,early_reversion_trades,,NO_A,BTC,1781987425,,,,,,,5
,BTC,True,Offhours,,,,,,,,,,,,,,,,,,1781988002,417,1127,417,hist:er_v1,,,LONG,0.37,,,,,23,,,,,,,BTC,1781988002,,,,,,,5,,,1781977329,LONG,0.37,1781988002,,,,,23,,,,btc-updown-5m-1781988000,,,trades.db,early_reversion_trades,,YES_C,BTC,1781988002,,,,,,,5
,BTC,True,Offhours,,,,,,,,,,,,,,,,,,1781988905,418,1128,418,hist:er_v1,,,SHORT,0.39,,,,,23,,,,,,,BTC,1781988905,,,,,,,5,,,1781978124,SHORT,0.39,1781988905,,,,,23,,,,btc-updown-5m-1781988900,,,trades.db,early_reversion_trades,,NO_C,BTC,1781988905,,,,,,,5
,BTC,True,Asia,,,,,,,,,,,,,,,,,,1781989224,419,1129,419,hist:er_v1,,,LONG,0.38,,,,,0,,,,,,,BTC,1781989224,,,,,,,6,,,1781978451,LONG,0.38,1781989224,,,,,0,,,,btc-updown-5m-1781989200,,,trades.db,early_reversion_trades,,YES_C,BTC,1781989224,,,,,,,6
,BTC,True,Asia,,,,,,,,,,,,,,,,,,1781992203,424,1130,424,hist:er_v1,,,SHORT,0.33,,,,,0,,,,,,,BTC,1781992203,,,,,,,6,,,1781981450,SHORT,0.33,1781992203,,,,,0,,,,btc-updown-5m-1781992200,,,trades.db,early_reversion_trades,,NO_C,BTC,1781992203,,,,,,,6
,BTC,True,Asia,,,,,,,,,,,,,,,,,,1781992807,425,1131,425,hist:er_v1,,,LONG,0.4,,,,,1,,,,,,,BTC,1781992807,,,,,,,6,,,1781982211,LONG,0.4,1781992807,,,,,1,,,,btc-updown-5m-1781992800,,,trades.db,early_reversion_trades,,YES_C,BTC,1781992807,,,,,,,6
,BTC,True,Asia,,,,,,,,,,,,,,,,,,1781993106,426,1132,426,hist:er_v1,,,LONG,0.4,,,,,1,,,,,,,BTC,1781993106,,,,,,,6,,,1781982310,LONG,0.4,1781993106,,,,,1,,,,btc-updown-5m-1781993100,,,trades.db,early_reversion_trades,,YES_C,BTC,1781993106,,,,,,,6
,BTC,True,Asia,,,,,,,,,,,,,,,,,,1781993121,427,1133,427,hist:er_v1,,,SHORT,0.4,,,,,1,,,,,,,BTC,1781993121,,,,,,,6,,,1781982336,SHORT,0.4,1781993121,,,,,1,,,,btc-updown-5m-1781993100,,,trades.db,early_reversion_trades,,NO_C,BTC,1781993121,,,,,,,6
,BTC,True,Asia,,,,,,,,,,,,,,,,,,1781993417,428,1134,428,hist:er_v1,,,LONG,0.4,,,,,1,,,,,,,BTC,1781993417,,,,,,,6,,,1781982629,LONG,0.4,1781993417,,,,,1,,,,btc-updown-5m-1781993400,,,trades.db,early_reversion_trades,,YES_C,BTC,1781993417,,,,,,,6
,BTC,True,Asia,,,,,,,,,,,,,,,,,,1781993715,429,1135,429,hist:er_v1,,,LONG,0.4,,,,,1,,,,,,,BTC,1781993715,,,,,,,6,,,1781982919,LONG,0.4,1781993715,,,,,1,,,,btc-updown-5m-1781993700,,,trades.db,early_reversion_trades,,YES_C,BTC,1781993715,,,,,,,6
,BTC,True,Asia,,,,,,,,,,,,,,,,,,1781994313,430,1136,430,hist:er_v1,,,LONG,0.4,,,,,1,,,,,,,BTC,1781994313,,,,,,,6,,,1781983619,LONG,0.4,1781994313,,,,,1,,,,btc-updown-5m-1781994300,,,trades.db,early_reversion_trades,,YES_C,BTC,1781994313,,,,,,,6
,BTC,True,Asia,,,,,,,,,,,,,,,,,,1781994317,431,1137,431,hist:er_v1,,,LONG,0.33,,,,,1,,,,,,,BTC,1781994317,,,,,,,6,,,1781983561,LONG,0.33,1781994317,,,,,1,,,,btc-updown-5m-1781994300,,,trades.db,early_reversion_trades,,YES_B,BTC,1781994317,,,,,,,6
,BTC,True,Asia,,,,,,,,,,,,,,,,,,1781994627,432,1138,432,hist:er_v1,,,LONG,0.4,,,,,1,,,,,,,BTC,1781994627,,,,,,,6,,,1781983874,LONG,0.4,1781994627,,,,,1,,,,btc-updown-5m-1781994600,,,trades.db,early_reversion_trades,,YES_C,BTC,1781994627,,,,,,,6
,BTC,True,Asia,,,,,,,,,,,,,,,,,,1781995203,433,1139,433,hist:er_v1,,,SHORT,0.38,,,,,1,,,,,,,BTC,1781995203,,,,,,,6,,,1781984447,SHORT,0.38,1781995203,,,,,1,,,,btc-updown-5m-1781995200,,,trades.db,early_reversion_trades,,NO_C,BTC,1781995203,,,,,,,6
,BTC,True,Asia,,,,,,,,,,,,,,,,,,1781995806,434,1140,434,hist:er_v1,,,LONG,0.39,,,,,1,,,,,,,BTC,1781995806,,,,,,,6,,,1781985028,LONG,0.39,1781995806,,,,,1,,,,btc-updown-5m-1781995800,,,trades.db,early_reversion_trades,,YES_C,BTC,1781995806,,,,,,,6
,BTC,True,Asia,,,,,,,,,,,,,,,,,,1781995810,435,1141,435,hist:er_v1,,,LONG,0.35,,,,,1,,,,,,,BTC,1781995810,,,,,,,6,,,1781985017,LONG,0.35,1781995810,,,,,1,,,,btc-updown-5m-1781995800,,,trades.db,early_reversion_trades,,YES_B,BTC,1781995810,,,,,,,6
,BTC,True,Asia,,,,,,,,,,,,,,,,,,1781996722,436,1142,436,hist:er_v1,,,LONG,0.4,,,,,2,,,,,,,BTC,1781996722,,,,,,,6,,,1781985980,LONG,0.4,1781996722,,,,,2,,,,btc-updown-5m-1781996700,,,trades.db,early_reversion_trades,,YES_C,BTC,1781996722,,,,,,,6
,BTC,True,Asia,,,,,,,,,,,,,,,,,,1781997004,437,1143,437,hist:er_v1,,,LONG,0.4,,,,,2,,,,,,,BTC,1781997004,,,,,,,6,,,1781986219,LONG,0.4,1781997004,,,,,2,,,,btc-updown-5m-1781997000,,,trades.db,early_reversion_trades,,YES_C,BTC,1781997004,,,,,,,6
,BTC,True,Asia,,,,,,,,,,,,,,,,,,1781997627,438,1144,438,hist:er_v1,,,LONG,0.4,,,,,2,,,,,,,BTC,1781997627,,,,,,,6,,,1781986880,LONG,0.4,1781997627,,,,,2,,,,btc-updown-5m-1781997600,,,trades.db,early_reversion_trades,,YES_C,BTC,1781997627,,,,,,,6
,BTC,True,Asia,,,,,,,,,,,,,,,,,,1781997908,439,1145,439,hist:er_v1,,,LONG,0.4,,,,,2,,,,,,,BTC,1781997908,,,,,,,6,,,1781987126,LONG,0.4,1781997908,,,,,2,,,,btc-updown-5m-1781997900,,,trades.db,early_reversion_trades,,YES_C,BTC,1781997908,,,,,,,6
,BTC,True,Asia,,,,,,,,,,,,,,,,,,1781998209,440,1146,440,hist:er_v1,,,SHORT,0.39,,,,,2,,,,,,,BTC,1781998209,,,,,,,6,,,1781987554,SHORT,0.39,1781998209,,,,,2,,,,btc-updown-5m-1781998200,,,trades.db,early_reversion_trades,,NO_C,BTC,1781998209,,,,,,,6
,BTC,True,Asia,,,,,,,,,,,,,,,,,,1781998516,441,1147,441,hist:er_v1,,,SHORT,0.33,,,,,2,,,,,,,BTC,1781998516,,,,,,,6,,,1781987738,SHORT,0.33,1781998516,,,,,2,,,,btc-updown-5m-1781998500,,,trades.db,early_reversion_trades,,NO_C,BTC,1781998516,,,,,,,6
,BTC,True,Asia,,,,,,,,,,,,,,,,,,1781998802,442,1148,442,hist:er_v1,,,LONG,0.36,,,,,2,,,,,,,BTC,1781998802,,,,,,,6,,,1781988050,LONG,0.36,1781998802,,,,,2,,,,btc-updown-5m-1781998800,,,trades.db,early_reversion_trades,,YES_C,BTC,1781998802,,,,,,,6
,BTC,True,Asia,,,,,,,,,,,,,,,,,,1781998805,443,1149,443,hist:er_v1,,,LONG,0.34,,,,,2,,,,,,,BTC,1781998805,,,,,,,6,,,1781988020,LONG,0.34,1781998805,,,,,2,,,,btc-updown-5m-1781998800,,,trades.db,early_reversion_trades,,YES_B,BTC,1781998805,,,,,,,6
,BTC,True,Asia,,,,,,,,,,,,,,,,,,1781999102,444,1150,444,hist:er_v1,,,LONG,0.29,,,,,2,,,,,,,BTC,1781999102,,,,,,,6,,,1781988324,LONG,0.29,1781999102,,,,,2,,,,btc-updown-5m-1781999100,,,trades.db,early_reversion_trades,,YES_B,BTC,1781999102,,,,,,,6
,BTC,True,Asia,,,,,,,,,,,,,,,,,,1781999102,445,1151,445,hist:er_v1,,,LONG,0.29,,,,,2,,,,,,,BTC,1781999102,,,,,,,6,,,1781988335,LONG,0.29,1781999102,,,,,2,,,,btc-updown-5m-1781999100,,,trades.db,early_reversion_trades,,YES_C,BTC,1781999102,,,,,,,6
,BTC,True,Asia,,,,,,,,,,,,,,,,,,1781999421,446,1152,446,hist:er_v1,,,LONG,0.39,,,,,2,,,,,,,BTC,1781999421,,,,,,,6,,,1781988849,LONG,0.39,1781999421,,,,,2,,,,btc-updown-5m-1781999400,,,trades.db,early_reversion_trades,,YES_C,BTC,1781999421,,,,,,,6
,BTC,True,Asia,,,,,,,,,,,,,,,,,,1781999704,447,1153,447,hist:er_v1,,,LONG,0.4,,,,,2,,,,,,,BTC,1781999704,,,,,,,6,,,1781988998,LONG,0.4,1781999704,,,,,2,,,,btc-updown-5m-1781999700,,,trades.db,early_reversion_trades,,YES_C,BTC,1781999704,,,,,,,6
,BTC,True,Asia,,,,,,,,,,,,,,,,,,1782000301,448,1154,448,hist:er_v1,,,SHORT,0.37,,,,,3,,,,,,,BTC,1782000301,,,,,,,6,,,1781989638,SHORT,0.37,1782000301,,,,,3,,,,btc-updown-5m-1782000300,,,trades.db,early_reversion_trades,,NO_C,BTC,1782000301,,,,,,,6
,BTC,True,Asia,,,,,,,,,,,,,,,,,,1782000906,449,1155,449,hist:er_v1,,,LONG,0.36,,,,,3,,,,,,,BTC,1782000906,,,,,,,6,,,1781990124,LONG,0.36,1782000906,,,,,3,,,,btc-updown-5m-1782000900,,,trades.db,early_reversion_trades,,YES_C,BTC,1782000906,,,,,,,6
,BTC,True,Asia,,,,,,,,,,,,,,,,,,1782000913,450,1156,450,hist:er_v1,,,LONG,0.3,,,,,3,,,,,,,BTC,1782000913,,,,,,,6,,,1781990124,LONG,0.3,1782000913,,,,,3,,,,btc-updown-5m-1782000900,,,trades.db,early_reversion_trades,,YES_B,BTC,1782000913,,,,,,,6
,BTC,True,Asia,,,,,,,,,,,,,,,,,,1782002114,451,1157,451,hist:er_v1,,,LONG,0.35,,,,,3,,,,,,,BTC,1782002114,,,,,,,6,,,1781991318,LONG,0.35,1782002114,,,,,3,,,,btc-updown-5m-1782002100,,,trades.db,early_reversion_trades,,YES_B,BTC,1782002114,,,,,,,6
,BTC,True,Asia,,,,,,,,,,,,,,,,,,1782002114,452,1158,452,hist:er_v1,,,LONG,0.35,,,,,3,,,,,,,BTC,1782002114,,,,,,,6,,,1781991325,LONG,0.35,1782002114,,,,,3,,,,btc-updown-5m-1782002100,,,trades.db,early_reversion_trades,,YES_C,BTC,1782002114,,,,,,,6
,BTC,True,Asia,,,,,,,,,,,,,,,,,,1782002428,453,1159,453,hist:er_v1,,,LONG,0.33,,,,,3,,,,,,,BTC,1782002428,,,,,,,6,,,1781991647,LONG,0.33,1782002428,,,,,3,,,,btc-updown-5m-1782002400,,,trades.db,early_reversion_trades,,YES_B,BTC,1782002428,,,,,,,6
,BTC,True,Asia,,,,,,,,,,,,,,,,,,1782002428,454,1160,454,hist:er_v1,,,LONG,0.33,,,,,3,,,,,,,BTC,1782002428,,,,,,,6,,,1781991651,LONG,0.33,1782002428,,,,,3,,,,btc-updown-5m-1782002400,,,trades.db,early_reversion_trades,,YES_C,BTC,1782002428,,,,,,,6
,BTC,True,Asia,,,,,,,,,,,,,,,,,,1782003001,455,1161,455,hist:er_v1,,,LONG,0.39,,,,,3,,,,,,,BTC,1782003001,,,,,,,6,,,1781992227,LONG,0.39,1782003001,,,,,3,,,,btc-updown-5m-1782003000,,,trades.db,early_reversion_trades,,YES_C,BTC,1782003001,,,,,,,6
,BTC,True,Asia,,,,,,,,,,,,,,,,,,1782003008,456,1162,456,hist:er_v1,,,LONG,0.35,,,,,3,,,,,,,BTC,1782003008,,,,,,,6,,,1781992220,LONG,0.35,1782003008,,,,,3,,,,btc-updown-5m-1782003000,,,trades.db,early_reversion_trades,,YES_B,BTC,1782003008,,,,,,,6
,BTC,True,Asia,,,,,,,,,,,,,,,,,,1782004202,457,1163,457,hist:er_v1,,,LONG,0.25,,,,,4,,,,,,,BTC,1782004202,,,,,,,6,,,1781993700,LONG,0.25,1782004202,,,,,4,,,,btc-updown-5m-1782004200,,,trades.db,early_reversion_trades,,YES_B,BTC,1782004202,,,,,,,6
,BTC,True,Asia,,,,,,,,,,,,,,,,,,1782004202,458,1164,458,hist:er_v1,,,LONG,0.25,,,,,4,,,,,,,BTC,1782004202,,,,,,,6,,,1781993700,LONG,0.25,1782004202,,,,,4,,,,btc-updown-5m-1782004200,,,trades.db,early_reversion_trades,,YES_C,BTC,1782004202,,,,,,,6
,BTC,True,Asia,,,,,,,,,,,,,,,,,,1782004503,459,1165,459,hist:er_v1,,,SHORT,0.31,,,,,4,,,,,,,BTC,1782004503,,,,,,,6,,,1781994000,SHORT,0.31,1782004503,,,,,4,,,,btc-updown-5m-1782004500,,,trades.db,early_reversion_trades,,NO_C,BTC,1782004503,,,,,,,6
,BTC,True,Asia,,,,,,,,,,,,,,,,,,1782004823,460,1166,460,hist:er_v1,,,LONG,0.4,,,,,4,,,,,,,BTC,1782004823,,,,,,,6,,,1781994031,LONG,0.4,1782004823,,,,,4,,,,btc-updown-5m-1782004800,,,trades.db,early_reversion_trades,,YES_C,BTC,1782004823,,,,,,,6
,BTC,True,Asia,,,,,,,,,,,,,,,,,,1782006914,461,1167,461,hist:er_v1,,,SHORT,0.4,,,,,4,,,,,,,BTC,1782006914,,,,,,,6,,,1781996140,SHORT,0.4,1782006914,,,,,4,,,,btc-updown-5m-1782006900,,,trades.db,early_reversion_trades,,NO_C,BTC,1782006914,,,,,,,6
,BTC,True,Asia,,,,,,,,,,,,,,,,,,1782007518,462,1168,462,hist:er_v1,,,LONG,0.28,,,,,5,,,,,,,BTC,1782007518,,,,,,,6,,,1781996964,LONG,0.28,1782007518,,,,,5,,,,btc-updown-5m-1782007500,,,trades.db,early_reversion_trades,,YES_B,BTC,1782007518,,,,,,,6
,BTC,True,Asia,,,,,,,,,,,,,,,,,,1782007518,463,1169,463,hist:er_v1,,,LONG,0.28,,,,,5,,,,,,,BTC,1782007518,,,,,,,6,,,1781996964,LONG,0.28,1782007518,,,,,5,,,,btc-updown-5m-1782007500,,,trades.db,early_reversion_trades,,YES_C,BTC,1782007518,,,,,,,6
,BTC,True,Asia,,,,,,,,,,,,,,,,,,1782007818,464,1170,464,hist:er_v1,,,LONG,0.35,,,,,5,,,,,,,BTC,1782007818,,,,,,,6,,,1781997036,LONG,0.35,1782007818,,,,,5,,,,btc-updown-5m-1782007800,,,trades.db,early_reversion_trades,,YES_B,BTC,1782007818,,,,,,,6
,BTC,True,Asia,,,,,,,,,,,,,,,,,,1782007818,465,1171,465,hist:er_v1,,,LONG,0.35,,,,,5,,,,,,,BTC,1782007818,,,,,,,6,,,1781997266,LONG,0.35,1782007818,,,,,5,,,,btc-updown-5m-1782007800,,,trades.db,early_reversion_trades,,YES_C,BTC,1782007818,,,,,,,6
,BTC,True,Asia,,,,,,,,,,,,,,,,,,1782008106,466,1172,466,hist:er_v1,,,LONG,0.39,,,,,5,,,,,,,BTC,1782008106,,,,,,,6,,,1781997602,LONG,0.39,1782008106,,,,,5,,,,btc-updown-5m-1782008100,,,trades.db,early_reversion_trades,,YES_C,BTC,1782008106,,,,,,,6
,BTC,True,Asia,,,,,,,,,,,,,,,,,,1782008407,467,1173,467,hist:er_v1,,,LONG,0.4,,,,,5,,,,,,,BTC,1782008407,,,,,,,6,,,1781997656,LONG,0.4,1782008407,,,,,5,,,,btc-updown-5m-1782008400,,,trades.db,early_reversion_trades,,YES_C,BTC,1782008407,,,,,,,6
,BTC,True,Asia,,,,,,,,,,,,,,,,,,1782008729,468,1174,468,hist:er_v1,,,SHORT,0.36,,,,,5,,,,,,,BTC,1782008729,,,,,,,6,,,1781998057,SHORT,0.36,1782008729,,,,,5,,,,btc-updown-5m-1782008700,,,trades.db,early_reversion_trades,,NO_C,BTC,1782008729,,,,,,,6
,BTC,True,Asia,,,,,,,,,,,,,,,,,,1782009005,469,1175,469,hist:er_v1,,,LONG,0.38,,,,,5,,,,,,,BTC,1782009005,,,,,,,6,,,1781998209,LONG,0.38,1782009005,,,,,5,,,,btc-updown-5m-1782009000,,,trades.db,early_reversion_trades,,YES_C,BTC,1782009005,,,,,,,6
,BTC,True,Asia,,,,,,,,,,,,,,,,,,1782009311,470,1176,470,hist:er_v1,,,SHORT,0.38,,,,,5,,,,,,,BTC,1782009311,,,,,,,6,,,1781998518,SHORT,0.38,1782009311,,,,,5,,,,btc-updown-5m-1782009300,,,trades.db,early_reversion_trades,,NO_C,BTC,1782009311,,,,,,,6
,BTC,True,Asia,,,,,,,,,,,,,,,,,,1782009613,471,1177,471,hist:er_v1,,,LONG,0.4,,,,,5,,,,,,,BTC,1782009613,,,,,,,6,,,1781998849,LONG,0.4,1782009613,,,,,5,,,,btc-updown-5m-1782009600,,,trades.db,early_reversion_trades,,YES_C,BTC,1782009613,,,,,,,6
,BTC,True,Asia,,,,,,,,,,,,,,,,,,1782009624,472,1178,472,hist:er_v1,,,LONG,0.35,,,,,5,,,,,,,BTC,1782009624,,,,,,,6,,,1781998849,LONG,0.35,1782009624,,,,,5,,,,btc-updown-5m-1782009600,,,trades.db,early_reversion_trades,,YES_B,BTC,1782009624,,,,,,,6
,BTC,True,Asia,,,,,,,,,,,,,,,,,,1782011709,473,1179,473,hist:er_v1,,,SHORT,0.4,,,,,6,,,,,,,BTC,1782011709,,,,,,,6,,,1782000991,SHORT,0.4,1782011709,,,,,6,,,,btc-updown-5m-1782011700,,,trades.db,early_reversion_trades,,NO_C,BTC,1782011709,,,,,,,6
,BTC,True,Asia,,,,,,,,,,,,,,,,,,1782012606,474,1180,474,hist:er_v1,,,SHORT,0.4,,,,,6,,,,,,,BTC,1782012606,,,,,,,6,,,1782001816,SHORT,0.4,1782012606,,,,,6,,,,btc-updown-5m-1782012600,,,trades.db,early_reversion_trades,,NO_C,BTC,1782012606,,,,,,,6
,BTC,True,Asia,,,,,,,,,,,,,,,,,,1782012913,475,1181,475,hist:er_v1,,,LONG,0.4,,,,,6,,,,,,,BTC,1782012913,,,,,,,6,,,1782002113,LONG,0.4,1782012913,,,,,6,,,,btc-updown-5m-1782012900,,,trades.db,early_reversion_trades,,YES_C,BTC,1782012913,,,,,,,6
,BTC,True,Asia,,,,,,,,,,,,,,,,,,1782012920,476,1182,476,hist:er_v1,,,LONG,0.33,,,,,6,,,,,,,BTC,1782012920,,,,,,,6,,,1782002141,LONG,0.33,1782012920,,,,,6,,,,btc-updown-5m-1782012900,,,trades.db,early_reversion_trades,,YES_B,BTC,1782012920,,,,,,,6
,BTC,True,Asia,,,,,,,,,,,,,,,,,,1782013524,477,1183,477,hist:er_v1,,,LONG,0.37,,,,,6,,,,,,,BTC,1782013524,,,,,,,6,,,1782002832,LONG,0.37,1782013524,,,,,6,,,,btc-updown-5m-1782013500,,,trades.db,early_reversion_trades,,YES_C,BTC,1782013524,,,,,,,6
,BTC,True,Asia,,,,,,,,,,,,,,,,,,1782013528,478,1184,478,hist:er_v1,,,LONG,0.31,,,,,6,,,,,,,BTC,1782013528,,,,,,,6,,,1782002806,LONG,0.31,1782013528,,,,,6,,,,btc-updown-5m-1782013500,,,trades.db,early_reversion_trades,,YES_B,BTC,1782013528,,,,,,,6
,BTC,True,Asia,,,,,,,,,,,,,,,,,,1782013815,479,1185,479,hist:er_v1,,,LONG,0.35,,,,,6,,,,,,,BTC,1782013815,,,,,,,6,,,1782003139,LONG,0.35,1782013815,,,,,6,,,,btc-updown-5m-1782013800,,,trades.db,early_reversion_trades,,YES_B,BTC,1782013815,,,,,,,6
,BTC,True,Asia,,,,,,,,,,,,,,,,,,1782013815,480,1186,480,hist:er_v1,,,LONG,0.35,,,,,6,,,,,,,BTC,1782013815,,,,,,,6,,,1782003139,LONG,0.35,1782013815,,,,,6,,,,btc-updown-5m-1782013800,,,trades.db,early_reversion_trades,,YES_C,BTC,1782013815,,,,,,,6
,BTC,True,Asia,,,,,,,,,,,,,,,,,,1782014114,481,1187,481,hist:er_v1,,,SHORT,0.39,,,,,6,,,,,,,BTC,1782014114,,,,,,,6,,,1782003340,SHORT,0.39,1782014114,,,,,6,,,,btc-updown-5m-1782014100,,,trades.db,early_reversion_trades,,NO_C,BTC,1782014114,,,,,,,6
,BTC,True,Asia,,,,,,,,,,,,,,,,,,1782014411,482,1188,482,hist:er_v1,,,SHORT,0.37,,,,,7,,,,,,,BTC,1782014411,,,,,,,6,,,1782003614,SHORT,0.37,1782014411,,,,,7,,,,btc-updown-5m-1782014400,,,trades.db,early_reversion_trades,,NO_C,BTC,1782014411,,,,,,,6
,BTC,True,Asia,,,,,,,,,,,,,,,,,,1782015625,483,1189,483,hist:er_v1,,,SHORT,0.4,,,,,7,,,,,,,BTC,1782015625,,,,,,,6,,,1782005100,SHORT,0.4,1782015625,,,,,7,,,,btc-updown-5m-1782015600,,,trades.db,early_reversion_trades,,NO_C,BTC,1782015625,,,,,,,6
,BTC,True,Asia,,,,,,,,,,,,,,,,,,1782016221,484,1190,484,hist:er_v1,,,LONG,0.33,,,,,7,,,,,,,BTC,1782016221,,,,,,,6,,,1782005432,LONG,0.33,1782016221,,,,,7,,,,btc-updown-5m-1782016200,,,trades.db,early_reversion_trades,,YES_B,BTC,1782016221,,,,,,,6
,BTC,True,Asia,,,,,,,,,,,,,,,,,,1782016221,485,1191,485,hist:er_v1,,,LONG,0.33,,,,,7,,,,,,,BTC,1782016221,,,,,,,6,,,1782005435,LONG,0.33,1782016221,,,,,7,,,,btc-updown-5m-1782016200,,,trades.db,early_reversion_trades,,YES_C,BTC,1782016221,,,,,,,6
,BTC,True,Asia,,,,,,,,,,,,,,,,,,1782016829,486,1192,486,hist:er_v1,,,LONG,0.29,,,,,7,,,,,,,BTC,1782016829,,,,,,,6,,,1782006300,LONG,0.29,1782016829,,,,,7,,,,btc-updown-5m-1782016800,,,trades.db,early_reversion_trades,,YES_B,BTC,1782016829,,,,,,,6
,BTC,True,Asia,,,,,,,,,,,,,,,,,,1782016829,487,1193,487,hist:er_v1,,,LONG,0.29,,,,,7,,,,,,,BTC,1782016829,,,,,,,6,,,1782006300,LONG,0.29,1782016829,,,,,7,,,,btc-updown-5m-1782016800,,,trades.db,early_reversion_trades,,YES_C,BTC,1782016829,,,,,,,6
,BTC,True,Asia,,,,,,,,,,,,,,,,,,1782017120,488,1194,488,hist:er_v1,,,LONG,0.34,,,,,7,,,,,,,BTC,1782017120,,,,,,,6,,,1782006338,LONG,0.34,1782017120,,,,,7,,,,btc-updown-5m-1782017100,,,trades.db,early_reversion_trades,,YES_B,BTC,1782017120,,,,,,,6
,BTC,True,Asia,,,,,,,,,,,,,,,,,,1782017120,489,1195,489,hist:er_v1,,,LONG,0.34,,,,,7,,,,,,,BTC,1782017120,,,,,,,6,,,1782006364,LONG,0.34,1782017120,,,,,7,,,,btc-updown-5m-1782017100,,,trades.db,early_reversion_trades,,YES_C,BTC,1782017120,,,,,,,6
,BTC,True,Asia,,,,,,,,,,,,,,,,,,1782017403,490,1196,490,hist:er_v1,,,LONG,0.4,,,,,7,,,,,,,BTC,1782017403,,,,,,,6,,,1782006901,LONG,0.4,1782017403,,,,,7,,,,btc-updown-5m-1782017400,,,trades.db,early_reversion_trades,,YES_C,BTC,1782017403,,,,,,,6
,BTC,True,Asia,,,,,,,,,,,,,,,,,,1782017407,491,1197,491,hist:er_v1,,,LONG,0.35,,,,,7,,,,,,,BTC,1782017407,,,,,,,6,,,1782006901,LONG,0.35,1782017407,,,,,7,,,,btc-updown-5m-1782017400,,,trades.db,early_reversion_trades,,YES_B,BTC,1782017407,,,,,,,6
,BTC,True,London,,,,,,,,,,,,,,,,,,1782018023,492,1198,492,hist:er_v1,,,SHORT,0.36,,,,,8,,,,,,,BTC,1782018023,,,,,,,6,,,1782007466,SHORT,0.36,1782018023,,,,,8,,,,btc-updown-5m-1782018000,,,trades.db,early_reversion_trades,,NO_C,BTC,1782018023,,,,,,,6
,BTC,True,London,,,,,,,,,,,,,,,,,,1782018608,493,1199,493,hist:er_v1,,,SHORT,0.4,,,,,8,,,,,,,BTC,1782018608,,,,,,,6,,,1782007868,SHORT,0.4,1782018608,,,,,8,,,,btc-updown-5m-1782018600,,,trades.db,early_reversion_trades,,NO_C,BTC,1782018608,,,,,,,6
,BTC,True,London,,,,,,,,,,,,,,,,,,1782019202,494,1200,494,hist:er_v1,,,LONG,0.4,,,,,8,,,,,,,BTC,1782019202,,,,,,,6,,,1782008413,LONG,0.4,1782019202,,,,,8,,,,btc-updown-5m-1782019200,,,trades.db,early_reversion_trades,,YES_C,BTC,1782019202,,,,,,,6
,BTC,True,London,,,,,,,,,,,,,,,,,,1782019224,495,1201,495,hist:er_v1,,,LONG,0.34,,,,,8,,,,,,,BTC,1782019224,,,,,,,6,,,1782008431,LONG,0.34,1782019224,,,,,8,,,,btc-updown-5m-1782019200,,,trades.db,early_reversion_trades,,YES_B,BTC,1782019224,,,,,,,6
,BTC,True,London,,,,,,,,,,,,,,,,,,1782019807,496,1202,496,hist:er_v1,,,SHORT,0.28,,,,,8,,,,,,,BTC,1782019807,,,,,,,6,,,1782009061,SHORT,0.28,1782019807,,,,,8,,,,btc-updown-5m-1782019800,,,trades.db,early_reversion_trades,,NO_C,BTC,1782019807,,,,,,,6
,BTC,True,London,,,,,,,,,,,,,,,,,,1782020107,497,1203,497,hist:er_v1,,,SHORT,0.4,,,,,8,,,,,,,BTC,1782020107,,,,,,,6,,,1782009325,SHORT,0.4,1782020107,,,,,8,,,,btc-updown-5m-1782020100,,,trades.db,early_reversion_trades,,NO_C,BTC,1782020107,,,,,,,6
,BTC,True,London,,,,,,,,,,,,,,,,,,1782020403,498,1204,498,hist:er_v1,,,LONG,0.36,,,,,8,,,,,,,BTC,1782020403,,,,,,,6,,,1782009900,LONG,0.36,1782020403,,,,,8,,,,btc-updown-5m-1782020400,,,trades.db,early_reversion_trades,,YES_C,BTC,1782020403,,,,,,,6
,BTC,True,London,,,,,,,,,,,,,,,,,,1782020418,499,1205,499,hist:er_v1,,,LONG,0.35,,,,,8,,,,,,,BTC,1782020418,,,,,,,6,,,1782009900,LONG,0.35,1782020418,,,,,8,,,,btc-updown-5m-1782020400,,,trades.db,early_reversion_trades,,YES_B,BTC,1782020418,,,,,,,6
,BTC,True,London,,,,,,,,,,,,,,,,,,1782020717,500,1206,500,hist:er_v1,,,LONG,0.38,,,,,8,,,,,,,BTC,1782020717,,,,,,,6,,,1782010201,LONG,0.38,1782020717,,,,,8,,,,btc-updown-5m-1782020700,,,trades.db,early_reversion_trades,,YES_C,BTC,1782020717,,,,,,,6
,BTC,True,London,,,,,,,,,,,,,,,,,,1782020721,501,1207,501,hist:er_v1,,,LONG,0.32,,,,,8,,,,,,,BTC,1782020721,,,,,,,6,,,1782010201,LONG,0.32,1782020721,,,,,8,,,,btc-updown-5m-1782020700,,,trades.db,early_reversion_trades,,YES_B,BTC,1782020721,,,,,,,6
,BTC,True,London,,,,,,,,,,,,,,,,,,1782021322,502,1208,502,hist:er_v1,,,SHORT,0.4,,,,,8,,,,,,,BTC,1782021322,,,,,,,6,,,1782010529,SHORT,0.4,1782021322,,,,,8,,,,btc-updown-5m-1782021300,,,trades.db,early_reversion_trades,,NO_C,BTC,1782021322,,,,,,,6
,BTC,True,London,,,,,,,,,,,,,,,,,,1782021628,503,1209,503,hist:er_v1,,,SHORT,0.39,,,,,9,,,,,,,BTC,1782021628,,,,,,,6,,,1782010839,SHORT,0.39,1782021628,,,,,9,,,,btc-updown-5m-1782021600,,,trades.db,early_reversion_trades,,NO_C,BTC,1782021628,,,,,,,6
,BTC,True,London,,,,,,,,,,,,,,,,,,1782021923,504,1210,504,hist:er_v1,,,LONG,0.34,,,,,9,,,,,,,BTC,1782021923,,,,,,,6,,,1782011209,LONG,0.34,1782021923,,,,,9,,,,btc-updown-5m-1782021900,,,trades.db,early_reversion_trades,,YES_B,BTC,1782021923,,,,,,,6
,BTC,True,London,,,,,,,,,,,,,,,,,,1782021923,505,1211,505,hist:er_v1,,,LONG,0.34,,,,,9,,,,,,,BTC,1782021923,,,,,,,6,,,1782011400,LONG,0.34,1782021923,,,,,9,,,,btc-updown-5m-1782021900,,,trades.db,early_reversion_trades,,YES_C,BTC,1782021923,,,,,,,6
,BTC,True,London,,,,,,,,,,,,,,,,,,1782022225,506,1212,506,hist:er_v1,,,SHORT,0.38,,,,,9,,,,,,,BTC,1782022225,,,,,,,6,,,1782011499,SHORT,0.38,1782022225,,,,,9,,,,btc-updown-5m-1782022200,,,trades.db,early_reversion_trades,,NO_C,BTC,1782022225,,,,,,,6
,BTC,True,London,,,,,,,,,,,,,,,,,,1782022510,507,1213,507,hist:er_v1,,,LONG,0.35,,,,,9,,,,,,,BTC,1782022510,,,,,,,6,,,1782011717,LONG,0.35,1782022510,,,,,9,,,,btc-updown-5m-1782022500,,,trades.db,early_reversion_trades,,YES_B,BTC,1782022510,,,,,,,6
,BTC,True,London,,,,,,,,,,,,,,,,,,1782022510,508,1214,508,hist:er_v1,,,LONG,0.35,,,,,9,,,,,,,BTC,1782022510,,,,,,,6,,,1782011728,LONG,0.35,1782022510,,,,,9,,,,btc-updown-5m-1782022500,,,trades.db,early_reversion_trades,,YES_C,BTC,1782022510,,,,,,,6
,BTC,True,London,,,,,,,,,,,,,,,,,,1782022827,509,1215,509,hist:er_v1,,,SHORT,0.38,,,,,9,,,,,,,BTC,1782022827,,,,,,,6,,,1782012301,SHORT,0.38,1782022827,,,,,9,,,,btc-updown-5m-1782022800,,,trades.db,early_reversion_trades,,NO_C,BTC,1782022827,,,,,,,6
,BTC,True,London,,,,,,,,,,,,,,,,,,1782023403,510,1216,510,hist:er_v1,,,LONG,0.38,,,,,9,,,,,,,BTC,1782023403,,,,,,,6,,,1782012903,LONG,0.38,1782023403,,,,,9,,,,btc-updown-5m-1782023400,,,trades.db,early_reversion_trades,,YES_C,BTC,1782023403,,,,,,,6
,BTC,True,London,,,,,,,,,,,,,,,,,,1782023421,511,1217,511,hist:er_v1,,,LONG,0.35,,,,,9,,,,,,,BTC,1782023421,,,,,,,6,,,1782012903,LONG,0.35,1782023421,,,,,9,,,,btc-updown-5m-1782023400,,,trades.db,early_reversion_trades,,YES_B,BTC,1782023421,,,,,,,6
,BTC,True,London,,,,,,,,,,,,,,,,,,1782023720,512,1218,512,hist:er_v1,,,SHORT,0.35,,,,,9,,,,,,,BTC,1782023720,,,,,,,6,,,1782013202,SHORT,0.35,1782023720,,,,,9,,,,btc-updown-5m-1782023700,,,trades.db,early_reversion_trades,,NO_C,BTC,1782023720,,,,,,,6
,BTC,True,London,,,,,,,,,,,,,,,,,,1782024006,513,1219,513,hist:er_v1,,,SHORT,0.32,,,,,9,,,,,,,BTC,1782024006,,,,,,,6,,,1782013377,SHORT,0.32,1782024006,,,,,9,,,,btc-updown-5m-1782024000,,,trades.db,early_reversion_trades,,NO_C,BTC,1782024006,,,,,,,6
,BTC,True,London,,,,,,,,,,,,,,,,,,1782024308,514,1220,514,hist:er_v1,,,SHORT,0.29,,,,,9,,,,,,,BTC,1782024308,,,,,,,6,,,1782013563,SHORT,0.29,1782024308,,,,,9,,,,btc-updown-5m-1782024300,,,trades.db,early_reversion_trades,,NO_C,BTC,1782024308,,,,,,,6
,BTC,True,London,,,,,,,,,,,,,,,,,,1782024914,515,1221,515,hist:er_v1,,,LONG,0.4,,,,,9,,,,,,,BTC,1782024914,,,,,,,6,,,1782014127,LONG,0.4,1782024914,,,,,9,,,,btc-updown-5m-1782024900,,,trades.db,early_reversion_trades,,YES_C,BTC,1782024914,,,,,,,6
,BTC,True,London,,,,,,,,,,,,,,,,,,1782025503,516,1222,516,hist:er_v1,,,LONG,0.38,,,,,10,,,,,,,BTC,1782025503,,,,,,,6,,,1782014715,LONG,0.38,1782025503,,,,,10,,,,btc-updown-5m-1782025500,,,trades.db,early_reversion_trades,,YES_C,BTC,1782025503,,,,,,,6
,BTC,True,London,,,,,,,,,,,,,,,,,,1782026710,517,1223,517,hist:er_v1,,,LONG,0.38,,,,,10,,,,,,,BTC,1782026710,,,,,,,6,,,1782016200,LONG,0.38,1782026710,,,,,10,,,,btc-updown-5m-1782026700,,,trades.db,early_reversion_trades,,YES_C,BTC,1782026710,,,,,,,6
,BTC,True,London,,,,,,,,,,,,,,,,,,1782026712,518,1224,518,hist:er_v1,,,LONG,0.33,,,,,10,,,,,,,BTC,1782026712,,,,,,,6,,,1782015936,LONG,0.33,1782026712,,,,,10,,,,btc-updown-5m-1782026700,,,trades.db,early_reversion_trades,,YES_B,BTC,1782026712,,,,,,,6
,BTC,True,London,,,,,,,,,,,,,,,,,,1782027608,519,1225,519,hist:er_v1,,,LONG,0.38,,,,,10,,,,,,,BTC,1782027608,,,,,,,6,,,1782016990,LONG,0.38,1782027608,,,,,10,,,,btc-updown-5m-1782027600,,,trades.db,early_reversion_trades,,YES_C,BTC,1782027608,,,,,,,6
,BTC,True,London,,,,,,,,,,,,,,,,,,1782027613,520,1226,520,hist:er_v1,,,LONG,0.32,,,,,10,,,,,,,BTC,1782027613,,,,,,,6,,,1782016990,LONG,0.32,1782027613,,,,,10,,,,btc-updown-5m-1782027600,,,trades.db,early_reversion_trades,,YES_B,BTC,1782027613,,,,,,,6
,BTC,True,London,,,,,,,,,,,,,,,,,,1782027923,521,1227,521,hist:er_v1,,,LONG,0.4,,,,,10,,,,,,,BTC,1782027923,,,,,,,6,,,1782017128,LONG,0.4,1782027923,,,,,10,,,,btc-updown-5m-1782027900,,,trades.db,early_reversion_trades,,YES_C,BTC,1782027923,,,,,,,6
,BTC,True,London,,,,,,,,,,,,,,,,,,1782028214,522,1228,522,hist:er_v1,,,SHORT,0.4,,,,,10,,,,,,,BTC,1782028214,,,,,,,6,,,1782017414,SHORT,0.4,1782028214,,,,,10,,,,btc-updown-5m-1782028200,,,trades.db,early_reversion_trades,,NO_C,BTC,1782028214,,,,,,,6
,BTC,True,London,,,,,,,,,,,,,,,,,,1782028228,523,1229,523,hist:er_v1,,,LONG,0.38,,,,,10,,,,,,,BTC,1782028228,,,,,,,6,,,1782017437,LONG,0.38,1782028228,,,,,10,,,,btc-updown-5m-1782028200,,,trades.db,early_reversion_trades,,YES_C,BTC,1782028228,,,,,,,6
,BTC,True,London,,,,,,,,,,,,,,,,,,1782028522,524,1230,524,hist:er_v1,,,LONG,0.4,,,,,10,,,,,,,BTC,1782028522,,,,,,,6,,,1782017734,LONG,0.4,1782028522,,,,,10,,,,btc-updown-5m-1782028500,,,trades.db,early_reversion_trades,,YES_C,BTC,1782028522,,,,,,,6
,BTC,True,London,,,,,,,,,,,,,,,,,,1782028803,525,1231,525,hist:er_v1,,,SHORT,0.3,,,,,11,,,,,,,BTC,1782028803,,,,,,,6,,,1782018141,SHORT,0.3,1782028803,,,,,11,,,,btc-updown-5m-1782028800,,,trades.db,early_reversion_trades,,NO_C,BTC,1782028803,,,,,,,6
,BTC,True,London,,,,,,,,,,,,,,,,,,1782029108,526,1232,526,hist:er_v1,,,SHORT,0.4,,,,,11,,,,,,,BTC,1782029108,,,,,,,6,,,1782018347,SHORT,0.4,1782029108,,,,,11,,,,btc-updown-5m-1782029100,,,trades.db,early_reversion_trades,,NO_C,BTC,1782029108,,,,,,,6
,BTC,True,London,,,,,,,,,,,,,,,,,,1782029420,527,1233,527,hist:er_v1,,,SHORT,0.38,,,,,11,,,,,,,BTC,1782029420,,,,,,,6,,,1782018685,SHORT,0.38,1782029420,,,,,11,,,,btc-updown-5m-1782029400,,,trades.db,early_reversion_trades,,NO_C,BTC,1782029420,,,,,,,6
,BTC,True,London,,,,,,,,,,,,,,,,,,1782030004,528,1234,528,hist:er_v1,,,LONG,0.36,,,,,11,,,,,,,BTC,1782030004,,,,,,,6,,,1782019206,LONG,0.36,1782030004,,,,,11,,,,btc-updown-5m-1782030000,,,trades.db,early_reversion_trades,,YES_C,BTC,1782030004,,,,,,,6
,BTC,True,London,,,,,,,,,,,,,,,,,,1782030014,529,1235,529,hist:er_v1,,,LONG,0.27,,,,,11,,,,,,,BTC,1782030014,,,,,,,6,,,1782019222,LONG,0.27,1782030014,,,,,11,,,,btc-updown-5m-1782030000,,,trades.db,early_reversion_trades,,YES_B,BTC,1782030014,,,,,,,6
,BTC,True,London,,,,,,,,,,,,,,,,,,1782030309,530,1236,530,hist:er_v1,,,SHORT,0.39,,,,,11,,,,,,,BTC,1782030309,,,,,,,6,,,1782019535,SHORT,0.39,1782030309,,,,,11,,,,btc-updown-5m-1782030300,,,trades.db,early_reversion_trades,,NO_C,BTC,1782030309,,,,,,,6
,BTC,True,London,,,,,,,,,,,,,,,,,,1782030623,531,1237,531,hist:er_v1,,,SHORT,0.4,,,,,11,,,,,,,BTC,1782030623,,,,,,,6,,,1782019827,SHORT,0.4,1782030623,,,,,11,,,,btc-updown-5m-1782030600,,,trades.db,early_reversion_trades,,NO_C,BTC,1782030623,,,,,,,6
,BTC,True,London,,,,,,,,,,,,,,,,,,1782030915,532,1238,532,hist:er_v1,,,LONG,0.4,,,,,11,,,,,,,BTC,1782030915,,,,,,,6,,,1782020217,LONG,0.4,1782030915,,,,,11,,,,btc-updown-5m-1782030900,,,trades.db,early_reversion_trades,,YES_C,BTC,1782030915,,,,,,,6
,BTC,True,London,,,,,,,,,,,,,,,,,,1782030922,533,1239,533,hist:er_v1,,,LONG,0.29,,,,,11,,,,,,,BTC,1782030922,,,,,,,6,,,1782020217,LONG,0.29,1782030922,,,,,11,,,,btc-updown-5m-1782030900,,,trades.db,early_reversion_trades,,YES_B,BTC,1782030922,,,,,,,6
,BTC,True,London,,,,,,,,,,,,,,,,,,1782031203,534,1240,534,hist:er_v1,,,SHORT,0.4,,,,,11,,,,,,,BTC,1782031203,,,,,,,6,,,1782020432,SHORT,0.4,1782031203,,,,,11,,,,btc-updown-5m-1782031200,,,trades.db,early_reversion_trades,,NO_C,BTC,1782031203,,,,,,,6
,BTC,True,London,,,,,,,,,,,,,,,,,,1782031505,535,1241,535,hist:er_v1,,,LONG,0.37,,,,,11,,,,,,,BTC,1782031505,,,,,,,6,,,1782021000,LONG,0.37,1782031505,,,,,11,,,,btc-updown-5m-1782031500,,,trades.db,early_reversion_trades,,YES_C,BTC,1782031505,,,,,,,6
,BTC,True,London,,,,,,,,,,,,,,,,,,1782031508,536,1242,536,hist:er_v1,,,LONG,0.3,,,,,11,,,,,,,BTC,1782031508,,,,,,,6,,,1782021000,LONG,0.3,1782031508,,,,,11,,,,btc-updown-5m-1782031500,,,trades.db,early_reversion_trades,,YES_B,BTC,1782031508,,,,,,,6
,BTC,True,London,,,,,,,,,,,,,,,,,,1782031804,537,1243,537,hist:er_v1,,,LONG,0.38,,,,,11,,,,,,,BTC,1782031804,,,,,,,6,,,1782021055,LONG,0.38,1782031804,,,,,11,,,,btc-updown-5m-1782031800,,,trades.db,early_reversion_trades,,YES_C,BTC,1782031804,,,,,,,6
,BTC,True,London,,,,,,,,,,,,,,,,,,1782031816,538,1244,538,hist:er_v1,,,LONG,0.27,,,,,11,,,,,,,BTC,1782031816,,,,,,,6,,,1782021030,LONG,0.27,1782031816,,,,,11,,,,btc-updown-5m-1782031800,,,trades.db,early_reversion_trades,,YES_B,BTC,1782031816,,,,,,,6
,BTC,True,London,,,,,,,,,,,,,,,,,,1782032101,539,1245,539,hist:er_v1,,,SHORT,0.34,,,,,11,,,,,,,BTC,1782032101,,,,,,,6,,,1782021601,SHORT,0.34,1782032101,,,,,11,,,,btc-updown-5m-1782032100,,,trades.db,early_reversion_trades,,NO_C,BTC,1782032101,,,,,,,6
,BTC,True,London,,,,,,,,,,,,,,,,,,1782032410,540,1246,540,hist:er_v1,,,SHORT,0.37,,,,,12,,,,,,,BTC,1782032410,,,,,,,6,,,1782021617,SHORT,0.37,1782032410,,,,,12,,,,btc-updown-5m-1782032400,,,trades.db,early_reversion_trades,,NO_C,BTC,1782032410,,,,,,,6
,BTC,True,London,,,,,,,,,,,,,,,,,,1782033318,541,1247,541,hist:er_v1,,,LONG,0.39,,,,,12,,,,,,,BTC,1782033318,,,,,,,6,,,1782022550,LONG,0.39,1782033318,,,,,12,,,,btc-updown-5m-1782033300,,,trades.db,early_reversion_trades,,YES_C,BTC,1782033318,,,,,,,6
,BTC,True,London,,,,,,,,,,,,,,,,,,1782033322,542,1248,542,hist:er_v1,,,LONG,0.33,,,,,12,,,,,,,BTC,1782033322,,,,,,,6,,,1782022550,LONG,0.33,1782033322,,,,,12,,,,btc-updown-5m-1782033300,,,trades.db,early_reversion_trades,,YES_B,BTC,1782033322,,,,,,,6
,BTC,True,London,,,,,,,,,,,,,,,,,,1782033614,543,1249,543,hist:er_v1,,,LONG,0.39,,,,,12,,,,,,,BTC,1782033614,,,,,,,6,,,1782022847,LONG,0.39,1782033614,,,,,12,,,,btc-updown-5m-1782033600,,,trades.db,early_reversion_trades,,YES_C,BTC,1782033614,,,,,,,6
,BTC,True,London,,,,,,,,,,,,,,,,,,1782033917,544,1250,544,hist:er_v1,,,SHORT,0.32,,,,,12,,,,,,,BTC,1782033917,,,,,,,6,,,1782023401,SHORT,0.32,1782033917,,,,,12,,,,btc-updown-5m-1782033900,,,trades.db,early_reversion_trades,,NO_C,BTC,1782033917,,,,,,,6
,BTC,True,London,,,,,,,,,,,,,,,,,,1782034215,545,1251,545,hist:er_v1,,,SHORT,0.36,,,,,12,,,,,,,BTC,1782034215,,,,,,,6,,,1782023486,SHORT,0.36,1782034215,,,,,12,,,,btc-updown-5m-1782034200,,,trades.db,early_reversion_trades,,NO_C,BTC,1782034215,,,,,,,6
,BTC,True,London,,,,,,,,,,,,,,,,,,1782034505,546,1252,546,hist:er_v1,,,SHORT,0.37,,,,,12,,,,,,,BTC,1782034505,,,,,,,6,,,1782024001,SHORT,0.37,1782034505,,,,,12,,,,btc-updown-5m-1782034500,,,trades.db,early_reversion_trades,,NO_C,BTC,1782034505,,,,,,,6
,BTC,True,London,,,,,,,,,,,,,,,,,,1782034809,547,1253,547,hist:er_v1,,,SHORT,0.36,,,,,12,,,,,,,BTC,1782034809,,,,,,,6,,,1782024014,SHORT,0.36,1782034809,,,,,12,,,,btc-updown-5m-1782034800,,,trades.db,early_reversion_trades,,NO_C,BTC,1782034809,,,,,,,6
,BTC,True,London,,,,,,,,,,,,,,,,,,1782034823,548,1254,548,hist:er_v1,,,LONG,0.24,,,,,12,,,,,,,BTC,1782034823,,,,,,,6,,,1782024300,LONG,0.24,1782034823,,,,,12,,,,btc-updown-5m-1782034800,,,trades.db,early_reversion_trades,,YES_B,BTC,1782034823,,,,,,,6
,BTC,True,London,,,,,,,,,,,,,,,,,,1782034823,549,1255,549,hist:er_v1,,,LONG,0.24,,,,,12,,,,,,,BTC,1782034823,,,,,,,6,,,1782024300,LONG,0.24,1782034823,,,,,12,,,,btc-updown-5m-1782034800,,,trades.db,early_reversion_trades,,YES_C,BTC,1782034823,,,,,,,6
,BTC,True,London,,,,,,,,,,,,,,,,,,1782035102,550,1256,550,hist:er_v1,,,LONG,0.4,,,,,12,,,,,,,BTC,1782035102,,,,,,,6,,,1782024537,LONG,0.4,1782035102,,,,,12,,,,btc-updown-5m-1782035100,,,trades.db,early_reversion_trades,,YES_C,BTC,1782035102,,,,,,,6
,BTC,True,London,,,,,,,,,,,,,,,,,,1782035711,551,1257,551,hist:er_v1,,,SHORT,0.37,,,,,12,,,,,,,BTC,1782035711,,,,,,,6,,,1782024911,SHORT,0.37,1782035711,,,,,12,,,,btc-updown-5m-1782035700,,,trades.db,early_reversion_trades,,NO_C,BTC,1782035711,,,,,,,6
,BTC,True,NewYork,,,,,,,,,,,,,,,,,,1782036010,552,1258,552,hist:er_v1,,,LONG,0.4,,,,,13,,,,,,,BTC,1782036010,,,,,,,6,,,1782025222,LONG,0.4,1782036010,,,,,13,,,,btc-updown-5m-1782036000,,,trades.db,early_reversion_trades,,YES_C,BTC,1782036010,,,,,,,6
,BTC,True,NewYork,,,,,,,,,,,,,,,,,,1782036322,553,1259,553,hist:er_v1,,,LONG,0.4,,,,,13,,,,,,,BTC,1782036322,,,,,,,6,,,1782025569,LONG,0.4,1782036322,,,,,13,,,,btc-updown-5m-1782036300,,,trades.db,early_reversion_trades,,YES_C,BTC,1782036322,,,,,,,6
,BTC,True,NewYork,,,,,,,,,,,,,,,,,,1782036617,554,1260,554,hist:er_v1,,,LONG,0.39,,,,,13,,,,,,,BTC,1782036617,,,,,,,6,,,1782025819,LONG,0.39,1782036617,,,,,13,,,,btc-updown-5m-1782036600,,,trades.db,early_reversion_trades,,YES_C,BTC,1782036617,,,,,,,6
,BTC,True,NewYork,,,,,,,,,,,,,,,,,,1782036918,555,1261,555,hist:er_v1,,,LONG,0.4,,,,,13,,,,,,,BTC,1782036918,,,,,,,6,,,1782026125,LONG,0.4,1782036918,,,,,13,,,,btc-updown-5m-1782036900,,,trades.db,early_reversion_trades,,YES_C,BTC,1782036918,,,,,,,6
,BTC,True,NewYork,,,,,,,,,,,,,,,,,,1782037212,556,1262,556,hist:er_v1,,,LONG,0.4,,,,,13,,,,,,,BTC,1782037212,,,,,,,6,,,1782026417,LONG,0.4,1782037212,,,,,13,,,,btc-updown-5m-1782037200,,,trades.db,early_reversion_trades,,YES_C,BTC,1782037212,,,,,,,6
,BTC,True,NewYork,,,,,,,,,,,,,,,,,,1782037510,557,1263,557,hist:er_v1,,,LONG,0.37,,,,,13,,,,,,,BTC,1782037510,,,,,,,6,,,1782027000,LONG,0.37,1782037510,,,,,13,,,,btc-updown-5m-1782037500,,,trades.db,early_reversion_trades,,YES_C,BTC,1782037510,,,,,,,6
,BTC,True,NewYork,,,,,,,,,,,,,,,,,,1782037515,558,1264,558,hist:er_v1,,,LONG,0.21,,,,,13,,,,,,,BTC,1782037515,,,,,,,6,,,1782027000,LONG,0.21,1782037515,,,,,13,,,,btc-updown-5m-1782037500,,,trades.db,early_reversion_trades,,YES_B,BTC,1782037515,,,,,,,6
,BTC,True,NewYork,,,,,,,,,,,,,,,,,,1782037810,559,1265,559,hist:er_v1,,,LONG,0.39,,,,,13,,,,,,,BTC,1782037810,,,,,,,6,,,1782027015,LONG,0.39,1782037810,,,,,13,,,,btc-updown-5m-1782037800,,,trades.db,early_reversion_trades,,YES_C,BTC,1782037810,,,,,,,6
,BTC,True,NewYork,,,,,,,,,,,,,,,,,,1782038124,560,1266,560,hist:er_v1,,,SHORT,0.4,,,,,13,,,,,,,BTC,1782038124,,,,,,,6,,,1782027369,SHORT,0.4,1782038124,,,,,13,,,,btc-updown-5m-1782038100,,,trades.db,early_reversion_trades,,NO_C,BTC,1782038124,,,,,,,6
,BTC,True,NewYork,,,,,,,,,,,,,,,,,,1782039310,561,1267,561,hist:er_v1,,,LONG,0.35,,,,,13,,,,,,,BTC,1782039310,,,,,,,6,,,1782028601,LONG,0.35,1782039310,,,,,13,,,,btc-updown-5m-1782039300,,,trades.db,early_reversion_trades,,YES_B,BTC,1782039310,,,,,,,6
,BTC,True,NewYork,,,,,,,,,,,,,,,,,,1782039310,562,1268,562,hist:er_v1,,,LONG,0.35,,,,,13,,,,,,,BTC,1782039310,,,,,,,6,,,1782028601,LONG,0.35,1782039310,,,,,13,,,,btc-updown-5m-1782039300,,,trades.db,early_reversion_trades,,YES_C,BTC,1782039310,,,,,,,6
,BTC,True,NewYork,,,,,,,,,,,,,,,,,,1782039914,563,1269,563,hist:er_v1,,,LONG,0.4,,,,,14,,,,,,,BTC,1782039914,,,,,,,6,,,1782029117,LONG,0.4,1782039914,,,,,14,,,,btc-updown-5m-1782039900,,,trades.db,early_reversion_trades,,YES_C,BTC,1782039914,,,,,,,6
,BTC,True,NewYork,,,,,,,,,,,,,,,,,,1782040502,564,1270,564,hist:er_v1,,,LONG,0.4,,,,,14,,,,,,,BTC,1782040502,,,,,,,6,,,1782029702,LONG,0.4,1782040502,,,,,14,,,,btc-updown-5m-1782040500,,,trades.db,early_reversion_trades,,YES_C,BTC,1782040502,,,,,,,6
,BTC,True,NewYork,,,,,,,,,,,,,,,,,,1782040504,565,1271,565,hist:er_v1,,,LONG,0.32,,,,,14,,,,,,,BTC,1782040504,,,,,,,6,,,1782030003,LONG,0.32,1782040504,,,,,14,,,,btc-updown-5m-1782040500,,,trades.db,early_reversion_trades,,YES_B,BTC,1782040504,,,,,,,6
,BTC,True,NewYork,,,,,,,,,,,,,,,,,,1782040823,566,1272,566,hist:er_v1,,,SHORT,0.35,,,,,14,,,,,,,BTC,1782040823,,,,,,,6,,,1782030300,SHORT,0.35,1782040823,,,,,14,,,,btc-updown-5m-1782040800,,,trades.db,early_reversion_trades,,NO_C,BTC,1782040823,,,,,,,6
,BTC,True,NewYork,,,,,,,,,,,,,,,,,,1782041122,567,1273,567,hist:er_v1,,,SHORT,0.38,,,,,14,,,,,,,BTC,1782041122,,,,,,,6,,,1782030337,SHORT,0.38,1782041122,,,,,14,,,,btc-updown-5m-1782041100,,,trades.db,early_reversion_trades,,NO_C,BTC,1782041122,,,,,,,6
,BTC,True,NewYork,,,,,,,,,,,,,,,,,,1782041412,568,1274,568,hist:er_v1,,,SHORT,0.38,,,,,14,,,,,,,BTC,1782041412,,,,,,,6,,,1782030628,SHORT,0.38,1782041412,,,,,14,,,,btc-updown-5m-1782041400,,,trades.db,early_reversion_trades,,NO_C,BTC,1782041412,,,,,,,6
,BTC,True,NewYork,,,,,,,,,,,,,,,,,,1782042607,569,1275,569,hist:er_v1,,,LONG,0.25,,,,,14,,,,,,,BTC,1782042607,,,,,,,6,,,1782032101,LONG,0.25,1782042607,,,,,14,,,,btc-updown-5m-1782042600,,,trades.db,early_reversion_trades,,YES_B,BTC,1782042607,,,,,,,6
,BTC,True,NewYork,,,,,,,,,,,,,,,,,,1782042607,570,1276,570,hist:er_v1,,,LONG,0.25,,,,,14,,,,,,,BTC,1782042607,,,,,,,6,,,1782032101,LONG,0.25,1782042607,,,,,14,,,,btc-updown-5m-1782042600,,,trades.db,early_reversion_trades,,YES_C,BTC,1782042607,,,,,,,6
,BTC,True,NewYork,,,,,,,,,,,,,,,,,,1782044110,571,1277,571,hist:er_v1,,,LONG,0.4,,,,,15,,,,,,,BTC,1782044110,,,,,,,6,,,1782033340,LONG,0.4,1782044110,,,,,15,,,,btc-updown-5m-1782044100,,,trades.db,early_reversion_trades,,YES_C,BTC,1782044110,,,,,,,6
,BTC,True,NewYork,,,,,,,,,,,,,,,,,,1782044113,572,1278,572,hist:er_v1,,,LONG,0.32,,,,,15,,,,,,,BTC,1782044113,,,,,,,6,,,1782033331,LONG,0.32,1782044113,,,,,15,,,,btc-updown-5m-1782044100,,,trades.db,early_reversion_trades,,YES_B,BTC,1782044113,,,,,,,6
,BTC,True,NewYork,,,,,,,,,,,,,,,,,,1782044408,573,1279,573,hist:er_v1,,,SHORT,0.38,,,,,15,,,,,,,BTC,1782044408,,,,,,,6,,,1782033617,SHORT,0.38,1782044408,,,,,15,,,,btc-updown-5m-1782044400,,,trades.db,early_reversion_trades,,NO_C,BTC,1782044408,,,,,,,6
,BTC,True,NewYork,,,,,,,,,,,,,,,,,,1782044705,574,1280,574,hist:er_v1,,,SHORT,0.34,,,,,15,,,,,,,BTC,1782044705,,,,,,,6,,,1782033929,SHORT,0.34,1782044705,,,,,15,,,,btc-updown-5m-1782044700,,,trades.db,early_reversion_trades,,NO_C,BTC,1782044705,,,,,,,6
,BTC,True,NewYork,,,,,,,,,,,,,,,,,,1782045322,575,1281,575,hist:er_v1,,,SHORT,0.39,,,,,15,,,,,,,BTC,1782045322,,,,,,,6,,,1782034539,SHORT,0.39,1782045322,,,,,15,,,,btc-updown-5m-1782045300,,,trades.db,early_reversion_trades,,NO_C,BTC,1782045322,,,,,,,6
,BTC,True,NewYork,,,,,,,,,,,,,,,,,,1782045619,576,1282,576,hist:er_v1,,,SHORT,0.4,,,,,15,,,,,,,BTC,1782045619,,,,,,,6,,,1782035102,SHORT,0.4,1782045619,,,,,15,,,,btc-updown-5m-1782045600,,,trades.db,early_reversion_trades,,NO_C,BTC,1782045619,,,,,,,6
,BTC,True,NewYork,,,,,,,,,,,,,,,,,,1782045928,577,1283,577,hist:er_v1,,,SHORT,0.36,,,,,15,,,,,,,BTC,1782045928,,,,,,,6,,,1782035272,SHORT,0.36,1782045928,,,,,15,,,,btc-updown-5m-1782045900,,,trades.db,early_reversion_trades,,NO_C,BTC,1782045928,,,,,,,6
,BTC,True,NewYork,,,,,,,,,,,,,,,,,,1782046217,578,1284,578,hist:er_v1,,,LONG,0.38,,,,,15,,,,,,,BTC,1782046217,,,,,,,6,,,1782035417,LONG,0.38,1782046217,,,,,15,,,,btc-updown-5m-1782046200,,,trades.db,early_reversion_trades,,YES_C,BTC,1782046217,,,,,,,6
,BTC,True,NewYork,,,,,,,,,,,,,,,,,,1782046505,579,1285,579,hist:er_v1,,,SHORT,0.4,,,,,15,,,,,,,BTC,1782046505,,,,,,,6,,,1782035707,SHORT,0.4,1782046505,,,,,15,,,,btc-updown-5m-1782046500,,,trades.db,early_reversion_trades,,NO_C,BTC,1782046505,,,,,,,6
,BTC,True,NewYork,,,,,,,,,,,,,,,,,,1782046517,580,1286,580,hist:er_v1,,,LONG,0.36,,,,,15,,,,,,,BTC,1782046517,,,,,,,6,,,1782035761,LONG,0.36,1782046517,,,,,15,,,,btc-updown-5m-1782046500,,,trades.db,early_reversion_trades,,YES_C,BTC,1782046517,,,,,,,6
,BTC,True,NewYork,,,,,,,,,,,,,,,,,,1782046519,581,1287,581,hist:er_v1,,,LONG,0.28,,,,,15,,,,,,,BTC,1782046519,,,,,,,6,,,1782035736,LONG,0.28,1782046519,,,,,15,,,,btc-updown-5m-1782046500,,,trades.db,early_reversion_trades,,YES_B,BTC,1782046519,,,,,,,6
,BTC,True,NewYork,,,,,,,,,,,,,,,,,,1782046826,582,1288,582,hist:er_v1,,,LONG,0.38,,,,,16,,,,,,,BTC,1782046826,,,,,,,6,,,1782036300,LONG,0.38,1782046826,,,,,16,,,,btc-updown-5m-1782046800,,,trades.db,early_reversion_trades,,YES_C,BTC,1782046826,,,,,,,6
,BTC,True,NewYork,,,,,,,,,,,,,,,,,,1782047114,583,1289,583,hist:er_v1,,,LONG,0.4,,,,,16,,,,,,,BTC,1782047114,,,,,,,6,,,1782036331,LONG,0.4,1782047114,,,,,16,,,,btc-updown-5m-1782047100,,,trades.db,early_reversion_trades,,YES_C,BTC,1782047114,,,,,,,6
,BTC,True,NewYork,,,,,,,,,,,,,,,,,,1782047720,584,1290,584,hist:er_v1,,,SHORT,0.4,,,,,16,,,,,,,BTC,1782047720,,,,,,,6,,,1782037200,SHORT,0.4,1782047720,,,,,16,,,,btc-updown-5m-1782047700,,,trades.db,early_reversion_trades,,NO_C,BTC,1782047720,,,,,,,6
,BTC,True,NewYork,,,,,,,,,,,,,,,,,,1782048605,585,1291,585,hist:er_v1,,,SHORT,0.4,,,,,16,,,,,,,BTC,1782048605,,,,,,,6,,,1782037817,SHORT,0.4,1782048605,,,,,16,,,,btc-updown-5m-1782048600,,,trades.db,early_reversion_trades,,NO_C,BTC,1782048605,,,,,,,6
,BTC,True,NewYork,,,,,,,,,,,,,,,,,,1782048622,586,1292,586,hist:er_v1,,,LONG,0.4,,,,,16,,,,,,,BTC,1782048622,,,,,,,6,,,1782037829,LONG,0.4,1782048622,,,,,16,,,,btc-updown-5m-1782048600,,,trades.db,early_reversion_trades,,YES_C,BTC,1782048622,,,,,,,6
,BTC,True,NewYork,,,,,,,,,,,,,,,,,,1782049204,587,1293,587,hist:er_v1,,,LONG,0.35,,,,,16,,,,,,,BTC,1782049204,,,,,,,6,,,1782038407,LONG,0.35,1782049204,,,,,16,,,,btc-updown-5m-1782049200,,,trades.db,early_reversion_trades,,YES_B,BTC,1782049204,,,,,,,6
,BTC,True,NewYork,,,,,,,,,,,,,,,,,,1782049204,588,1294,588,hist:er_v1,,,LONG,0.35,,,,,16,,,,,,,BTC,1782049204,,,,,,,6,,,1782038433,LONG,0.35,1782049204,,,,,16,,,,btc-updown-5m-1782049200,,,trades.db,early_reversion_trades,,YES_C,BTC,1782049204,,,,,,,6
,BTC,True,NewYork,,,,,,,,,,,,,,,,,,1782049505,589,1295,589,hist:er_v1,,,LONG,0.4,,,,,16,,,,,,,BTC,1782049505,,,,,,,6,,,1782038710,LONG,0.4,1782049505,,,,,16,,,,btc-updown-5m-1782049500,,,trades.db,early_reversion_trades,,YES_C,BTC,1782049505,,,,,,,6
,BTC,True,NewYork,,,,,,,,,,,,,,,,,,1782049807,590,1296,590,hist:er_v1,,,SHORT,0.34,,,,,16,,,,,,,BTC,1782049807,,,,,,,6,,,1782039300,SHORT,0.34,1782049807,,,,,16,,,,btc-updown-5m-1782049800,,,trades.db,early_reversion_trades,,NO_C,BTC,1782049807,,,,,,,6
,BTC,True,NewYork,,,,,,,,,,,,,,,,,,1782050106,591,1297,591,hist:er_v1,,,SHORT,0.4,,,,,16,,,,,,,BTC,1782050106,,,,,,,6,,,1782039354,SHORT,0.4,1782050106,,,,,16,,,,btc-updown-5m-1782050100,,,trades.db,early_reversion_trades,,NO_C,BTC,1782050106,,,,,,,6
,BTC,True,NewYork,,,,,,,,,,,,,,,,,,1782050703,592,1298,592,hist:er_v1,,,SHORT,0.34,,,,,17,,,,,,,BTC,1782050703,,,,,,,6,,,1782040056,SHORT,0.34,1782050703,,,,,17,,,,btc-updown-5m-1782050700,,,trades.db,early_reversion_trades,,NO_C,BTC,1782050703,,,,,,,6
,BTC,True,NewYork,,,,,,,,,,,,,,,,,,1782051021,593,1299,593,hist:er_v1,,,LONG,0.37,,,,,17,,,,,,,BTC,1782051021,,,,,,,6,,,1782040229,LONG,0.37,1782051021,,,,,17,,,,btc-updown-5m-1782051000,,,trades.db,early_reversion_trades,,YES_C,BTC,1782051021,,,,,,,6
,BTC,True,NewYork,,,,,,,,,,,,,,,,,,1782051313,594,1300,594,hist:er_v1,,,LONG,0.38,,,,,17,,,,,,,BTC,1782051313,,,,,,,6,,,1782040527,LONG,0.38,1782051313,,,,,17,,,,btc-updown-5m-1782051300,,,trades.db,early_reversion_trades,,YES_C,BTC,1782051313,,,,,,,6
,BTC,True,NewYork,,,,,,,,,,,,,,,,,,1782051316,595,1301,595,hist:er_v1,,,LONG,0.35,,,,,17,,,,,,,BTC,1782051316,,,,,,,6,,,1782040524,LONG,0.35,1782051316,,,,,17,,,,btc-updown-5m-1782051300,,,trades.db,early_reversion_trades,,YES_B,BTC,1782051316,,,,,,,6
,BTC,True,NewYork,,,,,,,,,,,,,,,,,,1782051606,596,1302,596,hist:er_v1,,,LONG,0.4,,,,,17,,,,,,,BTC,1782051606,,,,,,,6,,,1782040811,LONG,0.4,1782051606,,,,,17,,,,btc-updown-5m-1782051600,,,trades.db,early_reversion_trades,,YES_C,BTC,1782051606,,,,,,,6
,BTC,True,NewYork,,,,,,,,,,,,,,,,,,1782052214,597,1303,597,hist:er_v1,,,LONG,0.39,,,,,17,,,,,,,BTC,1782052214,,,,,,,6,,,1782041444,LONG,0.39,1782052214,,,,,17,,,,btc-updown-5m-1782052200,,,trades.db,early_reversion_trades,,YES_C,BTC,1782052214,,,,,,,6
,BTC,True,NewYork,,,,,,,,,,,,,,,,,,1782052217,598,1304,598,hist:er_v1,,,LONG,0.32,,,,,17,,,,,,,BTC,1782052217,,,,,,,6,,,1782041439,LONG,0.32,1782052217,,,,,17,,,,btc-updown-5m-1782052200,,,trades.db,early_reversion_trades,,YES_B,BTC,1782052217,,,,,,,6
,BTC,True,NewYork,,,,,,,,,,,,,,,,,,1782052811,599,1305,599,hist:er_v1,,,SHORT,0.37,,,,,17,,,,,,,BTC,1782052811,,,,,,,6,,,1782042011,SHORT,0.37,1782052811,,,,,17,,,,btc-updown-5m-1782052800,,,trades.db,early_reversion_trades,,NO_C,BTC,1782052811,,,,,,,6
,BTC,True,NewYork,,,,,,,,,,,,,,,,,,1782053413,600,1306,600,hist:er_v1,,,SHORT,0.27,,,,,17,,,,,,,BTC,1782053413,,,,,,,6,,,1782042900,SHORT,0.27,1782053413,,,,,17,,,,btc-updown-5m-1782053400,,,trades.db,early_reversion_trades,,NO_C,BTC,1782053413,,,,,,,6
,BTC,True,NewYork,,,,,,,,,,,,,,,,,,1782053708,601,1307,601,hist:er_v1,,,SHORT,0.36,,,,,17,,,,,,,BTC,1782053708,,,,,,,6,,,1782043200,SHORT,0.36,1782053708,,,,,17,,,,btc-updown-5m-1782053700,,,trades.db,early_reversion_trades,,NO_C,BTC,1782053708,,,,,,,6
,BTC,True,NewYork,,,,,,,,,,,,,,,,,,1782054316,602,1308,602,hist:er_v1,,,SHORT,0.4,,,,,18,,,,,,,BTC,1782054316,,,,,,,6,,,1782043518,SHORT,0.4,1782054316,,,,,18,,,,btc-updown-5m-1782054300,,,trades.db,early_reversion_trades,,NO_C,BTC,1782054316,,,,,,,6
,BTC,True,NewYork,,,,,,,,,,,,,,,,,,1782054619,603,1309,603,hist:er_v1,,,LONG,0.4,,,,,18,,,,,,,BTC,1782054619,,,,,,,6,,,1782044104,LONG,0.4,1782054619,,,,,18,,,,btc-updown-5m-1782054600,,,trades.db,early_reversion_trades,,YES_C,BTC,1782054619,,,,,,,6
,BTC,True,NewYork,,,,,,,,,,,,,,,,,,1782054908,604,1310,604,hist:er_v1,,,SHORT,0.35,,,,,18,,,,,,,BTC,1782054908,,,,,,,6,,,1782044400,SHORT,0.35,1782054908,,,,,18,,,,btc-updown-5m-1782054900,,,trades.db,early_reversion_trades,,NO_C,BTC,1782054908,,,,,,,6
,BTC,True,NewYork,,,,,,,,,,,,,,,,,,1782055208,605,1311,605,hist:er_v1,,,LONG,0.4,,,,,18,,,,,,,BTC,1782055208,,,,,,,6,,,1782044418,LONG,0.4,1782055208,,,,,18,,,,btc-updown-5m-1782055200,,,trades.db,early_reversion_trades,,YES_C,BTC,1782055208,,,,,,,6
,BTC,True,NewYork,,,,,,,,,,,,,,,,,,1782055818,606,1312,606,hist:er_v1,,,LONG,0.4,,,,,18,,,,,,,BTC,1782055818,,,,,,,6,,,1782045301,LONG,0.4,1782055818,,,,,18,,,,btc-updown-5m-1782055800,,,trades.db,early_reversion_trades,,YES_C,BTC,1782055818,,,,,,,6
,BTC,True,NewYork,,,,,,,,,,,,,,,,,,1782055824,607,1313,607,hist:er_v1,,,LONG,0.28,,,,,18,,,,,,,BTC,1782055824,,,,,,,6,,,1782045301,LONG,0.28,1782055824,,,,,18,,,,btc-updown-5m-1782055800,,,trades.db,early_reversion_trades,,YES_B,BTC,1782055824,,,,,,,6
,BTC,True,NewYork,,,,,,,,,,,,,,,,,,1782056118,608,1314,608,hist:er_v1,,,SHORT,0.39,,,,,18,,,,,,,BTC,1782056118,,,,,,,6,,,1782045326,SHORT,0.39,1782056118,,,,,18,,,,btc-updown-5m-1782056100,,,trades.db,early_reversion_trades,,NO_C,BTC,1782056118,,,,,,,6
,BTC,True,NewYork,,,,,,,,,,,,,,,,,,1782056415,609,1315,609,hist:er_v1,,,SHORT,0.38,,,,,18,,,,,,,BTC,1782056415,,,,,,,6,,,1782045618,SHORT,0.38,1782056415,,,,,18,,,,btc-updown-5m-1782056400,,,trades.db,early_reversion_trades,,NO_C,BTC,1782056415,,,,,,,6
,BTC,True,NewYork,,,,,,,,,,,,,,,,,,1782057303,610,1316,610,hist:er_v1,,,LONG,0.36,,,,,18,,,,,,,BTC,1782057303,,,,,,,6,,,1782046623,LONG,0.36,1782057303,,,,,18,,,,btc-updown-5m-1782057300,,,trades.db,early_reversion_trades,,YES_C,BTC,1782057303,,,,,,,6
,BTC,True,NewYork,,,,,,,,,,,,,,,,,,1782057322,611,1317,611,hist:er_v1,,,LONG,0.29,,,,,18,,,,,,,BTC,1782057322,,,,,,,6,,,1782046536,LONG,0.29,1782057322,,,,,18,,,,btc-updown-5m-1782057300,,,trades.db,early_reversion_trades,,YES_B,BTC,1782057322,,,,,,,6
,BTC,True,NewYork,,,,,,,,,,,,,,,,,,1782057622,612,1318,612,hist:er_v1,,,LONG,0.36,,,,,19,,,,,,,BTC,1782057622,,,,,,,6,,,1782046902,LONG,0.36,1782057622,,,,,19,,,,btc-updown-5m-1782057600,,,trades.db,early_reversion_trades,,YES_C,BTC,1782057622,,,,,,,6
,BTC,True,NewYork,,,,,,,,,,,,,,,,,,1782058210,613,1319,613,hist:er_v1,,,SHORT,0.39,,,,,19,,,,,,,BTC,1782058210,,,,,,,6,,,1782047428,SHORT,0.39,1782058210,,,,,19,,,,btc-updown-5m-1782058200,,,trades.db,early_reversion_trades,,NO_C,BTC,1782058210,,,,,,,6
,BTC,True,NewYork,,,,,,,,,,,,,,,,,,1782058527,614,1320,614,hist:er_v1,,,LONG,0.4,,,,,19,,,,,,,BTC,1782058527,,,,,,,6,,,1782047763,LONG,0.4,1782058527,,,,,19,,,,btc-updown-5m-1782058500,,,trades.db,early_reversion_trades,,YES_C,BTC,1782058527,,,,,,,6
,BTC,True,NewYork,,,,,,,,,,,,,,,,,,1782058529,615,1321,615,hist:er_v1,,,LONG,0.35,,,,,19,,,,,,,BTC,1782058529,,,,,,,6,,,1782047741,LONG,0.35,1782058529,,,,,19,,,,btc-updown-5m-1782058500,,,trades.db,early_reversion_trades,,YES_B,BTC,1782058529,,,,,,,6
,BTC,True,NewYork,,,,,,,,,,,,,,,,,,1782058802,616,1322,616,hist:er_v1,,,LONG,0.39,,,,,19,,,,,,,BTC,1782058802,,,,,,,6,,,1782048013,LONG,0.39,1782058802,,,,,19,,,,btc-updown-5m-1782058800,,,trades.db,early_reversion_trades,,YES_C,BTC,1782058802,,,,,,,6
,BTC,True,NewYork,,,,,,,,,,,,,,,,,,1782059410,617,1323,617,hist:er_v1,,,SHORT,0.38,,,,,19,,,,,,,BTC,1782059410,,,,,,,6,,,1782048612,SHORT,0.38,1782059410,,,,,19,,,,btc-updown-5m-1782059400,,,trades.db,early_reversion_trades,,NO_C,BTC,1782059410,,,,,,,6
,BTC,True,NewYork,,,,,,,,,,,,,,,,,,1782059420,618,1324,618,hist:er_v1,,,LONG,0.4,,,,,19,,,,,,,BTC,1782059420,,,,,,,6,,,1782048632,LONG,0.4,1782059420,,,,,19,,,,btc-updown-5m-1782059400,,,trades.db,early_reversion_trades,,YES_C,BTC,1782059420,,,,,,,6
,BTC,True,NewYork,,,,,,,,,,,,,,,,,,1782059427,619,1325,619,hist:er_v1,,,LONG,0.34,,,,,19,,,,,,,BTC,1782059427,,,,,,,6,,,1782048632,LONG,0.34,1782059427,,,,,19,,,,btc-updown-5m-1782059400,,,trades.db,early_reversion_trades,,YES_B,BTC,1782059427,,,,,,,6
,BTC,True,NewYork,,,,,,,,,,,,,,,,,,1782059703,620,1326,620,hist:er_v1,,,SHORT,0.38,,,,,19,,,,,,,BTC,1782059703,,,,,,,6,,,1782049067,SHORT,0.38,1782059703,,,,,19,,,,btc-updown-5m-1782059700,,,trades.db,early_reversion_trades,,NO_C,BTC,1782059703,,,,,,,6
,BTC,True,NewYork,,,,,,,,,,,,,,,,,,1782060018,621,1327,621,hist:er_v1,,,SHORT,0.38,,,,,19,,,,,,,BTC,1782060018,,,,,,,6,,,1782049501,SHORT,0.38,1782060018,,,,,19,,,,btc-updown-5m-1782060000,,,trades.db,early_reversion_trades,,NO_C,BTC,1782060018,,,,,,,6
,BTC,True,NewYork,,,,,,,,,,,,,,,,,,1782060302,622,1328,622,hist:er_v1,,,SHORT,0.4,,,,,19,,,,,,,BTC,1782060302,,,,,,,6,,,1782049509,SHORT,0.4,1782060302,,,,,19,,,,btc-updown-5m-1782060300,,,trades.db,early_reversion_trades,,NO_C,BTC,1782060302,,,,,,,6
,BTC,True,NewYork,,,,,,,,,,,,,,,,,,1782060602,623,1329,623,hist:er_v1,,,SHORT,0.38,,,,,19,,,,,,,BTC,1782060602,,,,,,,6,,,1782049827,SHORT,0.38,1782060602,,,,,19,,,,btc-updown-5m-1782060600,,,trades.db,early_reversion_trades,,NO_C,BTC,1782060602,,,,,,,6
,BTC,True,NewYork,,,,,,,,,,,,,,,,,,1782060926,624,1330,624,hist:er_v1,,,SHORT,0.38,,,,,19,,,,,,,BTC,1782060926,,,,,,,6,,,1782050178,SHORT,0.38,1782060926,,,,,19,,,,btc-updown-5m-1782060900,,,trades.db,early_reversion_trades,,NO_C,BTC,1782060926,,,,,,,6
,BTC,True,NewYork,,,,,,,,,,,,,,,,,,1782061510,625,1331,625,hist:er_v1,,,SHORT,0.37,,,,,20,,,,,,,BTC,1782061510,,,,,,,6,,,1782050722,SHORT,0.37,1782061510,,,,,20,,,,btc-updown-5m-1782061500,,,trades.db,early_reversion_trades,,NO_C,BTC,1782061510,,,,,,,6
,BTC,True,NewYork,,,,,,,,,,,,,,,,,,1782061527,626,1332,626,hist:er_v1,,,LONG,0.4,,,,,20,,,,,,,BTC,1782061527,,,,,,,6,,,1782050736,LONG,0.4,1782061527,,,,,20,,,,btc-updown-5m-1782061500,,,trades.db,early_reversion_trades,,YES_C,BTC,1782061527,,,,,,,6
,BTC,True,NewYork,,,,,,,,,,,,,,,,,,1782061816,627,1333,627,hist:er_v1,,,LONG,0.38,,,,,20,,,,,,,BTC,1782061816,,,,,,,6,,,1782051082,LONG,0.38,1782061816,,,,,20,,,,btc-updown-5m-1782061800,,,trades.db,early_reversion_trades,,YES_C,BTC,1782061816,,,,,,,6
,BTC,True,NewYork,,,,,,,,,,,,,,,,,,1782062115,628,1334,628,hist:er_v1,,,LONG,0.35,,,,,20,,,,,,,BTC,1782062115,,,,,,,6,,,1782051320,LONG,0.35,1782062115,,,,,20,,,,btc-updown-5m-1782062100,,,trades.db,early_reversion_trades,,YES_B,BTC,1782062115,,,,,,,6
,BTC,True,NewYork,,,,,,,,,,,,,,,,,,1782062115,629,1335,629,hist:er_v1,,,LONG,0.35,,,,,20,,,,,,,BTC,1782062115,,,,,,,6,,,1782051322,LONG,0.35,1782062115,,,,,20,,,,btc-updown-5m-1782062100,,,trades.db,early_reversion_trades,,YES_C,BTC,1782062115,,,,,,,6
,BTC,True,NewYork,,,,,,,,,,,,,,,,,,1782062716,630,1336,630,hist:er_v1,,,LONG,0.35,,,,,20,,,,,,,BTC,1782062716,,,,,,,6,,,1782051943,LONG,0.35,1782062716,,,,,20,,,,btc-updown-5m-1782062700,,,trades.db,early_reversion_trades,,YES_B,BTC,1782062716,,,,,,,6
,BTC,True,NewYork,,,,,,,,,,,,,,,,,,1782062716,631,1337,631,hist:er_v1,,,LONG,0.35,,,,,20,,,,,,,BTC,1782062716,,,,,,,6,,,1782051943,LONG,0.35,1782062716,,,,,20,,,,btc-updown-5m-1782062700,,,trades.db,early_reversion_trades,,YES_C,BTC,1782062716,,,,,,,6
,BTC,True,NewYork,,,,,,,,,,,,,,,,,,1782063026,632,1338,632,hist:er_v1,,,SHORT,0.4,,,,,20,,,,,,,BTC,1782063026,,,,,,,6,,,1782052234,SHORT,0.4,1782063026,,,,,20,,,,btc-updown-5m-1782063000,,,trades.db,early_reversion_trades,,NO_C,BTC,1782063026,,,,,,,6
,BTC,True,NewYork,,,,,,,,,,,,,,,,,,1782063905,633,1339,633,hist:er_v1,,,SHORT,0.35,,,,,20,,,,,,,BTC,1782063905,,,,,,,6,,,1782053400,SHORT,0.35,1782063905,,,,,20,,,,btc-updown-5m-1782063900,,,trades.db,early_reversion_trades,,NO_C,BTC,1782063905,,,,,,,6
,BTC,True,NewYork,,,,,,,,,,,,,,,,,,1782064505,634,1340,634,hist:er_v1,,,LONG,0.37,,,,,20,,,,,,,BTC,1782064505,,,,,,,6,,,1782053740,LONG,0.37,1782064505,,,,,20,,,,btc-updown-5m-1782064500,,,trades.db,early_reversion_trades,,YES_C,BTC,1782064505,,,,,,,6
,BTC,True,Offhours,,,,,,,,,,,,,,,,,,1782064823,635,1341,635,hist:er_v1,,,SHORT,0.39,,,,,21,,,,,,,BTC,1782064823,,,,,,,6,,,1782054070,SHORT,0.39,1782064823,,,,,21,,,,btc-updown-5m-1782064800,,,trades.db,early_reversion_trades,,NO_C,BTC,1782064823,,,,,,,6
,BTC,True,Offhours,,,,,,,,,,,,,,,,,,1782065108,636,1342,636,hist:er_v1,,,SHORT,0.37,,,,,21,,,,,,,BTC,1782065108,,,,,,,6,,,1782054330,SHORT,0.37,1782065108,,,,,21,,,,btc-updown-5m-1782065100,,,trades.db,early_reversion_trades,,NO_C,BTC,1782065108,,,,,,,6
,BTC,True,Offhours,,,,,,,,,,,,,,,,,,1782065722,637,1343,637,hist:er_v1,,,SHORT,0.35,,,,,21,,,,,,,BTC,1782065722,,,,,,,6,,,1782054962,SHORT,0.35,1782065722,,,,,21,,,,btc-updown-5m-1782065700,,,trades.db,early_reversion_trades,,NO_C,BTC,1782065722,,,,,,,6
,BTC,True,Offhours,,,,,,,,,,,,,,,,,,1782066316,638,1344,638,hist:er_v1,,,SHORT,0.4,,,,,21,,,,,,,BTC,1782066316,,,,,,,6,,,1782055519,SHORT,0.4,1782066316,,,,,21,,,,btc-updown-5m-1782066300,,,trades.db,early_reversion_trades,,NO_C,BTC,1782066316,,,,,,,6
,BTC,True,Offhours,,,,,,,,,,,,,,,,,,1782067220,639,1345,639,hist:er_v1,,,SHORT,0.4,,,,,21,,,,,,,BTC,1782067220,,,,,,,6,,,1782056426,SHORT,0.4,1782067220,,,,,21,,,,btc-updown-5m-1782067200,,,trades.db,early_reversion_trades,,NO_C,BTC,1782067220,,,,,,,6
,BTC,True,Offhours,,,,,,,,,,,,,,,,,,1782067802,640,1346,640,hist:er_v1,,,SHORT,0.38,,,,,21,,,,,,,BTC,1782067802,,,,,,,6,,,1782057010,SHORT,0.38,1782067802,,,,,21,,,,btc-updown-5m-1782067800,,,trades.db,early_reversion_trades,,NO_C,BTC,1782067802,,,,,,,6
,BTC,True,Offhours,,,,,,,,,,,,,,,,,,1782068106,641,1347,641,hist:er_v1,,,LONG,0.38,,,,,21,,,,,,,BTC,1782068106,,,,,,,6,,,1782057543,LONG,0.38,1782068106,,,,,21,,,,btc-updown-5m-1782068100,,,trades.db,early_reversion_trades,,YES_C,BTC,1782068106,,,,,,,6
,BTC,True,Offhours,,,,,,,,,,,,,,,,,,1782068108,642,1348,642,hist:er_v1,,,LONG,0.35,,,,,21,,,,,,,BTC,1782068108,,,,,,,6,,,1782057355,LONG,0.35,1782068108,,,,,21,,,,btc-updown-5m-1782068100,,,trades.db,early_reversion_trades,,YES_B,BTC,1782068108,,,,,,,6
,BTC,True,Offhours,,,,,,,,,,,,,,,,,,1782068418,643,1349,643,hist:er_v1,,,LONG,0.35,,,,,22,,,,,,,BTC,1782068418,,,,,,,6,,,1782057626,LONG,0.35,1782068418,,,,,22,,,,btc-updown-5m-1782068400,,,trades.db,early_reversion_trades,,YES_B,BTC,1782068418,,,,,,,6
,BTC,True,Offhours,,,,,,,,,,,,,,,,,,1782068418,644,1350,644,hist:er_v1,,,LONG,0.35,,,,,22,,,,,,,BTC,1782068418,,,,,,,6,,,1782057626,LONG,0.35,1782068418,,,,,22,,,,btc-updown-5m-1782068400,,,trades.db,early_reversion_trades,,YES_C,BTC,1782068418,,,,,,,6
,BTC,True,Offhours,,,,,,,,,,,,,,,,,,1782069312,645,1351,645,hist:er_v1,,,LONG,0.4,,,,,22,,,,,,,BTC,1782069312,,,,,,,6,,,1782058535,LONG,0.4,1782069312,,,,,22,,,,btc-updown-5m-1782069300,,,trades.db,early_reversion_trades,,YES_C,BTC,1782069312,,,,,,,6
,BTC,True,Offhours,,,,,,,,,,,,,,,,,,1782069317,646,1352,646,hist:er_v1,,,LONG,0.35,,,,,22,,,,,,,BTC,1782069317,,,,,,,6,,,1782058535,LONG,0.35,1782069317,,,,,22,,,,btc-updown-5m-1782069300,,,trades.db,early_reversion_trades,,YES_B,BTC,1782069317,,,,,,,6
,BTC,True,Offhours,,,,,,,,,,,,,,,,,,1782069608,647,1353,647,hist:er_v1,,,LONG,0.4,,,,,22,,,,,,,BTC,1782069608,,,,,,,6,,,1782059009,LONG,0.4,1782069608,,,,,22,,,,btc-updown-5m-1782069600,,,trades.db,early_reversion_trades,,YES_C,BTC,1782069608,,,,,,,6
,BTC,True,Offhours,,,,,,,,,,,,,,,,,,1782069622,648,1354,648,hist:er_v1,,,LONG,0.32,,,,,22,,,,,,,BTC,1782069622,,,,,,,6,,,1782058832,LONG,0.32,1782069622,,,,,22,,,,btc-updown-5m-1782069600,,,trades.db,early_reversion_trades,,YES_B,BTC,1782069622,,,,,,,6
,BTC,True,Offhours,,,,,,,,,,,,,,,,,,1782072007,649,1355,649,hist:er_v1,,,SHORT,0.38,,,,,23,,,,,,,BTC,1782072007,,,,,,,6,,,1782061236,SHORT,0.38,1782072007,,,,,23,,,,btc-updown-5m-1782072000,,,trades.db,early_reversion_trades,,NO_C,BTC,1782072007,,,,,,,6
,BTC,True,Offhours,,,,,,,,,,,,,,,,,,1782072329,650,1356,650,hist:er_v1,,,SHORT,0.4,,,,,23,,,,,,,BTC,1782072329,,,,,,,6,,,1782061800,SHORT,0.4,1782072329,,,,,23,,,,btc-updown-5m-1782072300,,,trades.db,early_reversion_trades,,NO_C,BTC,1782072329,,,,,,,6
,BTC,True,Offhours,,,,,,,,,,,,,,,,,,1782072616,651,1357,651,hist:er_v1,,,LONG,0.32,,,,,23,,,,,,,BTC,1782072616,,,,,,,6,,,1782062101,LONG,0.32,1782072616,,,,,23,,,,btc-updown-5m-1782072600,,,trades.db,early_reversion_trades,,YES_B,BTC,1782072616,,,,,,,6
,BTC,True,Offhours,,,,,,,,,,,,,,,,,,1782073213,652,1358,652,hist:er_v1,,,SHORT,0.35,,,,,23,,,,,,,BTC,1782073213,,,,,,,6,,,1782062701,SHORT,0.35,1782073213,,,,,23,,,,btc-updown-5m-1782073200,,,trades.db,early_reversion_trades,,NO_C,BTC,1782073213,,,,,,,6
,BTC,True,Offhours,,,,,,,,,,,,,,,,,,1782073519,653,1359,653,hist:er_v1,,,SHORT,0.39,,,,,23,,,,,,,BTC,1782073519,,,,,,,6,,,1782062733,SHORT,0.39,1782073519,,,,,23,,,,btc-updown-5m-1782073500,,,trades.db,early_reversion_trades,,NO_C,BTC,1782073519,,,,,,,6
,BTC,True,Offhours,,,,,,,,,,,,,,,,,,1782073821,654,1360,654,hist:er_v1,,,SHORT,0.37,,,,,23,,,,,,,BTC,1782073821,,,,,,,6,,,1782063087,SHORT,0.37,1782073821,,,,,23,,,,btc-updown-5m-1782073800,,,trades.db,early_reversion_trades,,NO_C,BTC,1782073821,,,,,,,6
,BTC,True,Offhours,,,,,,,,,,,,,,,,,,1782074122,655,1361,655,hist:er_v1,,,SHORT,0.31,,,,,23,,,,,,,BTC,1782074122,,,,,,,6,,,1782063439,SHORT,0.31,1782074122,,,,,23,,,,btc-updown-5m-1782074100,,,trades.db,early_reversion_trades,,NO_C,BTC,1782074122,,,,,,,6
,BTC,True,Offhours,,,,,,,,,,,,,,,,,,1782075018,656,1362,656,hist:er_v1,,,SHORT,0.3,,,,,23,,,,,,,BTC,1782075018,,,,,,,6,,,1782064255,SHORT,0.3,1782075018,,,,,23,,,,btc-updown-5m-1782075000,,,trades.db,early_reversion_trades,,NO_C,BTC,1782075018,,,,,,,6
,BTC,True,Offhours,,,,,,,,,,,,,,,,,,1782075302,657,1363,657,hist:er_v1,,,SHORT,0.4,,,,,23,,,,,,,BTC,1782075302,,,,,,,6,,,1782064504,SHORT,0.4,1782075302,,,,,23,,,,btc-updown-5m-1782075300,,,trades.db,early_reversion_trades,,NO_C,BTC,1782075302,,,,,,,6
,BTC,True,Asia,,,,,,,,,,,,,,,,,,1782075624,658,1364,658,hist:er_v1,,,SHORT,0.38,,,,,0,,,,,,,BTC,1782075624,,,,,,,0,,,1782064835,SHORT,0.38,1782075624,,,,,0,,,,btc-updown-5m-1782075600,,,trades.db,early_reversion_trades,,NO_C,BTC,1782075624,,,,,,,0
,BTC,True,Asia,,,,,,,,,,,,,,,,,,1782076216,659,1365,659,hist:er_v1,,,SHORT,0.34,,,,,0,,,,,,,BTC,1782076216,,,,,,,0,,,1782065457,SHORT,0.34,1782076216,,,,,0,,,,btc-updown-5m-1782076200,,,trades.db,early_reversion_trades,,NO_C,BTC,1782076216,,,,,,,0
,BTC,True,Asia,,,,,,,,,,,,,,,,,,1782076508,660,1366,660,hist:er_v1,,,SHORT,0.39,,,,,0,,,,,,,BTC,1782076508,,,,,,,0,,,1782065792,SHORT,0.39,1782076508,,,,,0,,,,btc-updown-5m-1782076500,,,trades.db,early_reversion_trades,,NO_C,BTC,1782076508,,,,,,,0
,BTC,True,Asia,,,,,,,,,,,,,,,,,,1782076814,661,1367,661,hist:er_v1,,,SHORT,0.4,,,,,0,,,,,,,BTC,1782076814,,,,,,,0,,,1782066302,SHORT,0.4,1782076814,,,,,0,,,,btc-updown-5m-1782076800,,,trades.db,early_reversion_trades,,NO_C,BTC,1782076814,,,,,,,0
,BTC,True,Asia,,,,,,,,,,,,,,,,,,1782077108,662,1368,662,hist:er_v1,,,LONG,0.31,,,,,0,,,,,,,BTC,1782077108,,,,,,,0,,,1782066371,LONG,0.31,1782077108,,,,,0,,,,btc-updown-5m-1782077100,,,trades.db,early_reversion_trades,,YES_B,BTC,1782077108,,,,,,,0
,BTC,True,Asia,,,,,,,,,,,,,,,,,,1782077413,663,1369,663,hist:er_v1,,,SHORT,0.39,,,,,0,,,,,,,BTC,1782077413,,,,,,,0,,,1782066900,SHORT,0.39,1782077413,,,,,0,,,,btc-updown-5m-1782077400,,,trades.db,early_reversion_trades,,NO_C,BTC,1782077413,,,,,,,0
,BTC,True,Asia,,,,,,,,,,,,,,,,,,1782078024,664,1370,664,hist:er_v1,,,LONG,0.34,,,,,0,,,,,,,BTC,1782078024,,,,,,,0,,,1782067246,LONG,0.34,1782078024,,,,,0,,,,btc-updown-5m-1782078000,,,trades.db,early_reversion_trades,,YES_B,BTC,1782078024,,,,,,,0
,BTC,True,Asia,,,,,,,,,,,,,,,,,,1782078328,665,1371,665,hist:er_v1,,,LONG,0.28,,,,,0,,,,,,,BTC,1782078328,,,,,,,0,,,1782067689,LONG,0.28,1782078328,,,,,0,,,,btc-updown-5m-1782078300,,,trades.db,early_reversion_trades,,YES_B,BTC,1782078328,,,,,,,0
,BTC,True,Asia,,,,,,,,,,,,,,,,,,1782078622,666,1372,666,hist:er_v1,,,LONG,0.32,,,,,0,,,,,,,BTC,1782078622,,,,,,,0,,,1782067831,LONG,0.32,1782078622,,,,,0,,,,btc-updown-5m-1782078600,,,trades.db,early_reversion_trades,,YES_B,BTC,1782078622,,,,,,,0
,BTC,True,Asia,,,,,,,,,,,,,,,,,,1782079202,667,1373,667,hist:er_v1,,,LONG,0.23,,,,,1,,,,,,,BTC,1782079202,,,,,,,0,,,1782068566,LONG,0.23,1782079202,,,,,1,,,,btc-updown-5m-1782079200,,,trades.db,early_reversion_trades,,YES_B,BTC,1782079202,,,,,,,0
,BTC,True,Asia,,,,,,,,,,,,,,,,,,1782079508,668,1374,668,hist:er_v1,,,SHORT,0.39,,,,,1,,,,,,,BTC,1782079508,,,,,,,0,,,1782068710,SHORT,0.39,1782079508,,,,,1,,,,btc-updown-5m-1782079500,,,trades.db,early_reversion_trades,,NO_C,BTC,1782079508,,,,,,,0
,BTC,True,Asia,,,,,,,,,,,,,,,,,,1782079813,669,1375,669,hist:er_v1,,,SHORT,0.4,,,,,1,,,,,,,BTC,1782079813,,,,,,,0,,,1782069073,SHORT,0.4,1782079813,,,,,1,,,,btc-updown-5m-1782079800,,,trades.db,early_reversion_trades,,NO_C,BTC,1782079813,,,,,,,0
,BTC,True,Asia,,,,,,,,,,,,,,,,,,1782080414,670,1376,670,hist:er_v1,,,LONG,0.32,,,,,1,,,,,,,BTC,1782080414,,,,,,,0,,,1782069619,LONG,0.32,1782080414,,,,,1,,,,btc-updown-5m-1782080400,,,trades.db,early_reversion_trades,,YES_B,BTC,1782080414,,,,,,,0
,BTC,True,Asia,,,,,,,,,,,,,,,,,,1782081006,671,1377,671,hist:er_v1,,,LONG,0.32,,,,,1,,,,,,,BTC,1782081006,,,,,,,0,,,1782070343,LONG,0.32,1782081006,,,,,1,,,,btc-updown-5m-1782081000,,,trades.db,early_reversion_trades,,YES_B,BTC,1782081006,,,,,,,0
,BTC,True,Asia,,,,,,,,,,,,,,,,,,1782081306,672,1378,672,hist:er_v1,,,SHORT,0.36,,,,,1,,,,,,,BTC,1782081306,,,,,,,0,,,1782070801,SHORT,0.36,1782081306,,,,,1,,,,btc-updown-5m-1782081300,,,trades.db,early_reversion_trades,,NO_C,BTC,1782081306,,,,,,,0
,BTC,True,Asia,,,,,,,,,,,,,,,,,,1782081607,673,1379,673,hist:er_v1,,,LONG,0.33,,,,,1,,,,,,,BTC,1782081607,,,,,,,0,,,1782070841,LONG,0.33,1782081607,,,,,1,,,,btc-updown-5m-1782081600,,,trades.db,early_reversion_trades,,YES_B,BTC,1782081607,,,,,,,0
,BTC,True,Asia,,,,,,,,,,,,,,,,,,1782081919,674,1380,674,hist:er_v1,,,SHORT,0.37,,,,,1,,,,,,,BTC,1782081919,,,,,,,0,,,1782071177,SHORT,0.37,1782081919,,,,,1,,,,btc-updown-5m-1782081900,,,trades.db,early_reversion_trades,,NO_C,BTC,1782081919,,,,,,,0
,BTC,True,Asia,,,,,,,,,,,,,,,,,,1782082223,675,1381,675,hist:er_v1,,,SHORT,0.4,,,,,1,,,,,,,BTC,1782082223,,,,,,,0,,,1782071428,SHORT,0.4,1782082223,,,,,1,,,,btc-updown-5m-1782082200,,,trades.db,early_reversion_trades,,NO_C,BTC,1782082223,,,,,,,0
,BTC,True,Asia,,,,,,,,,,,,,,,,,,1782082507,676,1382,676,hist:er_v1,,,SHORT,0.35,,,,,1,,,,,,,BTC,1782082507,,,,,,,0,,,1782071741,SHORT,0.35,1782082507,,,,,1,,,,btc-updown-5m-1782082500,,,trades.db,early_reversion_trades,,NO_C,BTC,1782082507,,,,,,,0
,BTC,True,Asia,,,,,,,,,,,,,,,,,,1782082806,677,1383,677,hist:er_v1,,,LONG,0.3,,,,,2,,,,,,,BTC,1782082806,,,,,,,0,,,1782072300,LONG,0.3,1782082806,,,,,2,,,,btc-updown-5m-1782082800,,,trades.db,early_reversion_trades,,YES_B,BTC,1782082806,,,,,,,0
,BTC,True,Asia,,,,,,,,,,,,,,,,,,1782083422,678,1384,678,hist:er_v1,,,LONG,0.31,,,,,2,,,,,,,BTC,1782083422,,,,,,,0,,,1782072781,LONG,0.31,1782083422,,,,,2,,,,btc-updown-5m-1782083400,,,trades.db,early_reversion_trades,,YES_B,BTC,1782083422,,,,,,,0
,BTC,True,Asia,,,,,,,,,,,,,,,,,,1782083708,679,1385,679,hist:er_v1,,,SHORT,0.38,,,,,2,,,,,,,BTC,1782083708,,,,,,,0,,,1782072943,SHORT,0.38,1782083708,,,,,2,,,,btc-updown-5m-1782083700,,,trades.db,early_reversion_trades,,NO_C,BTC,1782083708,,,,,,,0
,BTC,True,Asia,,,,,,,,,,,,,,,,,,1782084025,680,1386,680,hist:er_v1,,,SHORT,0.38,,,,,2,,,,,,,BTC,1782084025,,,,,,,0,,,1782073329,SHORT,0.38,1782084025,,,,,2,,,,btc-updown-5m-1782084000,,,trades.db,early_reversion_trades,,NO_C,BTC,1782084025,,,,,,,0
,BTC,True,Asia,,,,,,,,,,,,,,,,,,1782084319,681,1387,681,hist:er_v1,,,SHORT,0.38,,,,,2,,,,,,,BTC,1782084319,,,,,,,0,,,1782073548,SHORT,0.38,1782084319,,,,,2,,,,btc-updown-5m-1782084300,,,trades.db,early_reversion_trades,,NO_C,BTC,1782084319,,,,,,,0
,BTC,True,Asia,,,,,,,,,,,,,,,,,,1782084611,682,1388,682,hist:er_v1,,,SHORT,0.39,,,,,2,,,,,,,BTC,1782084611,,,,,,,0,,,1782073816,SHORT,0.39,1782084611,,,,,2,,,,btc-updown-5m-1782084600,,,trades.db,early_reversion_trades,,NO_C,BTC,1782084611,,,,,,,0
,BTC,True,Asia,,,,,,,,,,,,,,,,,,1782084902,683,1389,683,hist:er_v1,,,SHORT,0.39,,,,,2,,,,,,,BTC,1782084902,,,,,,,0,,,1782074113,SHORT,0.39,1782084902,,,,,2,,,,btc-updown-5m-1782084900,,,trades.db,early_reversion_trades,,NO_C,BTC,1782084902,,,,,,,0
,BTC,True,Asia,,,,,,,,,,,,,,,,,,1782085207,684,1390,684,hist:er_v1,,,LONG,0.35,,,,,2,,,,,,,BTC,1782085207,,,,,,,0,,,1782074409,LONG,0.35,1782085207,,,,,2,,,,btc-updown-5m-1782085200,,,trades.db,early_reversion_trades,,YES_B,BTC,1782085207,,,,,,,0
,BTC,True,Asia,,,,,,,,,,,,,,,,,,1782085503,685,1391,685,hist:er_v1,,,SHORT,0.35,,,,,2,,,,,,,BTC,1782085503,,,,,,,0,,,1782074705,SHORT,0.35,1782085503,,,,,2,,,,btc-updown-5m-1782085500,,,trades.db,early_reversion_trades,,NO_C,BTC,1782085503,,,,,,,0
,BTC,True,Asia,,,,,,,,,,,,,,,,,,1782085807,686,1392,686,hist:er_v1,,,SHORT,0.38,,,,,2,,,,,,,BTC,1782085807,,,,,,,0,,,1782075150,SHORT,0.38,1782085807,,,,,2,,,,btc-updown-5m-1782085800,,,trades.db,early_reversion_trades,,NO_C,BTC,1782085807,,,,,,,0
,BTC,True,Asia,,,,,,,,,,,,,,,,,,1782086408,687,1393,687,hist:er_v1,,,SHORT,0.38,,,,,3,,,,,,,BTC,1782086408,,,,,,,0,,,1782075902,SHORT,0.38,1782086408,,,,,3,,,,btc-updown-5m-1782086400,,,trades.db,early_reversion_trades,,NO_C,BTC,1782086408,,,,,,,0
,BTC,True,Asia,,,,,,,,,,,,,,,,,,1782086710,688,1394,688,hist:er_v1,,,SHORT,0.38,,,,,3,,,,,,,BTC,1782086710,,,,,,,0,,,1782075933,SHORT,0.38,1782086710,,,,,3,,,,btc-updown-5m-1782086700,,,trades.db,early_reversion_trades,,NO_C,BTC,1782086710,,,,,,,0
,BTC,True,Asia,,,,,,,,,,,,,,,,,,1782087012,689,1395,689,hist:er_v1,,,SHORT,0.4,,,,,3,,,,,,,BTC,1782087012,,,,,,,0,,,1782076214,SHORT,0.4,1782087012,,,,,3,,,,btc-updown-5m-1782087000,,,trades.db,early_reversion_trades,,NO_C,BTC,1782087012,,,,,,,0
,BTC,True,Asia,,,,,,,,,,,,,,,,,,1782087028,690,1396,690,hist:er_v1,,,LONG,0.33,,,,,3,,,,,,,BTC,1782087028,,,,,,,0,,,1782076500,LONG,0.33,1782087028,,,,,3,,,,btc-updown-5m-1782087000,,,trades.db,early_reversion_trades,,YES_B,BTC,1782087028,,,,,,,0
,BTC,True,Asia,,,,,,,,,,,,,,,,,,1782087322,691,1397,691,hist:er_v1,,,SHORT,0.4,,,,,3,,,,,,,BTC,1782087322,,,,,,,0,,,1782076535,SHORT,0.4,1782087322,,,,,3,,,,btc-updown-5m-1782087300,,,trades.db,early_reversion_trades,,NO_C,BTC,1782087322,,,,,,,0
,BTC,True,Asia,,,,,,,,,,,,,,,,,,1782087907,692,1398,692,hist:er_v1,,,LONG,0.34,,,,,3,,,,,,,BTC,1782087907,,,,,,,0,,,1782077114,LONG,0.34,1782087907,,,,,3,,,,btc-updown-5m-1782087900,,,trades.db,early_reversion_trades,,YES_B,BTC,1782087907,,,,,,,0
,BTC,True,Asia,,,,,,,,,,,,,,,,,,1782088204,693,1399,693,hist:er_v1,,,SHORT,0.36,,,,,3,,,,,,,BTC,1782088204,,,,,,,0,,,1782077418,SHORT,0.36,1782088204,,,,,3,,,,btc-updown-5m-1782088200,,,trades.db,early_reversion_trades,,NO_C,BTC,1782088204,,,,,,,0
,BTC,True,Asia,,,,,,,,,,,,,,,,,,1782088506,694,1400,694,hist:er_v1,,,SHORT,0.32,,,,,3,,,,,,,BTC,1782088506,,,,,,,0,,,1782077732,SHORT,0.32,1782088506,,,,,3,,,,btc-updown-5m-1782088500,,,trades.db,early_reversion_trades,,NO_C,BTC,1782088506,,,,,,,0
,BTC,True,Asia,,,,,,,,,,,,,,,,,,1782088810,695,1401,695,hist:er_v1,,,LONG,0.35,,,,,3,,,,,,,BTC,1782088810,,,,,,,0,,,1782078020,LONG,0.35,1782088810,,,,,3,,,,btc-updown-5m-1782088800,,,trades.db,early_reversion_trades,,YES_B,BTC,1782088810,,,,,,,0
,BTC,True,Asia,,,,,,,,,,,,,,,,,,1782089414,696,1402,696,hist:er_v1,,,LONG,0.32,,,,,3,,,,,,,BTC,1782089414,,,,,,,0,,,1782078900,LONG,0.32,1782089414,,,,,3,,,,btc-updown-5m-1782089400,,,trades.db,early_reversion_trades,,YES_B,BTC,1782089414,,,,,,,0
,BTC,True,Asia,,,,,,,,,,,,,,,,,,1782090007,697,1403,697,hist:er_v1,,,SHORT,0.37,,,,,4,,,,,,,BTC,1782090007,,,,,,,0,,,1782079214,SHORT,0.37,1782090007,,,,,4,,,,btc-updown-5m-1782090000,,,trades.db,early_reversion_trades,,NO_C,BTC,1782090007,,,,,,,0
,BTC,True,Asia,,,,,,,,,,,,,,,,,,1782090910,698,1404,698,hist:er_v1,,,SHORT,0.37,,,,,4,,,,,,,BTC,1782090910,,,,,,,0,,,1782080401,SHORT,0.37,1782090910,,,,,4,,,,btc-updown-5m-1782090900,,,trades.db,early_reversion_trades,,NO_C,BTC,1782090910,,,,,,,0
,BTC,True,Asia,,,,,,,,,,,,,,,,,,1782091212,699,1405,699,hist:er_v1,,,SHORT,0.37,,,,,4,,,,,,,BTC,1782091212,,,,,,,0,,,1782080423,SHORT,0.37,1782091212,,,,,4,,,,btc-updown-5m-1782091200,,,trades.db,early_reversion_trades,,NO_C,BTC,1782091212,,,,,,,0
,BTC,True,Asia,,,,,,,,,,,,,,,,,,1782091505,700,1406,700,hist:er_v1,,,SHORT,0.36,,,,,4,,,,,,,BTC,1782091505,,,,,,,0,,,1782080723,SHORT,0.36,1782091505,,,,,4,,,,btc-updown-5m-1782091500,,,trades.db,early_reversion_trades,,NO_C,BTC,1782091505,,,,,,,0
,BTC,True,Asia,,,,,,,,,,,,,,,,,,1782091807,701,1407,701,hist:er_v1,,,SHORT,0.4,,,,,4,,,,,,,BTC,1782091807,,,,,,,0,,,1782081012,SHORT,0.4,1782091807,,,,,4,,,,btc-updown-5m-1782091800,,,trades.db,early_reversion_trades,,NO_C,BTC,1782091807,,,,,,,0
,BTC,True,Asia,,,,,,,,,,,,,,,,,,1782092109,702,1408,702,hist:er_v1,,,SHORT,0.4,,,,,4,,,,,,,BTC,1782092109,,,,,,,0,,,1782081311,SHORT,0.4,1782092109,,,,,4,,,,btc-updown-5m-1782092100,,,trades.db,early_reversion_trades,,NO_C,BTC,1782092109,,,,,,,0
,BTC,True,Asia,,,,,,,,,,,,,,,,,,1782092419,703,1409,703,hist:er_v1,,,SHORT,0.38,,,,,4,,,,,,,BTC,1782092419,,,,,,,0,,,1782081772,SHORT,0.38,1782092419,,,,,4,,,,btc-updown-5m-1782092400,,,trades.db,early_reversion_trades,,NO_C,BTC,1782092419,,,,,,,0
,BTC,True,Asia,,,,,,,,,,,,,,,,,,1782092712,704,1410,704,hist:er_v1,,,SHORT,0.29,,,,,4,,,,,,,BTC,1782092712,,,,,,,0,,,1782081935,SHORT,0.29,1782092712,,,,,4,,,,btc-updown-5m-1782092700,,,trades.db,early_reversion_trades,,NO_C,BTC,1782092712,,,,,,,0
,BTC,True,Asia,,,,,,,,,,,,,,,,,,1782093024,705,1411,705,hist:er_v1,,,SHORT,0.4,,,,,4,,,,,,,BTC,1782093024,,,,,,,0,,,1782082233,SHORT,0.4,1782093024,,,,,4,,,,btc-updown-5m-1782093000,,,trades.db,early_reversion_trades,,NO_C,BTC,1782093024,,,,,,,0
,BTC,True,Asia,,,,,,,,,,,,,,,,,,1782093607,706,1412,706,hist:er_v1,,,SHORT,0.34,,,,,5,,,,,,,BTC,1782093607,,,,,,,0,,,1782082846,SHORT,0.34,1782093607,,,,,5,,,,btc-updown-5m-1782093600,,,trades.db,early_reversion_trades,,NO_C,BTC,1782093607,,,,,,,0
,BTC,True,Asia,,,,,,,,,,,,,,,,,,1782094507,707,1413,707,hist:er_v1,,,LONG,0.35,,,,,5,,,,,,,BTC,1782094507,,,,,,,0,,,1782083753,LONG,0.35,1782094507,,,,,5,,,,btc-updown-5m-1782094500,,,trades.db,early_reversion_trades,,YES_B,BTC,1782094507,,,,,,,0
,BTC,True,Asia,,,,,,,,,,,,,,,,,,1782094823,708,1414,708,hist:er_v1,,,LONG,0.32,,,,,5,,,,,,,BTC,1782094823,,,,,,,0,,,1782084300,LONG,0.32,1782094823,,,,,5,,,,btc-updown-5m-1782094800,,,trades.db,early_reversion_trades,,YES_B,BTC,1782094823,,,,,,,0
,BTC,True,Asia,,,,,,,,,,,,,,,,,,1782095106,709,1415,709,hist:er_v1,,,SHORT,0.4,,,,,5,,,,,,,BTC,1782095106,,,,,,,0,,,1782084309,SHORT,0.4,1782095106,,,,,5,,,,btc-updown-5m-1782095100,,,trades.db,early_reversion_trades,,NO_C,BTC,1782095106,,,,,,,0
,BTC,True,Asia,,,,,,,,,,,,,,,,,,1782095727,710,1416,710,hist:er_v1,,,LONG,0.35,,,,,5,,,,,,,BTC,1782095727,,,,,,,0,,,1782084975,LONG,0.35,1782095727,,,,,5,,,,btc-updown-5m-1782095700,,,trades.db,early_reversion_trades,,YES_B,BTC,1782095727,,,,,,,0
,BTC,True,Asia,,,,,,,,,,,,,,,,,,1782096018,711,1417,711,hist:er_v1,,,SHORT,0.4,,,,,5,,,,,,,BTC,1782096018,,,,,,,0,,,1782085225,SHORT,0.4,1782096018,,,,,5,,,,btc-updown-5m-1782096000,,,trades.db,early_reversion_trades,,NO_C,BTC,1782096018,,,,,,,0
,BTC,True,Asia,,,,,,,,,,,,,,,,,,1782096623,712,1418,712,hist:er_v1,,,LONG,0.28,,,,,5,,,,,,,BTC,1782096623,,,,,,,0,,,1782086101,LONG,0.28,1782096623,,,,,5,,,,btc-updown-5m-1782096600,,,trades.db,early_reversion_trades,,YES_B,BTC,1782096623,,,,,,,0
,BTC,True,Asia,,,,,,,,,,,,,,,,,,1782096917,713,1419,713,hist:er_v1,,,SHORT,0.36,,,,,5,,,,,,,BTC,1782096917,,,,,,,0,,,1782086158,SHORT,0.36,1782096917,,,,,5,,,,btc-updown-5m-1782096900,,,trades.db,early_reversion_trades,,NO_C,BTC,1782096917,,,,,,,0
,BTC,True,Asia,,,,,,,,,,,,,,,,,,1782097222,714,1420,714,hist:er_v1,,,LONG,0.35,,,,,6,,,,,,,BTC,1782097222,,,,,,,0,,,1782086700,LONG,0.35,1782097222,,,,,6,,,,btc-updown-5m-1782097200,,,trades.db,early_reversion_trades,,YES_B,BTC,1782097222,,,,,,,0
,BTC,True,Asia,,,,,,,,,,,,,,,,,,1782097513,715,1421,715,hist:er_v1,,,SHORT,0.4,,,,,6,,,,,,,BTC,1782097513,,,,,,,0,,,1782086718,SHORT,0.4,1782097513,,,,,6,,,,btc-updown-5m-1782097500,,,trades.db,early_reversion_trades,,NO_C,BTC,1782097513,,,,,,,0
,BTC,True,Asia,,,,,,,,,,,,,,,,,,1782097810,716,1422,716,hist:er_v1,,,LONG,0.35,,,,,6,,,,,,,BTC,1782097810,,,,,,,0,,,1782087035,LONG,0.35,1782097810,,,,,6,,,,btc-updown-5m-1782097800,,,trades.db,early_reversion_trades,,YES_B,BTC,1782097810,,,,,,,0
,BTC,True,Asia,,,,,,,,,,,,,,,,,,1782098103,717,1423,717,hist:er_v1,,,SHORT,0.36,,,,,6,,,,,,,BTC,1782098103,,,,,,,0,,,1782087601,SHORT,0.36,1782098103,,,,,6,,,,btc-updown-5m-1782098100,,,trades.db,early_reversion_trades,,NO_C,BTC,1782098103,,,,,,,0
,BTC,True,Asia,,,,,,,,,,,,,,,,,,1782098703,718,1424,718,hist:er_v1,,,SHORT,0.33,,,,,6,,,,,,,BTC,1782098703,,,,,,,0,,,1782087992,SHORT,0.33,1782098703,,,,,6,,,,btc-updown-5m-1782098700,,,trades.db,early_reversion_trades,,NO_C,BTC,1782098703,,,,,,,0
,BTC,True,Asia,,,,,,,,,,,,,,,,,,1782099014,719,1425,719,hist:er_v1,,,SHORT,0.4,,,,,6,,,,,,,BTC,1782099014,,,,,,,0,,,1782088418,SHORT,0.4,1782099014,,,,,6,,,,btc-updown-5m-1782099000,,,trades.db,early_reversion_trades,,NO_C,BTC,1782099014,,,,,,,0
,BTC,True,Asia,,,,,,,,,,,,,,,,,,1782099616,720,1426,720,hist:er_v1,,,SHORT,0.39,,,,,6,,,,,,,BTC,1782099616,,,,,,,0,,,1782088825,SHORT,0.39,1782099616,,,,,6,,,,btc-updown-5m-1782099600,,,trades.db,early_reversion_trades,,NO_C,BTC,1782099616,,,,,,,0
,BTC,True,Asia,,,,,,,,,,,,,,,,,,1782099906,721,1427,721,hist:er_v1,,,SHORT,0.36,,,,,6,,,,,,,BTC,1782099906,,,,,,,0,,,1782089120,SHORT,0.36,1782099906,,,,,6,,,,btc-updown-5m-1782099900,,,trades.db,early_reversion_trades,,NO_C,BTC,1782099906,,,,,,,0
,BTC,True,Asia,,,,,,,,,,,,,,,,,,1782100202,722,1428,722,hist:er_v1,,,SHORT,0.4,,,,,6,,,,,,,BTC,1782100202,,,,,,,0,,,1782089405,SHORT,0.4,1782100202,,,,,6,,,,btc-updown-5m-1782100200,,,trades.db,early_reversion_trades,,NO_C,BTC,1782100202,,,,,,,0
,BTC,True,Asia,,,,,,,,,,,,,,,,,,1782100814,723,1429,723,hist:er_v1,,,LONG,0.34,,,,,7,,,,,,,BTC,1782100814,,,,,,,0,,,1782090017,LONG,0.34,1782100814,,,,,7,,,,btc-updown-5m-1782100800,,,trades.db,early_reversion_trades,,YES_B,BTC,1782100814,,,,,,,0
,BTC,True,Asia,,,,,,,,,,,,,,,,,,1782101125,724,1430,724,hist:er_v1,,,LONG,0.29,,,,,7,,,,,,,BTC,1782101125,,,,,,,0,,,1782090439,LONG,0.29,1782101125,,,,,7,,,,btc-updown-5m-1782101100,,,trades.db,early_reversion_trades,,YES_B,BTC,1782101125,,,,,,,0
,BTC,True,Asia,,,,,,,,,,,,,,,,,,1782102010,725,1431,725,hist:er_v1,,,SHORT,0.39,,,,,7,,,,,,,BTC,1782102010,,,,,,,0,,,1782091502,SHORT,0.39,1782102010,,,,,7,,,,btc-updown-5m-1782102000,,,trades.db,early_reversion_trades,,NO_C,BTC,1782102010,,,,,,,0
,BTC,True,Asia,,,,,,,,,,,,,,,,,,1782102305,726,1432,726,hist:er_v1,,,LONG,0.35,,,,,7,,,,,,,BTC,1782102305,,,,,,,0,,,1782091800,LONG,0.35,1782102305,,,,,7,,,,btc-updown-5m-1782102300,,,trades.db,early_reversion_trades,,YES_B,BTC,1782102305,,,,,,,0
,BTC,True,Asia,,,,,,,,,,,,,,,,,,1782102607,727,1433,727,hist:er_v1,,,SHORT,0.35,,,,,7,,,,,,,BTC,1782102607,,,,,,,0,,,1782092100,SHORT,0.35,1782102607,,,,,7,,,,btc-updown-5m-1782102600,,,trades.db,early_reversion_trades,,NO_C,BTC,1782102607,,,,,,,0
,BTC,True,Asia,,,,,,,,,,,,,,,,,,1782102910,728,1434,728,hist:er_v1,,,SHORT,0.38,,,,,7,,,,,,,BTC,1782102910,,,,,,,0,,,1782092129,SHORT,0.38,1782102910,,,,,7,,,,btc-updown-5m-1782102900,,,trades.db,early_reversion_trades,,NO_C,BTC,1782102910,,,,,,,0
,BTC,True,Asia,,,,,,,,,,,,,,,,,,1782103516,729,1435,729,hist:er_v1,,,SHORT,0.39,,,,,7,,,,,,,BTC,1782103516,,,,,,,0,,,1782092721,SHORT,0.39,1782103516,,,,,7,,,,btc-updown-5m-1782103500,,,trades.db,early_reversion_trades,,NO_C,BTC,1782103516,,,,,,,0
,BTC,True,London,,,,,,,,,,,,,,,,,,1782104710,730,1436,730,hist:er_v1,,,SHORT,0.39,,,,,8,,,,,,,BTC,1782104710,,,,,,,0,,,1782093931,SHORT,0.39,1782104710,,,,,8,,,,btc-updown-5m-1782104700,,,trades.db,early_reversion_trades,,NO_C,BTC,1782104710,,,,,,,0
,BTC,True,London,,,,,,,,,,,,,,,,,,1782105018,731,1437,731,hist:er_v1,,,SHORT,0.39,,,,,8,,,,,,,BTC,1782105018,,,,,,,0,,,1782094227,SHORT,0.39,1782105018,,,,,8,,,,btc-updown-5m-1782105000,,,trades.db,early_reversion_trades,,NO_C,BTC,1782105018,,,,,,,0
,BTC,True,London,,,,,,,,,,,,,,,,,,1782105324,732,1438,732,hist:er_v1,,,LONG,0.3,,,,,8,,,,,,,BTC,1782105324,,,,,,,0,,,1782094601,LONG,0.3,1782105324,,,,,8,,,,btc-updown-5m-1782105300,,,trades.db,early_reversion_trades,,YES_B,BTC,1782105324,,,,,,,0
,BTC,True,London,,,,,,,,,,,,,,,,,,1782105616,733,1439,733,hist:er_v1,,,LONG,0.34,,,,,8,,,,,,,BTC,1782105616,,,,,,,0,,,1782094937,LONG,0.34,1782105616,,,,,8,,,,btc-updown-5m-1782105600,,,trades.db,early_reversion_trades,,YES_B,BTC,1782105616,,,,,,,0
,BTC,True,London,,,,,,,,,,,,,,,,,,1782105909,734,1440,734,hist:er_v1,,,LONG,0.34,,,,,8,,,,,,,BTC,1782105909,,,,,,,0,,,1782095163,LONG,0.34,1782105909,,,,,8,,,,btc-updown-5m-1782105900,,,trades.db,early_reversion_trades,,YES_B,BTC,1782105909,,,,,,,0
,BTC,True,London,,,,,,,,,,,,,,,,,,1782106223,735,1441,735,hist:er_v1,,,LONG,0.35,,,,,8,,,,,,,BTC,1782106223,,,,,,,0,,,1782095583,LONG,0.35,1782106223,,,,,8,,,,btc-updown-5m-1782106200,,,trades.db,early_reversion_trades,,YES_B,BTC,1782106223,,,,,,,0
,BTC,True,London,,,,,,,,,,,,,,,,,,1782106516,736,1442,736,hist:er_v1,,,LONG,0.34,,,,,8,,,,,,,BTC,1782106516,,,,,,,0,,,1782095727,LONG,0.34,1782106516,,,,,8,,,,btc-updown-5m-1782106500,,,trades.db,early_reversion_trades,,YES_B,BTC,1782106516,,,,,,,0
,BTC,True,London,,,,,,,,,,,,,,,,,,1782106824,737,1443,737,hist:er_v1,,,SHORT,0.39,,,,,8,,,,,,,BTC,1782106824,,,,,,,0,,,1782096174,SHORT,0.39,1782106824,,,,,8,,,,btc-updown-5m-1782106800,,,trades.db,early_reversion_trades,,NO_C,BTC,1782106824,,,,,,,0
,BTC,True,London,,,,,,,,,,,,,,,,,,1782107407,738,1444,738,hist:er_v1,,,LONG,0.33,,,,,8,,,,,,,BTC,1782107407,,,,,,,0,,,1782096900,LONG,0.33,1782107407,,,,,8,,,,btc-updown-5m-1782107400,,,trades.db,early_reversion_trades,,YES_B,BTC,1782107407,,,,,,,0
,BTC,True,London,,,,,,,,,,,,,,,,,,1782108005,739,1445,739,hist:er_v1,,,SHORT,0.31,,,,,9,,,,,,,BTC,1782108005,,,,,,,0,,,1782097226,SHORT,0.31,1782108005,,,,,9,,,,btc-updown-5m-1782108000,,,trades.db,early_reversion_trades,,NO_C,BTC,1782108005,,,,,,,0
,BTC,True,London,,,,,,,,,,,,,,,,,,1782108626,740,1446,740,hist:er_v1,,,LONG,0.35,,,,,9,,,,,,,BTC,1782108626,,,,,,,0,,,1782098100,LONG,0.35,1782108626,,,,,9,,,,btc-updown-5m-1782108600,,,trades.db,early_reversion_trades,,YES_B,BTC,1782108626,,,,,,,0
,BTC,True,London,,,,,,,,,,,,,,,,,,1782110111,741,1447,741,hist:er_v1,,,LONG,0.34,,,,,9,,,,,,,BTC,1782110111,,,,,,,0,,,1782099498,LONG,0.34,1782110111,,,,,9,,,,btc-updown-5m-1782110100,,,trades.db,early_reversion_trades,,YES_B,BTC,1782110111,,,,,,,0
,BTC,True,London,,,,,,,,,,,,,,,,,,1782110710,742,1448,742,hist:er_v1,,,SHORT,0.37,,,,,9,,,,,,,BTC,1782110710,,,,,,,0,,,1782099927,SHORT,0.37,1782110710,,,,,9,,,,btc-updown-5m-1782110700,,,trades.db,early_reversion_trades,,NO_C,BTC,1782110710,,,,,,,0
,BTC,True,London,,,,,,,,,,,,,,,,,,1782111605,743,1449,743,hist:er_v1,,,SHORT,0.39,,,,,10,,,,,,,BTC,1782111605,,,,,,,0,,,1782100813,SHORT,0.39,1782111605,,,,,10,,,,btc-updown-5m-1782111600,,,trades.db,early_reversion_trades,,NO_C,BTC,1782111605,,,,,,,0
,BTC,True,London,,,,,,,,,,,,,,,,,,1782111627,744,1450,744,hist:er_v1,,,LONG,0.35,,,,,10,,,,,,,BTC,1782111627,,,,,,,0,,,1782100830,LONG,0.35,1782111627,,,,,10,,,,btc-updown-5m-1782111600,,,trades.db,early_reversion_trades,,YES_B,BTC,1782111627,,,,,,,0
,BTC,True,London,,,,,,,,,,,,,,,,,,1782111903,745,1451,745,hist:er_v1,,,LONG,0.35,,,,,10,,,,,,,BTC,1782111903,,,,,,,0,,,1782101163,LONG,0.35,1782111903,,,,,10,,,,btc-updown-5m-1782111900,,,trades.db,early_reversion_trades,,YES_B,BTC,1782111903,,,,,,,0
,BTC,True,London,,,,,,,,,,,,,,,,,,1782113122,746,1452,746,hist:er_v1,,,SHORT,0.4,,,,,10,,,,,,,BTC,1782113122,,,,,,,0,,,1782102335,SHORT,0.4,1782113122,,,,,10,,,,btc-updown-5m-1782113100,,,trades.db,early_reversion_trades,,NO_C,BTC,1782113122,,,,,,,0
,BTC,True,London,,,,,,,,,,,,,,,,,,1782113407,747,1453,747,hist:er_v1,,,SHORT,0.35,,,,,10,,,,,,,BTC,1782113407,,,,,,,0,,,1782102631,SHORT,0.35,1782113407,,,,,10,,,,btc-updown-5m-1782113400,,,trades.db,early_reversion_trades,,NO_C,BTC,1782113407,,,,,,,0
,BTC,True,London,,,,,,,,,,,,,,,,,,1782115204,748,1454,748,hist:er_v1,,,SHORT,0.33,,,,,11,,,,,,,BTC,1782115204,,,,,,,0,,,1782104410,SHORT,0.33,1782115204,,,,,11,,,,btc-updown-5m-1782115200,,,trades.db,early_reversion_trades,,NO_C,BTC,1782115204,,,,,,,0
,BTC,True,London,,,,,,,,,,,,,,,,,,1782116411,749,1455,749,hist:er_v1,,,SHORT,0.39,,,,,11,,,,,,,BTC,1782116411,,,,,,,0,,,1782105843,SHORT,0.39,1782116411,,,,,11,,,,btc-updown-5m-1782116400,,,trades.db,early_reversion_trades,,NO_C,BTC,1782116411,,,,,,,0
,BTC,True,London,,,,,,,,,,,,,,,,,,1782117923,750,1456,750,hist:er_v1,,,SHORT,0.4,,,,,11,,,,,,,BTC,1782117923,,,,,,,0,,,1782107130,SHORT,0.4,1782117923,,,,,11,,,,btc-updown-5m-1782117900,,,trades.db,early_reversion_trades,,NO_C,BTC,1782117923,,,,,,,0
,BTC,True,London,,,,,,,,,,,,,,,,,,1782118504,751,1457,751,hist:er_v1,,,SHORT,0.37,,,,,11,,,,,,,BTC,1782118504,,,,,,,0,,,1782107745,SHORT,0.37,1782118504,,,,,11,,,,btc-updown-5m-1782118500,,,trades.db,early_reversion_trades,,NO_C,BTC,1782118504,,,,,,,0
,BTC,True,London,,,,,,,,,,,,,,,,,,1782119404,752,1458,752,hist:er_v1,,,SHORT,0.4,,,,,12,,,,,,,BTC,1782119404,,,,,,,0,,,1782108611,SHORT,0.4,1782119404,,,,,12,,,,btc-updown-5m-1782119400,,,trades.db,early_reversion_trades,,NO_C,BTC,1782119404,,,,,,,0
,BTC,True,London,,,,,,,,,,,,,,,,,,1782121208,753,1459,753,hist:er_v1,,,SHORT,0.4,,,,,12,,,,,,,BTC,1782121208,,,,,,,0,,,1782110456,SHORT,0.4,1782121208,,,,,12,,,,btc-updown-5m-1782121200,,,trades.db,early_reversion_trades,,NO_C,BTC,1782121208,,,,,,,0
,BTC,True,NewYork,,,,,,,,,,,,,,,,,,1782123916,754,1460,754,hist:er_v1,,,SHORT,0.39,,,,,13,,,,,,,BTC,1782123916,,,,,,,0,,,1782113131,SHORT,0.39,1782123916,,,,,13,,,,btc-updown-5m-1782123900,,,trades.db,early_reversion_trades,,NO_C,BTC,1782123916,,,,,,,0
,BTC,True,NewYork,,,,,,,,,,,,,,,,,,1782125105,755,1461,755,hist:er_v1,,,SHORT,0.27,,,,,13,,,,,,,BTC,1782125105,,,,,,,0,,,1782114602,SHORT,0.27,1782125105,,,,,13,,,,btc-updown-5m-1782125100,,,trades.db,early_reversion_trades,,NO_C,BTC,1782125105,,,,,,,0
,BTC,True,NewYork,,,,,,,,,,,,,,,,,,1782125410,756,1462,756,hist:er_v1,,,SHORT,0.37,,,,,13,,,,,,,BTC,1782125410,,,,,,,0,,,1782114736,SHORT,0.37,1782125410,,,,,13,,,,btc-updown-5m-1782125400,,,trades.db,early_reversion_trades,,NO_C,BTC,1782125410,,,,,,,0
,BTC,True,NewYork,,,,,,,,,,,,,,,,,,1782126305,757,1463,757,hist:er_v1,,,SHORT,0.28,,,,,14,,,,,,,BTC,1782126305,,,,,,,0,,,1782115801,SHORT,0.28,1782126305,,,,,14,,,,btc-updown-5m-1782126300,,,trades.db,early_reversion_trades,,NO_C,BTC,1782126305,,,,,,,0
,BTC,True,NewYork,,,,,,,,,,,,,,,,,,1782129605,758,1464,758,hist:er_v1,,,SHORT,0.35,,,,,15,,,,,,,BTC,1782129605,,,,,,,0,,,1782118820,SHORT,0.35,1782129605,,,,,15,,,,btc-updown-5m-1782129600,,,trades.db,early_reversion_trades,,NO_C,BTC,1782129605,,,,,,,0
,BTC,True,NewYork,,,,,,,,,,,,,,,,,,1782131105,759,1465,759,hist:er_v1,,,SHORT,0.4,,,,,15,,,,,,,BTC,1782131105,,,,,,,0,,,1782120310,SHORT,0.4,1782131105,,,,,15,,,,btc-updown-5m-1782131100,,,trades.db,early_reversion_trades,,NO_C,BTC,1782131105,,,,,,,0
,BTC,True,NewYork,,,,,,,,,,,,,,,,,,1782131708,760,1466,760,hist:er_v1,,,SHORT,0.35,,,,,15,,,,,,,BTC,1782131708,,,,,,,0,,,1782120925,SHORT,0.35,1782131708,,,,,15,,,,btc-updown-5m-1782131700,,,trades.db,early_reversion_trades,,NO_C,BTC,1782131708,,,,,,,0
,BTC,True,NewYork,,,,,,,,,,,,,,,,,,1782132027,761,1467,761,hist:er_v1,,,SHORT,0.4,,,,,15,,,,,,,BTC,1782132027,,,,,,,0,,,1782121279,SHORT,0.4,1782132027,,,,,15,,,,btc-updown-5m-1782132000,,,trades.db,early_reversion_trades,,NO_C,BTC,1782132027,,,,,,,0
,BTC,True,NewYork,,,,,,,,,,,,,,,,,,1782133821,762,1468,762,hist:er_v1,,,SHORT,0.38,,,,,16,,,,,,,BTC,1782133821,,,,,,,0,,,1782123300,SHORT,0.38,1782133821,,,,,16,,,,btc-updown-5m-1782133800,,,trades.db,early_reversion_trades,,NO_C,BTC,1782133821,,,,,,,0
,BTC,True,NewYork,,,,,,,,,,,,,,,,,,1782135010,763,1469,763,hist:er_v1,,,SHORT,0.4,,,,,16,,,,,,,BTC,1782135010,,,,,,,0,,,1782124500,SHORT,0.4,1782135010,,,,,16,,,,btc-updown-5m-1782135000,,,trades.db,early_reversion_trades,,NO_C,BTC,1782135010,,,,,,,0
,BTC,True,NewYork,,,,,,,,,,,,,,,,,,1782135306,764,1470,764,hist:er_v1,,,SHORT,0.4,,,,,16,,,,,,,BTC,1782135306,,,,,,,0,,,1782124802,SHORT,0.4,1782135306,,,,,16,,,,btc-updown-5m-1782135300,,,trades.db,early_reversion_trades,,NO_C,BTC,1782135306,,,,,,,0
,BTC,True,NewYork,,,,,,,,,,,,,,,,,,1782136222,765,1471,765,hist:er_v1,,,SHORT,0.4,,,,,16,,,,,,,BTC,1782136222,,,,,,,0,,,1782125478,SHORT,0.4,1782136222,,,,,16,,,,btc-updown-5m-1782136200,,,trades.db,early_reversion_trades,,NO_C,BTC,1782136222,,,,,,,0
,BTC,True,NewYork,,,,,,,,,,,,,,,,,,1782136817,766,1472,766,hist:er_v1,,,SHORT,0.37,,,,,17,,,,,,,BTC,1782136817,,,,,,,0,,,1782126026,SHORT,0.37,1782136817,,,,,17,,,,btc-updown-5m-1782136800,,,trades.db,early_reversion_trades,,NO_C,BTC,1782136817,,,,,,,0
,BTC,True,NewYork,,,,,,,,,,,,,,,,,,1782137405,767,1473,767,hist:er_v1,,,SHORT,0.38,,,,,17,,,,,,,BTC,1782137405,,,,,,,0,,,1782126668,SHORT,0.38,1782137405,,,,,17,,,,btc-updown-5m-1782137400,,,trades.db,early_reversion_trades,,NO_C,BTC,1782137405,,,,,,,0
,BTC,True,NewYork,,,,,,,,,,,,,,,,,,1782138309,768,1474,768,hist:er_v1,,,SHORT,0.35,,,,,17,,,,,,,BTC,1782138309,,,,,,,0,,,1782127522,SHORT,0.35,1782138309,,,,,17,,,,btc-updown-5m-1782138300,,,trades.db,early_reversion_trades,,NO_C,BTC,1782138309,,,,,,,0
,BTC,True,NewYork,,,,,,,,,,,,,,,,,,1782139520,769,1475,769,hist:er_v1,,,SHORT,0.34,,,,,17,,,,,,,BTC,1782139520,,,,,,,0,,,1782128764,SHORT,0.34,1782139520,,,,,17,,,,btc-updown-5m-1782139500,,,trades.db,early_reversion_trades,,NO_C,BTC,1782139520,,,,,,,0
,BTC,True,NewYork,,,,,,,,,,,,,,,,,,1782140408,770,1476,770,hist:er_v1,,,SHORT,0.4,,,,,18,,,,,,,BTC,1782140408,,,,,,,0,,,1782129900,SHORT,0.4,1782140408,,,,,18,,,,btc-updown-5m-1782140400,,,trades.db,early_reversion_trades,,NO_C,BTC,1782140408,,,,,,,0
,BTC,True,NewYork,,,,,,,,,,,,,,,,,,1782143419,771,1477,771,hist:er_v1,,,SHORT,0.39,,,,,18,,,,,,,BTC,1782143419,,,,,,,0,,,1782132621,SHORT,0.39,1782143419,,,,,18,,,,btc-updown-5m-1782143400,,,trades.db,early_reversion_trades,,NO_C,BTC,1782143419,,,,,,,0
,BTC,True,NewYork,,,,,,,,,,,,,,,,,,1782144004,772,1478,772,hist:er_v1,,,SHORT,0.38,,,,,19,,,,,,,BTC,1782144004,,,,,,,0,,,1782133211,SHORT,0.38,1782144004,,,,,19,,,,btc-updown-5m-1782144000,,,trades.db,early_reversion_trades,,NO_C,BTC,1782144004,,,,,,,0
,BTC,True,NewYork,,,,,,,,,,,,,,,,,,1782144615,773,1479,773,hist:er_v1,,,SHORT,0.3,,,,,19,,,,,,,BTC,1782144615,,,,,,,0,,,1782134101,SHORT,0.3,1782144615,,,,,19,,,,btc-updown-5m-1782144600,,,trades.db,early_reversion_trades,,NO_C,BTC,1782144615,,,,,,,0
,BTC,True,NewYork,,,,,,,,,,,,,,,,,,1782144910,774,1480,774,hist:er_v1,,,SHORT,0.39,,,,,19,,,,,,,BTC,1782144910,,,,,,,0,,,1782134113,SHORT,0.39,1782144910,,,,,19,,,,btc-updown-5m-1782144900,,,trades.db,early_reversion_trades,,NO_C,BTC,1782144910,,,,,,,0
,BTC,True,NewYork,,,,,,,,,,,,,,,,,,1782145210,775,1481,775,hist:er_v1,,,SHORT,0.37,,,,,19,,,,,,,BTC,1782145210,,,,,,,0,,,1782134584,SHORT,0.37,1782145210,,,,,19,,,,btc-updown-5m-1782145200,,,trades.db,early_reversion_trades,,NO_C,BTC,1782145210,,,,,,,0
,BTC,True,NewYork,,,,,,,,,,,,,,,,,,1782147010,776,1482,776,hist:er_v1,,,SHORT,0.4,,,,,19,,,,,,,BTC,1782147010,,,,,,,0,,,1782136502,SHORT,0.4,1782147010,,,,,19,,,,btc-updown-5m-1782147000,,,trades.db,early_reversion_trades,,NO_C,BTC,1782147010,,,,,,,0
,BTC,True,NewYork,,,,,,,,,,,,,,,,,,1782148523,777,1483,777,hist:er_v1,,,SHORT,0.37,,,,,20,,,,,,,BTC,1782148523,,,,,,,0,,,1782137768,SHORT,0.37,1782148523,,,,,20,,,,btc-updown-5m-1782148500,,,trades.db,early_reversion_trades,,NO_C,BTC,1782148523,,,,,,,0
,BTC,True,NewYork,,,,,,,,,,,,,,,,,,1782148805,778,1484,778,hist:er_v1,,,SHORT,0.38,,,,,20,,,,,,,BTC,1782148805,,,,,,,0,,,1782138010,SHORT,0.38,1782148805,,,,,20,,,,btc-updown-5m-1782148800,,,trades.db,early_reversion_trades,,NO_C,BTC,1782148805,,,,,,,0
,BTC,True,NewYork,,,,,,,,,,,,,,,,,,1782150325,779,1485,779,hist:er_v1,,,SHORT,0.4,,,,,20,,,,,,,BTC,1782150325,,,,,,,0,,,1782139801,SHORT,0.4,1782150325,,,,,20,,,,btc-updown-5m-1782150300,,,trades.db,early_reversion_trades,,NO_C,BTC,1782150325,,,,,,,0
,BTC,True,NewYork,,,,,,,,,,,,,,,,,,1782150619,780,1486,780,hist:er_v1,,,SHORT,0.34,,,,,20,,,,,,,BTC,1782150619,,,,,,,0,,,1782139867,SHORT,0.34,1782150619,,,,,20,,,,btc-updown-5m-1782150600,,,trades.db,early_reversion_trades,,NO_C,BTC,1782150619,,,,,,,0
,BTC,True,Offhours,,,,,,,,,,,,,,,,,,1782151209,781,1487,781,hist:er_v1,,,SHORT,0.4,,,,,21,,,,,,,BTC,1782151209,,,,,,,0,,,1782140516,SHORT,0.4,1782151209,,,,,21,,,,btc-updown-5m-1782151200,,,trades.db,early_reversion_trades,,NO_C,BTC,1782151209,,,,,,,0
,BTC,True,Offhours,,,,,,,,,,,,,,,,,,1782152103,782,1488,782,hist:er_v1,,,SHORT,0.39,,,,,21,,,,,,,BTC,1782152103,,,,,,,0,,,1782141482,SHORT,0.39,1782152103,,,,,21,,,,btc-updown-5m-1782152100,,,trades.db,early_reversion_trades,,NO_C,BTC,1782152103,,,,,,,0
,BTC,True,Offhours,,,,,,,,,,,,,,,,,,1782152421,783,1489,783,hist:er_v1,,,SHORT,0.36,,,,,21,,,,,,,BTC,1782152421,,,,,,,0,,,1782141647,SHORT,0.36,1782152421,,,,,21,,,,btc-updown-5m-1782152400,,,trades.db,early_reversion_trades,,NO_C,BTC,1782152421,,,,,,,0
,BTC,True,Offhours,,,,,,,,,,,,,,,,,,1782154818,784,1490,784,hist:er_v1,,,SHORT,0.38,,,,,22,,,,,,,BTC,1782154818,,,,,,,0,,,1782144036,SHORT,0.38,1782154818,,,,,22,,,,btc-updown-5m-1782154800,,,trades.db,early_reversion_trades,,NO_C,BTC,1782154818,,,,,,,0
,BTC,True,Offhours,,,,,,,,,,,,,,,,,,1782155115,785,1491,785,hist:er_v1,,,SHORT,0.32,,,,,22,,,,,,,BTC,1782155115,,,,,,,0,,,1782144341,SHORT,0.32,1782155115,,,,,22,,,,btc-updown-5m-1782155100,,,trades.db,early_reversion_trades,,NO_C,BTC,1782155115,,,,,,,0
,BTC,True,Offhours,,,,,,,,,,,,,,,,,,1782156008,786,1492,786,hist:er_v1,,,SHORT,0.37,,,,,22,,,,,,,BTC,1782156008,,,,,,,0,,,1782145226,SHORT,0.37,1782156008,,,,,22,,,,btc-updown-5m-1782156000,,,trades.db,early_reversion_trades,,NO_C,BTC,1782156008,,,,,,,0
,BTC,True,Offhours,,,,,,,,,,,,,,,,,,1782156602,787,1493,787,hist:er_v1,,,SHORT,0.35,,,,,22,,,,,,,BTC,1782156602,,,,,,,0,,,1782145821,SHORT,0.35,1782156602,,,,,22,,,,btc-updown-5m-1782156600,,,trades.db,early_reversion_trades,,NO_C,BTC,1782156602,,,,,,,0
,BTC,True,London,,,,,,,,,,,,,,,,,,1782202503,788,1494,788,hist:er_v1,,,SHORT,0.36,,,,,11,,,,,,,BTC,1782202503,,,,,,,1,,,1782191706,SHORT,0.36,1782202503,,,,,11,,,,btc-updown-5m-1782202500,,,trades.db,early_reversion_trades,,NO_C,BTC,1782202503,,,,,,,1
,BTC,True,London,,,,,,,,,,,,,,,,,,1782203107,789,1495,789,hist:er_v1,,,SHORT,0.38,,,,,11,,,,,,,BTC,1782203107,,,,,,,1,,,1782192310,SHORT,0.38,1782203107,,,,,11,,,,btc-updown-5m-1782203100,,,trades.db,early_reversion_trades,,NO_C,BTC,1782203107,,,,,,,1
,BTC,True,London,,,,,,,,,,,,,,,,,,1782203406,790,1496,790,hist:er_v1,,,SHORT,0.4,,,,,11,,,,,,,BTC,1782203406,,,,,,,1,,,1782192900,SHORT,0.4,1782203406,,,,,11,,,,btc-updown-5m-1782203400,,,trades.db,early_reversion_trades,,NO_C,BTC,1782203406,,,,,,,1
,BTC,True,London,,,,,,,,,,,,,,,,,,1782204005,791,1497,791,hist:er_v1,,,SHORT,0.4,,,,,11,,,,,,,BTC,1782204005,,,,,,,1,,,1782193300,SHORT,0.4,1782204005,,,,,11,,,,btc-updown-5m-1782204000,,,trades.db,early_reversion_trades,,NO_C,BTC,1782204005,,,,,,,1
,BTC,True,London,,,,,,,,,,,,,,,,,,1782205211,792,1498,792,hist:er_v1,,,SHORT,0.4,,,,,12,,,,,,,BTC,1782205211,,,,,,,1,,,1782194427,SHORT,0.4,1782205211,,,,,12,,,,btc-updown-5m-1782205200,,,trades.db,early_reversion_trades,,NO_C,BTC,1782205211,,,,,,,1
,BTC,True,London,,,,,,,,,,,,,,,,,,1782205823,793,1499,793,hist:er_v1,,,SHORT,0.27,,,,,12,,,,,,,BTC,1782205823,,,,,,,1,,,1782195302,SHORT,0.27,1782205823,,,,,12,,,,btc-updown-5m-1782205800,,,trades.db,early_reversion_trades,,NO_C,BTC,1782205823,,,,,,,1
,BTC,True,London,,,,,,,,,,,,,,,,,,1782206124,794,1500,794,hist:er_v1,,,SHORT,0.33,,,,,12,,,,,,,BTC,1782206124,,,,,,,1,,,1782195600,SHORT,0.33,1782206124,,,,,12,,,,btc-updown-5m-1782206100,,,trades.db,early_reversion_trades,,NO_C,BTC,1782206124,,,,,,,1
,BTC,True,NewYork,,,,,,,,,,,,,,,,,,1782211522,795,1501,795,hist:er_v1,,,SHORT,0.32,,,,,13,,,,,,,BTC,1782211522,,,,,,,1,,,1782200737,SHORT,0.32,1782211522,,,,,13,,,,btc-updown-5m-1782211500,,,trades.db,early_reversion_trades,,NO_C,BTC,1782211522,,,,,,,1
,BTC,True,NewYork,,,,,,,,,,,,,,,,,,1782213002,796,1502,796,hist:er_v1,,,SHORT,0.4,,,,,14,,,,,,,BTC,1782213002,,,,,,,1,,,1782202202,SHORT,0.4,1782213002,,,,,14,,,,btc-updown-5m-1782213000,,,trades.db,early_reversion_trades,,NO_C,BTC,1782213002,,,,,,,1
,BTC,True,NewYork,,,,,,,,,,,,,,,,,,1782213310,797,1503,797,hist:er_v1,,,SHORT,0.4,,,,,14,,,,,,,BTC,1782213310,,,,,,,1,,,1782202682,SHORT,0.4,1782213310,,,,,14,,,,btc-updown-5m-1782213300,,,trades.db,early_reversion_trades,,NO_C,BTC,1782213310,,,,,,,1
,BTC,True,NewYork,,,,,,,,,,,,,,,,,,1782215103,798,1504,798,hist:er_v1,,,SHORT,0.39,,,,,14,,,,,,,BTC,1782215103,,,,,,,1,,,1782204366,SHORT,0.39,1782215103,,,,,14,,,,btc-updown-5m-1782215100,,,trades.db,early_reversion_trades,,NO_C,BTC,1782215103,,,,,,,1
,BTC,True,NewYork,,,,,,,,,,,,,,,,,,1782217808,799,1505,799,hist:er_v1,,,SHORT,0.4,,,,,15,,,,,,,BTC,1782217808,,,,,,,1,,,1782207168,SHORT,0.4,1782217808,,,,,15,,,,btc-updown-5m-1782217800,,,trades.db,early_reversion_trades,,NO_C,BTC,1782217808,,,,,,,1
,BTC,True,NewYork,,,,,,,,,,,,,,,,,,1782218117,800,1506,800,hist:er_v1,,,SHORT,0.39,,,,,15,,,,,,,BTC,1782218117,,,,,,,1,,,1782207456,SHORT,0.39,1782218117,,,,,15,,,,btc-updown-5m-1782218100,,,trades.db,early_reversion_trades,,NO_C,BTC,1782218117,,,,,,,1
,BTC,True,NewYork,,,,,,,,,,,,,,,,,,1782219312,801,1507,801,hist:er_v1,,,SHORT,0.39,,,,,15,,,,,,,BTC,1782219312,,,,,,,1,,,1782208585,SHORT,0.39,1782219312,,,,,15,,,,btc-updown-5m-1782219300,,,trades.db,early_reversion_trades,,NO_C,BTC,1782219312,,,,,,,1
,BTC,True,NewYork,,,,,,,,,,,,,,,,,,1782222623,802,1508,802,hist:er_v1,,,SHORT,0.32,,,,,16,,,,,,,BTC,1782222623,,,,,,,1,,,1782211831,SHORT,0.32,1782222623,,,,,16,,,,btc-updown-5m-1782222600,,,trades.db,early_reversion_trades,,NO_C,BTC,1782222623,,,,,,,1
,BTC,True,NewYork,,,,,,,,,,,,,,,,,,1782223219,803,1509,803,hist:er_v1,,,SHORT,0.4,,,,,17,,,,,,,BTC,1782223219,,,,,,,1,,,1782212429,SHORT,0.4,1782223219,,,,,17,,,,btc-updown-5m-1782223200,,,trades.db,early_reversion_trades,,NO_C,BTC,1782223219,,,,,,,1
,BTC,True,Asia,,,,,,,,,,,,,,,,,,1782681905,1,1510,1,hist:yes_c_shadow,,,LONG,0.39,,,,,0,,,,,,,BTC,1782681905,,,,,,,0,,,1782671141,LONG,0.39,1782681905,,,,,0,,,,btc-updown-5m-1782681900,,,trades.db,yes_c_shadow_trades,,YES_C,BTC,1782681905,,,,,,,0
,BTC,True,Asia,,,,,,,,,,,,,,,,,,1782682806,2,1511,2,hist:yes_c_shadow,,,LONG,0.36,,,,,0,,,,,,,BTC,1782682806,,,,,,,0,,,1782672059,LONG,0.36,1782682806,,,,,0,,,,btc-updown-5m-1782682800,,,trades.db,yes_c_shadow_trades,,YES_C,BTC,1782682806,,,,,,,0
,BTC,True,Asia,,,,,,,,,,,,,,,,,,1782684910,3,1512,3,hist:yes_c_shadow,,,LONG,0.4,,,,,1,,,,,,,BTC,1782684910,,,,,,,0,,,1782674145,LONG,0.4,1782684910,,,,,1,,,,btc-updown-5m-1782684900,,,trades.db,yes_c_shadow_trades,,YES_C,BTC,1782684910,,,,,,,0
,BTC,True,Asia,,,,,,,,,,,,,,,,,,1782685507,4,1513,4,hist:yes_c_shadow,,,LONG,0.29,,,,,1,,,,,,,BTC,1782685507,,,,,,,0,,,1782674739,LONG,0.29,1782685507,,,,,1,,,,btc-updown-5m-1782685500,,,trades.db,yes_c_shadow_trades,,YES_C,BTC,1782685507,,,,,,,0
,BTC,True,Asia,,,,,,,,,,,,,,,,,,1782686109,5,1514,5,hist:yes_c_shadow,,,LONG,0.4,,,,,1,,,,,,,BTC,1782686109,,,,,,,0,,,1782675392,LONG,0.4,1782686109,,,,,1,,,,btc-updown-5m-1782686100,,,trades.db,yes_c_shadow_trades,,YES_C,BTC,1782686109,,,,,,,0
,BTC,True,Asia,,,,,,,,,,,,,,,,,,1782686416,6,1515,6,hist:yes_c_shadow,,,LONG,0.38,,,,,1,,,,,,,BTC,1782686416,,,,,,,0,,,1782675647,LONG,0.38,1782686416,,,,,1,,,,btc-updown-5m-1782686400,,,trades.db,yes_c_shadow_trades,,YES_C,BTC,1782686416,,,,,,,0
,BTC,True,Asia,,,,,,,,,,,,,,,,,,1782687019,7,1516,7,hist:yes_c_shadow,,,LONG,0.25,,,,,1,,,,,,,BTC,1782687019,,,,,,,0,,,1782676261,LONG,0.25,1782687019,,,,,1,,,,btc-updown-5m-1782687000,,,trades.db,yes_c_shadow_trades,,YES_C,BTC,1782687019,,,,,,,0
,BTC,True,Asia,,,,,,,,,,,,,,,,,,1782687604,8,1517,8,hist:yes_c_shadow,,,LONG,0.4,,,,,2,,,,,,,BTC,1782687604,,,,,,,0,,,1782676835,LONG,0.4,1782687604,,,,,2,,,,btc-updown-5m-1782687600,,,trades.db,yes_c_shadow_trades,,YES_C,BTC,1782687604,,,,,,,0
,BTC,True,Asia,,,,,,,,,,,,,,,,,,1782689104,9,1518,9,hist:yes_c_shadow,,,LONG,0.4,,,,,2,,,,,,,BTC,1782689104,,,,,,,0,,,1782678363,LONG,0.4,1782689104,,,,,2,,,,btc-updown-5m-1782689100,,,trades.db,yes_c_shadow_trades,,YES_C,BTC,1782689104,,,,,,,0
,BTC,True,Asia,,,,,,,,,,,,,,,,,,1782690010,10,1519,10,hist:yes_c_shadow,,,LONG,0.39,,,,,2,,,,,,,BTC,1782690010,,,,,,,0,,,1782679241,LONG,0.39,1782690010,,,,,2,,,,btc-updown-5m-1782690000,,,trades.db,yes_c_shadow_trades,,YES_C,BTC,1782690010,,,,,,,0
,BTC,True,Asia,,,,,,,,,,,,,,,,,,1782691214,11,1520,11,hist:yes_c_shadow,,,LONG,0.17,,,,,3,,,,,,,BTC,1782691214,,,,,,,0,,,1782680444,LONG,0.17,1782691214,,,,,3,,,,btc-updown-5m-1782691200,,,trades.db,yes_c_shadow_trades,,YES_C,BTC,1782691214,,,,,,,0
,BTC,True,Asia,,,,,,,,,,,,,,,,,,1782691510,12,1521,12,hist:yes_c_shadow,,,LONG,0.39,,,,,3,,,,,,,BTC,1782691510,,,,,,,0,,,1782680741,LONG,0.39,1782691510,,,,,3,,,,btc-updown-5m-1782691500,,,trades.db,yes_c_shadow_trades,,YES_C,BTC,1782691510,,,,,,,0
,BTC,True,Asia,,,,,,,,,,,,,,,,,,1782692423,13,1522,13,hist:yes_c_shadow,,,LONG,0.36,,,,,3,,,,,,,BTC,1782692423,,,,,,,0,,,1782681663,LONG,0.36,1782692423,,,,,3,,,,btc-updown-5m-1782692400,,,trades.db,yes_c_shadow_trades,,YES_C,BTC,1782692423,,,,,,,0
,BTC,True,Asia,,,,,,,,,,,,,,,,,,1782693320,14,1523,14,hist:yes_c_shadow,,,LONG,0.36,,,,,3,,,,,,,BTC,1782693320,,,,,,,0,,,1782682550,LONG,0.36,1782693320,,,,,3,,,,btc-updown-5m-1782693300,,,trades.db,yes_c_shadow_trades,,YES_C,BTC,1782693320,,,,,,,0
,BTC,True,Asia,,,,,,,,,,,,,,,,,,1782693921,15,1524,15,hist:yes_c_shadow,,,LONG,0.38,,,,,3,,,,,,,BTC,1782693921,,,,,,,0,,,1782683185,LONG,0.38,1782693921,,,,,3,,,,btc-updown-5m-1782693900,,,trades.db,yes_c_shadow_trades,,YES_C,BTC,1782693921,,,,,,,0
,BTC,True,Asia,,,,,,,,,,,,,,,,,,1782696025,16,1525,16,hist:yes_c_shadow,,,LONG,0.36,,,,,4,,,,,,,BTC,1782696025,,,,,,,0,,,1782685287,LONG,0.36,1782696025,,,,,4,,,,btc-updown-5m-1782696000,,,trades.db,yes_c_shadow_trades,,YES_C,BTC,1782696025,,,,,,,0
,BTC,True,Asia,,,,,,,,,,,,,,,,,,1782696608,17,1526,17,hist:yes_c_shadow,,,LONG,0.33,,,,,4,,,,,,,BTC,1782696608,,,,,,,0,,,1782685870,LONG,0.33,1782696608,,,,,4,,,,btc-updown-5m-1782696600,,,trades.db,yes_c_shadow_trades,,YES_C,BTC,1782696608,,,,,,,0
,BTC,True,Asia,,,,,,,,,,,,,,,,,,1782697810,18,1527,18,hist:yes_c_shadow,,,LONG,0.39,,,,,4,,,,,,,BTC,1782697810,,,,,,,0,,,1782687042,LONG,0.39,1782697810,,,,,4,,,,btc-updown-5m-1782697800,,,trades.db,yes_c_shadow_trades,,YES_C,BTC,1782697810,,,,,,,0
,BTC,True,Asia,,,,,,,,,,,,,,,,,,1782698421,19,1528,19,hist:yes_c_shadow,,,LONG,0.31,,,,,5,,,,,,,BTC,1782698421,,,,,,,0,,,1782687652,LONG,0.31,1782698421,,,,,5,,,,btc-updown-5m-1782698400,,,trades.db,yes_c_shadow_trades,,YES_C,BTC,1782698421,,,,,,,0
,BTC,True,Asia,,,,,,,,,,,,,,,,,,1782700215,20,1529,20,hist:yes_c_shadow,,,LONG,0.38,,,,,5,,,,,,,BTC,1782700215,,,,,,,0,,,1782689473,LONG,0.38,1782700215,,,,,5,,,,btc-updown-5m-1782700200,,,trades.db,yes_c_shadow_trades,,YES_C,BTC,1782700215,,,,,,,0
,BTC,True,Asia,,,,,,,,,,,,,,,,,,1782701408,21,1530,21,hist:yes_c_shadow,,,LONG,0.32,,,,,5,,,,,,,BTC,1782701408,,,,,,,0,,,1782690686,LONG,0.32,1782701408,,,,,5,,,,btc-updown-5m-1782701400,,,trades.db,yes_c_shadow_trades,,YES_C,BTC,1782701408,,,,,,,0
,BTC,True,Asia,,,,,,,,,,,,,,,,,,1782703221,22,1531,22,hist:yes_c_shadow,,,LONG,0.39,,,,,6,,,,,,,BTC,1782703221,,,,,,,0,,,1782692472,LONG,0.39,1782703221,,,,,6,,,,btc-updown-5m-1782703200,,,trades.db,yes_c_shadow_trades,,YES_C,BTC,1782703221,,,,,,,0
,BTC,True,Asia,,,,,,,,,,,,,,,,,,1782703505,23,1532,23,hist:yes_c_shadow,,,LONG,0.4,,,,,6,,,,,,,BTC,1782703505,,,,,,,0,,,1782692743,LONG,0.4,1782703505,,,,,6,,,,btc-updown-5m-1782703500,,,trades.db,yes_c_shadow_trades,,YES_C,BTC,1782703505,,,,,,,0
,BTC,True,Asia,,,,,,,,,,,,,,,,,,1782704719,24,1533,24,hist:yes_c_shadow,,,LONG,0.34,,,,,6,,,,,,,BTC,1782704719,,,,,,,0,,,1782693976,LONG,0.34,1782704719,,,,,6,,,,btc-updown-5m-1782704700,,,trades.db,yes_c_shadow_trades,,YES_C,BTC,1782704719,,,,,,,0
,BTC,True,Asia,,,,,,,,,,,,,,,,,,1782705018,25,1534,25,hist:yes_c_shadow,,,LONG,0.4,,,,,6,,,,,,,BTC,1782705018,,,,,,,0,,,1782694248,LONG,0.4,1782705018,,,,,6,,,,btc-updown-5m-1782705000,,,trades.db,yes_c_shadow_trades,,YES_C,BTC,1782705018,,,,,,,0
,BTC,True,Asia,,,,,,,,,,,,,,,,,,1782706826,26,1535,26,hist:yes_c_shadow,,,LONG,0.35,,,,,7,,,,,,,BTC,1782706826,,,,,,,0,,,1782696064,LONG,0.35,1782706826,,,,,7,,,,btc-updown-5m-1782706800,,,trades.db,yes_c_shadow_trades,,YES_C,BTC,1782706826,,,,,,,0
,BTC,True,Asia,,,,,,,,,,,,,,,,,,1782708017,27,1536,27,hist:yes_c_shadow,,,LONG,0.39,,,,,7,,,,,,,BTC,1782708017,,,,,,,0,,,1782697248,LONG,0.39,1782708017,,,,,7,,,,btc-updown-5m-1782708000,,,trades.db,yes_c_shadow_trades,,YES_C,BTC,1782708017,,,,,,,0
,BTC,True,Asia,,,,,,,,,,,,,,,,,,1782708908,28,1537,28,hist:yes_c_shadow,,,LONG,0.35,,,,,7,,,,,,,BTC,1782708908,,,,,,,0,,,1782698140,LONG,0.35,1782708908,,,,,7,,,,btc-updown-5m-1782708900,,,trades.db,yes_c_shadow_trades,,YES_C,BTC,1782708908,,,,,,,0
,BTC,True,London,,,,,,,,,,,,,,,,,,1782709506,29,1538,29,hist:yes_c_shadow,,,LONG,0.12,,,,,8,,,,,,,BTC,1782709506,,,,,,,0,,,1782698738,LONG,0.12,1782709506,,,,,8,,,,btc-updown-5m-1782709500,,,trades.db,yes_c_shadow_trades,,YES_C,BTC,1782709506,,,,,,,0
,BTC,True,London,,,,,,,,,,,,,,,,,,1782711306,30,1539,30,hist:yes_c_shadow,,,LONG,0.37,,,,,8,,,,,,,BTC,1782711306,,,,,,,0,,,1782700545,LONG,0.37,1782711306,,,,,8,,,,btc-updown-5m-1782711300,,,trades.db,yes_c_shadow_trades,,YES_C,BTC,1782711306,,,,,,,0
,BTC,True,London,,,,,,,,,,,,,,,,,,1782711613,31,1540,31,hist:yes_c_shadow,,,LONG,0.39,,,,,8,,,,,,,BTC,1782711613,,,,,,,0,,,1782700847,LONG,0.39,1782711613,,,,,8,,,,btc-updown-5m-1782711600,,,trades.db,yes_c_shadow_trades,,YES_C,BTC,1782711613,,,,,,,0
,BTC,True,London,,,,,,,,,,,,,,,,,,1782713110,32,1541,32,hist:yes_c_shadow,,,LONG,0.34,,,,,9,,,,,,,BTC,1782713110,,,,,,,0,,,1782702360,LONG,0.34,1782713110,,,,,9,,,,btc-updown-5m-1782713100,,,trades.db,yes_c_shadow_trades,,YES_C,BTC,1782713110,,,,,,,0
,BTC,True,London,,,,,,,,,,,,,,,,,,1782713409,33,1542,33,hist:yes_c_shadow,,,LONG,0.4,,,,,9,,,,,,,BTC,1782713409,,,,,,,0,,,1782702647,LONG,0.4,1782713409,,,,,9,,,,btc-updown-5m-1782713400,,,trades.db,yes_c_shadow_trades,,YES_C,BTC,1782713409,,,,,,,0
,BTC,True,London,,,,,,,,,,,,,,,,,,1782713711,34,1543,34,hist:yes_c_shadow,,,LONG,0.3,,,,,9,,,,,,,BTC,1782713711,,,,,,,0,,,1782702944,LONG,0.3,1782713711,,,,,9,,,,btc-updown-5m-1782713700,,,trades.db,yes_c_shadow_trades,,YES_C,BTC,1782713711,,,,,,,0
,BTC,True,London,,,,,,,,,,,,,,,,,,1782714010,35,1544,35,hist:yes_c_shadow,,,LONG,0.36,,,,,9,,,,,,,BTC,1782714010,,,,,,,0,,,1782703243,LONG,0.36,1782714010,,,,,9,,,,btc-updown-5m-1782714000,,,trades.db,yes_c_shadow_trades,,YES_C,BTC,1782714010,,,,,,,0
,BTC,True,London,,,,,,,,,,,,,,,,,,1782717612,36,1545,36,hist:yes_c_shadow,,,LONG,0.4,,,,,10,,,,,,,BTC,1782717612,,,,,,,0,,,1782706881,LONG,0.4,1782717612,,,,,10,,,,btc-updown-5m-1782717600,,,trades.db,yes_c_shadow_trades,,YES_C,BTC,1782717612,,,,,,,0
,BTC,True,London,,,,,,,,,,,,,,,,,,1782720009,37,1546,37,hist:yes_c_shadow,,,LONG,0.37,,,,,11,,,,,,,BTC,1782720009,,,,,,,0,,,1782709243,LONG,0.37,1782720009,,,,,11,,,,btc-updown-5m-1782720000,,,trades.db,yes_c_shadow_trades,,YES_C,BTC,1782720009,,,,,,,0
,BTC,True,London,,,,,,,,,,,,,,,,,,1782721209,38,1547,38,hist:yes_c_shadow,,,LONG,0.35,,,,,11,,,,,,,BTC,1782721209,,,,,,,0,,,1782710444,LONG,0.35,1782721209,,,,,11,,,,btc-updown-5m-1782721200,,,trades.db,yes_c_shadow_trades,,YES_C,BTC,1782721209,,,,,,,0
,BTC,True,London,,,,,,,,,,,,,,,,,,1782721513,39,1548,39,hist:yes_c_shadow,,,LONG,0.34,,,,,11,,,,,,,BTC,1782721513,,,,,,,0,,,1782710747,LONG,0.34,1782721513,,,,,11,,,,btc-updown-5m-1782721500,,,trades.db,yes_c_shadow_trades,,YES_C,BTC,1782721513,,,,,,,0
,BTC,True,London,,,,,,,,,,,,,,,,,,1782721812,40,1549,40,hist:yes_c_shadow,,,LONG,0.35,,,,,11,,,,,,,BTC,1782721812,,,,,,,0,,,1782711097,LONG,0.35,1782721812,,,,,11,,,,btc-updown-5m-1782721800,,,trades.db,yes_c_shadow_trades,,YES_C,BTC,1782721812,,,,,,,0
,BTC,True,London,,,,,,,,,,,,,,,,,,1782722421,41,1550,41,hist:yes_c_shadow,,,LONG,0.37,,,,,11,,,,,,,BTC,1782722421,,,,,,,0,,,1782711656,LONG,0.37,1782722421,,,,,11,,,,btc-updown-5m-1782722400,,,trades.db,yes_c_shadow_trades,,YES_C,BTC,1782722421,,,,,,,0
,BTC,True,London,,,,,,,,,,,,,,,,,,1782723313,42,1551,42,hist:yes_c_shadow,,,LONG,0.37,,,,,11,,,,,,,BTC,1782723313,,,,,,,0,,,1782712564,LONG,0.37,1782723313,,,,,11,,,,btc-updown-5m-1782723300,,,trades.db,yes_c_shadow_trades,,YES_C,BTC,1782723313,,,,,,,0
,BTC,True,London,,,,,,,,,,,,,,,,,,1782723910,43,1552,43,hist:yes_c_shadow,,,LONG,0.38,,,,,12,,,,,,,BTC,1782723910,,,,,,,0,,,1782713145,LONG,0.38,1782723910,,,,,12,,,,btc-updown-5m-1782723900,,,trades.db,yes_c_shadow_trades,,YES_C,BTC,1782723910,,,,,,,0
,BTC,True,London,,,,,,,,,,,,,,,,,,1782725121,44,1553,44,hist:yes_c_shadow,,,LONG,0.4,,,,,12,,,,,,,BTC,1782725121,,,,,,,0,,,1782714357,LONG,0.4,1782725121,,,,,12,,,,btc-updown-5m-1782725100,,,trades.db,yes_c_shadow_trades,,YES_C,BTC,1782725121,,,,,,,0
,BTC,True,London,,,,,,,,,,,,,,,,,,1782725718,45,1554,45,hist:yes_c_shadow,,,LONG,0.32,,,,,12,,,,,,,BTC,1782725718,,,,,,,0,,,1782714955,LONG,0.32,1782725718,,,,,12,,,,btc-updown-5m-1782725700,,,trades.db,yes_c_shadow_trades,,YES_C,BTC,1782725718,,,,,,,0
,BTC,True,London,,,,,,,,,,,,,,,,,,1782726022,46,1555,46,hist:yes_c_shadow,,,LONG,0.38,,,,,12,,,,,,,BTC,1782726022,,,,,,,0,,,1782715259,LONG,0.38,1782726022,,,,,12,,,,btc-updown-5m-1782726000,,,trades.db,yes_c_shadow_trades,,YES_C,BTC,1782726022,,,,,,,0
,BTC,True,NewYork,,,,,,,,,,,,,,,,,,1782728715,47,1556,47,hist:yes_c_shadow,,,LONG,0.29,,,,,13,,,,,,,BTC,1782728715,,,,,,,0,,,1782717972,LONG,0.29,1782728715,,,,,13,,,,btc-updown-5m-1782728700,,,trades.db,yes_c_shadow_trades,,YES_C,BTC,1782728715,,,,,,,0
,BTC,True,NewYork,,,,,,,,,,,,,,,,,,1782729010,48,1557,48,hist:yes_c_shadow,,,LONG,0.39,,,,,13,,,,,,,BTC,1782729010,,,,,,,0,,,1782718242,LONG,0.39,1782729010,,,,,13,,,,btc-updown-5m-1782729000,,,trades.db,yes_c_shadow_trades,,YES_C,BTC,1782729010,,,,,,,0
,BTC,True,NewYork,,,,,,,,,,,,,,,,,,1782729316,49,1558,49,hist:yes_c_shadow,,,LONG,0.38,,,,,13,,,,,,,BTC,1782729316,,,,,,,0,,,1782718548,LONG,0.38,1782729316,,,,,13,,,,btc-updown-5m-1782729300,,,trades.db,yes_c_shadow_trades,,YES_C,BTC,1782729316,,,,,,,0
,BTC,True,NewYork,,,,,,,,,,,,,,,,,,1782730214,50,1559,50,hist:yes_c_shadow,,,LONG,0.4,,,,,13,,,,,,,BTC,1782730214,,,,,,,0,,,1782719454,LONG,0.4,1782730214,,,,,13,,,,btc-updown-5m-1782730200,,,trades.db,yes_c_shadow_trades,,YES_C,BTC,1782730214,,,,,,,0
,BTC,True,NewYork,,,,,,,,,,,,,,,,,,1782735023,51,1560,51,hist:yes_c_shadow,,,LONG,0.28,,,,,15,,,,,,,BTC,1782735023,,,,,,,0,,,1782724266,LONG,0.28,1782735023,,,,,15,,,,btc-updown-5m-1782735000,,,trades.db,yes_c_shadow_trades,,YES_C,BTC,1782735023,,,,,,,0
,BTC,True,NewYork,,,,,,,,,,,,,,,,,,1782738323,52,1561,52,hist:yes_c_shadow,,,LONG,0.39,,,,,16,,,,,,,BTC,1782738323,,,,,,,0,,,1782727593,LONG,0.39,1782738323,,,,,16,,,,btc-updown-5m-1782738300,,,trades.db,yes_c_shadow_trades,,YES_C,BTC,1782738323,,,,,,,0
,BTC,True,NewYork,,,,,,,,,,,,,,,,,,1782739223,53,1562,53,hist:yes_c_shadow,,,LONG,0.36,,,,,16,,,,,,,BTC,1782739223,,,,,,,0,,,1782728461,LONG,0.36,1782739223,,,,,16,,,,btc-updown-5m-1782739200,,,trades.db,yes_c_shadow_trades,,YES_C,BTC,1782739223,,,,,,,0
,BTC,True,NewYork,,,,,,,,,,,,,,,,,,1782739507,54,1563,54,hist:yes_c_shadow,,,LONG,0.3,,,,,16,,,,,,,BTC,1782739507,,,,,,,0,,,1782728764,LONG,0.3,1782739507,,,,,16,,,,btc-updown-5m-1782739500,,,trades.db,yes_c_shadow_trades,,YES_C,BTC,1782739507,,,,,,,0
,BTC,True,NewYork,,,,,,,,,,,,,,,,,,1782739810,55,1564,55,hist:yes_c_shadow,,,LONG,0.37,,,,,16,,,,,,,BTC,1782739810,,,,,,,0,,,1782729045,LONG,0.37,1782739810,,,,,16,,,,btc-updown-5m-1782739800,,,trades.db,yes_c_shadow_trades,,YES_C,BTC,1782739810,,,,,,,0
,BTC,True,NewYork,,,,,,,,,,,,,,,,,,1782740409,56,1565,56,hist:yes_c_shadow,,,LONG,0.32,,,,,16,,,,,,,BTC,1782740409,,,,,,,0,,,1782729675,LONG,0.32,1782740409,,,,,16,,,,btc-updown-5m-1782740400,,,trades.db,yes_c_shadow_trades,,YES_C,BTC,1782740409,,,,,,,0
,BTC,True,NewYork,,,,,,,,,,,,,,,,,,1782741612,57,1566,57,hist:yes_c_shadow,,,LONG,0.39,,,,,17,,,,,,,BTC,1782741612,,,,,,,0,,,1782730852,LONG,0.39,1782741612,,,,,17,,,,btc-updown-5m-1782741600,,,trades.db,yes_c_shadow_trades,,YES_C,BTC,1782741612,,,,,,,0
,BTC,True,NewYork,,,,,,,,,,,,,,,,,,1782741908,58,1567,58,hist:yes_c_shadow,,,LONG,0.32,,,,,17,,,,,,,BTC,1782741908,,,,,,,0,,,1782731143,LONG,0.32,1782741908,,,,,17,,,,btc-updown-5m-1782741900,,,trades.db,yes_c_shadow_trades,,YES_C,BTC,1782741908,,,,,,,0
,BTC,True,NewYork,,,,,,,,,,,,,,,,,,1782742810,59,1568,59,hist:yes_c_shadow,,,LONG,0.32,,,,,17,,,,,,,BTC,1782742810,,,,,,,0,,,1782732099,LONG,0.32,1782742810,,,,,17,,,,btc-updown-5m-1782742800,,,trades.db,yes_c_shadow_trades,,YES_C,BTC,1782742810,,,,,,,0
,BTC,True,NewYork,,,,,,,,,,,,,,,,,,1782746411,60,1569,60,hist:yes_c_shadow,,,LONG,0.29,,,,,18,,,,,,,BTC,1782746411,,,,,,,0,,,1782735649,LONG,0.29,1782746411,,,,,18,,,,btc-updown-5m-1782746400,,,trades.db,yes_c_shadow_trades,,YES_C,BTC,1782746411,,,,,,,0
,BTC,True,NewYork,,,,,,,,,,,,,,,,,,1782747308,61,1570,61,hist:yes_c_shadow,,,LONG,0.38,,,,,18,,,,,,,BTC,1782747308,,,,,,,0,,,1782736593,LONG,0.38,1782747308,,,,,18,,,,btc-updown-5m-1782747300,,,trades.db,yes_c_shadow_trades,,YES_C,BTC,1782747308,,,,,,,0
,BTC,True,NewYork,,,,,,,,,,,,,,,,,,1782747908,62,1571,62,hist:yes_c_shadow,,,LONG,0.4,,,,,18,,,,,,,BTC,1782747908,,,,,,,0,,,1782737143,LONG,0.4,1782747908,,,,,18,,,,btc-updown-5m-1782747900,,,trades.db,yes_c_shadow_trades,,YES_C,BTC,1782747908,,,,,,,0
,BTC,True,NewYork,,,,,,,,,,,,,,,,,,1782753907,63,1572,63,hist:yes_c_shadow,,,LONG,0.4,,,,,20,,,,,,,BTC,1782753907,,,,,,,0,,,1782743169,LONG,0.4,1782753907,,,,,20,,,,btc-updown-5m-1782753900,,,trades.db,yes_c_shadow_trades,,YES_C,BTC,1782753907,,,,,,,0
,BTC,True,NewYork,,,,,,,,,,,,,,,,,,1782754521,64,1573,64,hist:yes_c_shadow,,,LONG,0.38,,,,,20,,,,,,,BTC,1782754521,,,,,,,0,,,1782743757,LONG,0.38,1782754521,,,,,20,,,,btc-updown-5m-1782754500,,,trades.db,yes_c_shadow_trades,,YES_C,BTC,1782754521,,,,,,,0
,BTC,True,NewYork,,,,,,,,,,,,,,,,,,1782755125,65,1574,65,hist:yes_c_shadow,,,LONG,0.25,,,,,20,,,,,,,BTC,1782755125,,,,,,,0,,,1782744387,LONG,0.25,1782755125,,,,,20,,,,btc-updown-5m-1782755100,,,trades.db,yes_c_shadow_trades,,YES_C,BTC,1782755125,,,,,,,0
,BTC,True,NewYork,,,,,,,,,,,,,,,,,,1782755421,66,1575,66,hist:yes_c_shadow,,,LONG,0.28,,,,,20,,,,,,,BTC,1782755421,,,,,,,0,,,1782744653,LONG,0.28,1782755421,,,,,20,,,,btc-updown-5m-1782755400,,,trades.db,yes_c_shadow_trades,,YES_C,BTC,1782755421,,,,,,,0
,BTC,True,Offhours,,,,,,,,,,,,,,,,,,1782756010,67,1576,67,hist:yes_c_shadow,,,LONG,0.28,,,,,21,,,,,,,BTC,1782756010,,,,,,,0,,,1782745246,LONG,0.28,1782756010,,,,,21,,,,btc-updown-5m-1782756000,,,trades.db,yes_c_shadow_trades,,YES_C,BTC,1782756010,,,,,,,0
,BTC,True,Offhours,,,,,,,,,,,,,,,,,,1782757211,68,1577,68,hist:yes_c_shadow,,,LONG,0.34,,,,,21,,,,,,,BTC,1782757211,,,,,,,0,,,1782746478,LONG,0.34,1782757211,,,,,21,,,,btc-updown-5m-1782757200,,,trades.db,yes_c_shadow_trades,,YES_C,BTC,1782757211,,,,,,,0
,BTC,True,Offhours,,,,,,,,,,,,,,,,,,1782758729,69,1578,69,hist:yes_c_shadow,,,LONG,0.39,,,,,21,,,,,,,BTC,1782758729,,,,,,,0,,,1782748012,LONG,0.39,1782758729,,,,,21,,,,btc-updown-5m-1782758700,,,trades.db,yes_c_shadow_trades,,YES_C,BTC,1782758729,,,,,,,0
,BTC,True,Offhours,,,,,,,,,,,,,,,,,,1782759620,70,1579,70,hist:yes_c_shadow,,,LONG,0.36,,,,,22,,,,,,,BTC,1782759620,,,,,,,0,,,1782748851,LONG,0.36,1782759620,,,,,22,,,,btc-updown-5m-1782759600,,,trades.db,yes_c_shadow_trades,,YES_C,BTC,1782759620,,,,,,,0
,BTC,True,Offhours,,,,,,,,,,,,,,,,,,1782760209,71,1580,71,hist:yes_c_shadow,,,LONG,0.37,,,,,22,,,,,,,BTC,1782760209,,,,,,,0,,,1782749444,LONG,0.37,1782760209,,,,,22,,,,btc-updown-5m-1782760200,,,trades.db,yes_c_shadow_trades,,YES_C,BTC,1782760209,,,,,,,0
,BTC,True,Offhours,,,,,,,,,,,,,,,,,,1782760519,72,1581,72,hist:yes_c_shadow,,,LONG,0.4,,,,,22,,,,,,,BTC,1782760519,,,,,,,0,,,1782749751,LONG,0.4,1782760519,,,,,22,,,,btc-updown-5m-1782760500,,,trades.db,yes_c_shadow_trades,,YES_C,BTC,1782760519,,,,,,,0
,BTC,True,Offhours,,,,,,,,,,,,,,,,,,1782761406,73,1582,73,hist:yes_c_shadow,,,LONG,0.39,,,,,22,,,,,,,BTC,1782761406,,,,,,,0,,,1782750655,LONG,0.39,1782761406,,,,,22,,,,btc-updown-5m-1782761400,,,trades.db,yes_c_shadow_trades,,YES_C,BTC,1782761406,,,,,,,0
,BTC,True,Offhours,,,,,,,,,,,,,,,,,,1782762613,74,1583,74,hist:yes_c_shadow,,,LONG,0.2,,,,,22,,,,,,,BTC,1782762613,,,,,,,0,,,1782751844,LONG,0.2,1782762613,,,,,22,,,,btc-updown-5m-1782762600,,,trades.db,yes_c_shadow_trades,,YES_C,BTC,1782762613,,,,,,,0
,BTC,True,Offhours,,,,,,,,,,,,,,,,,,1782763511,75,1584,75,hist:yes_c_shadow,,,LONG,0.36,,,,,23,,,,,,,BTC,1782763511,,,,,,,0,,,1782752743,LONG,0.36,1782763511,,,,,23,,,,btc-updown-5m-1782763500,,,trades.db,yes_c_shadow_trades,,YES_C,BTC,1782763511,,,,,,,0
,BTC,True,Offhours,,,,,,,,,,,,,,,,,,1782764117,76,1585,76,hist:yes_c_shadow,,,LONG,0.4,,,,,23,,,,,,,BTC,1782764117,,,,,,,0,,,1782753359,LONG,0.4,1782764117,,,,,23,,,,btc-updown-5m-1782764100,,,trades.db,yes_c_shadow_trades,,YES_C,BTC,1782764117,,,,,,,0
,BTC,True,Offhours,,,,,,,,,,,,,,,,,,1782765620,77,1586,77,hist:yes_c_shadow,,,LONG,0.32,,,,,23,,,,,,,BTC,1782765620,,,,,,,0,,,1782754853,LONG,0.32,1782765620,,,,,23,,,,btc-updown-5m-1782765600,,,trades.db,yes_c_shadow_trades,,YES_C,BTC,1782765620,,,,,,,0
,BTC,True,Offhours,,,,,,,,,,,,,,,,,,1782765910,78,1587,78,hist:yes_c_shadow,,,LONG,0.35,,,,,23,,,,,,,BTC,1782765910,,,,,,,0,,,1782755142,LONG,0.35,1782765910,,,,,23,,,,btc-updown-5m-1782765900,,,trades.db,yes_c_shadow_trades,,YES_C,BTC,1782765910,,,,,,,0
,BTC,True,Offhours,,,,,,,,,,,,,,,,,,1782766210,79,1588,79,hist:yes_c_shadow,,,LONG,0.37,,,,,23,,,,,,,BTC,1782766210,,,,,,,0,,,1782755448,LONG,0.37,1782766210,,,,,23,,,,btc-updown-5m-1782766200,,,trades.db,yes_c_shadow_trades,,YES_C,BTC,1782766210,,,,,,,0
,BTC,True,Asia,,,,,,,,,,,,,,,,,,1782770107,80,1589,80,hist:yes_c_shadow,,,LONG,0.36,,,,,0,,,,,,,BTC,1782770107,,,,,,,1,,,1782759341,LONG,0.36,1782770107,,,,,0,,,,btc-updown-5m-1782770100,,,trades.db,yes_c_shadow_trades,,YES_C,BTC,1782770107,,,,,,,1
,BTC,True,Asia,,,,,,,,,,,,,,,,,,1782772509,81,1590,81,hist:yes_c_shadow,,,LONG,0.39,,,,,1,,,,,,,BTC,1782772509,,,,,,,1,,,1782761745,LONG,0.39,1782772509,,,,,1,,,,btc-updown-5m-1782772500,,,trades.db,yes_c_shadow_trades,,YES_C,BTC,1782772509,,,,,,,1
,BTC,True,Asia,,,,,,,,,,,,,,,,,,1782773710,82,1591,82,hist:yes_c_shadow,,,LONG,0.35,,,,,1,,,,,,,BTC,1782773710,,,,,,,1,,,1782762945,LONG,0.35,1782773710,,,,,1,,,,btc-updown-5m-1782773700,,,trades.db,yes_c_shadow_trades,,YES_C,BTC,1782773710,,,,,,,1
,BTC,True,Asia,,,,,,,,,,,,,,,,,,1782774316,83,1592,83,hist:yes_c_shadow,,,LONG,0.4,,,,,2,,,,,,,BTC,1782774316,,,,,,,1,,,1782763551,LONG,0.4,1782774316,,,,,2,,,,btc-updown-5m-1782774300,,,trades.db,yes_c_shadow_trades,,YES_C,BTC,1782774316,,,,,,,1
,BTC,True,Asia,,,,,,,,,,,,,,,,,,1782775204,84,1593,84,hist:yes_c_shadow,,,LONG,0.29,,,,,2,,,,,,,BTC,1782775204,,,,,,,1,,,1782764437,LONG,0.29,1782775204,,,,,2,,,,btc-updown-5m-1782775200,,,trades.db,yes_c_shadow_trades,,YES_C,BTC,1782775204,,,,,,,1
,BTC,True,London,,,,,,,,,,,,,,,,,,1782799817,85,1594,85,hist:yes_c_shadow,,,LONG,0.4,,,,,9,,,,,,,BTC,1782799817,,,,,,,1,,,1782789062,LONG,0.4,1782799817,,,,,9,,,,btc-updown-5m-1782799800,,,trades.db,yes_c_shadow_trades,,YES_C,BTC,1782799817,,,,,,,1
,BTC,True,London,,,,,,,,,,,,,,,,,,1782800406,86,1595,86,hist:yes_c_shadow,,,LONG,0.37,,,,,9,,,,,,,BTC,1782800406,,,,,,,1,,,1782789643,LONG,0.37,1782800406,,,,,9,,,,btc-updown-5m-1782800400,,,trades.db,yes_c_shadow_trades,,YES_C,BTC,1782800406,,,,,,,1
,BTC,True,London,,,,,,,,,,,,,,,,,,1782803128,87,1596,87,hist:yes_c_shadow,,,LONG,0.34,,,,,10,,,,,,,BTC,1782803128,,,,,,,1,,,1782792362,LONG,0.34,1782803128,,,,,10,,,,btc-updown-5m-1782803100,,,trades.db,yes_c_shadow_trades,,YES_C,BTC,1782803128,,,,,,,1
,BTC,True,London,,,,,,,,,,,,,,,,,,1782803410,88,1597,88,hist:yes_c_shadow,,,LONG,0.33,,,,,10,,,,,,,BTC,1782803410,,,,,,,1,,,1782792655,LONG,0.33,1782803410,,,,,10,,,,btc-updown-5m-1782803400,,,trades.db,yes_c_shadow_trades,,YES_C,BTC,1782803410,,,,,,,1
,BTC,True,London,,,,,,,,,,,,,,,,,,1782804008,89,1598,89,hist:yes_c_shadow,,,LONG,0.35,,,,,10,,,,,,,BTC,1782804008,,,,,,,1,,,1782793239,LONG,0.35,1782804008,,,,,10,,,,btc-updown-5m-1782804000,,,trades.db,yes_c_shadow_trades,,YES_C,BTC,1782804008,,,,,,,1
,BTC,True,London,,,,,,,,,,,,,,,,,,1782805828,90,1599,90,hist:yes_c_shadow,,,LONG,0.34,,,,,10,,,,,,,BTC,1782805828,,,,,,,1,,,1782795058,LONG,0.34,1782805828,,,,,10,,,,btc-updown-5m-1782805800,,,trades.db,yes_c_shadow_trades,,YES_C,BTC,1782805828,,,,,,,1
,BTC,True,London,,,,,,,,,,,,,,,,,,1782806126,91,1600,91,hist:yes_c_shadow,,,LONG,0.34,,,,,10,,,,,,,BTC,1782806126,,,,,,,1,,,1782795370,LONG,0.34,1782806126,,,,,10,,,,btc-updown-5m-1782806100,,,trades.db,yes_c_shadow_trades,,YES_C,BTC,1782806126,,,,,,,1
,BTC,True,London,,,,,,,,,,,,,,,,,,1782810020,92,1601,92,hist:yes_c_shadow,,,LONG,0.4,,,,,12,,,,,,,BTC,1782810020,,,,,,,1,,,1782799250,LONG,0.4,1782810020,,,,,12,,,,btc-updown-5m-1782810000,,,trades.db,yes_c_shadow_trades,,YES_C,BTC,1782810020,,,,,,,1
,BTC,True,London,,,,,,,,,,,,,,,,,,1782810306,93,1602,93,hist:yes_c_shadow,,,LONG,0.4,,,,,12,,,,,,,BTC,1782810306,,,,,,,1,,,1782799545,LONG,0.4,1782810306,,,,,12,,,,btc-updown-5m-1782810300,,,trades.db,yes_c_shadow_trades,,YES_C,BTC,1782810306,,,,,,,1
,BTC,True,London,,,,,,,,,,,,,,,,,,1782811221,94,1603,94,hist:yes_c_shadow,,,LONG,0.33,,,,,12,,,,,,,BTC,1782811221,,,,,,,1,,,1782800464,LONG,0.33,1782811221,,,,,12,,,,btc-updown-5m-1782811200,,,trades.db,yes_c_shadow_trades,,YES_C,BTC,1782811221,,,,,,,1
,BTC,True,NewYork,,,,,,,,,,,,,,,,,,1782813917,95,1604,95,hist:yes_c_shadow,,,LONG,0.37,,,,,13,,,,,,,BTC,1782813917,,,,,,,1,,,1782803149,LONG,0.37,1782813917,,,,,13,,,,btc-updown-5m-1782813900,,,trades.db,yes_c_shadow_trades,,YES_C,BTC,1782813917,,,,,,,1
,BTC,True,NewYork,,,,,,,,,,,,,,,,,,1782814205,96,1605,96,hist:yes_c_shadow,,,LONG,0.3,,,,,13,,,,,,,BTC,1782814205,,,,,,,1,,,1782803438,LONG,0.3,1782814205,,,,,13,,,,btc-updown-5m-1782814200,,,trades.db,yes_c_shadow_trades,,YES_C,BTC,1782814205,,,,,,,1
,BTC,True,NewYork,,,,,,,,,,,,,,,,,,1782815422,97,1606,97,hist:yes_c_shadow,,,LONG,0.4,,,,,13,,,,,,,BTC,1782815422,,,,,,,1,,,1782804656,LONG,0.4,1782815422,,,,,13,,,,btc-updown-5m-1782815400,,,trades.db,yes_c_shadow_trades,,YES_C,BTC,1782815422,,,,,,,1
,BTC,True,NewYork,,,,,,,,,,,,,,,,,,1782815711,98,1607,98,hist:yes_c_shadow,,,LONG,0.4,,,,,13,,,,,,,BTC,1782815711,,,,,,,1,,,1782804967,LONG,0.4,1782815711,,,,,13,,,,btc-updown-5m-1782815700,,,trades.db,yes_c_shadow_trades,,YES_C,BTC,1782815711,,,,,,,1
,BTC,True,NewYork,,,,,,,,,,,,,,,,,,1782816311,99,1608,99,hist:yes_c_shadow,,,LONG,0.36,,,,,13,,,,,,,BTC,1782816311,,,,,,,1,,,1782805544,LONG,0.36,1782816311,,,,,13,,,,btc-updown-5m-1782816300,,,trades.db,yes_c_shadow_trades,,YES_C,BTC,1782816311,,,,,,,1
,BTC,True,NewYork,,,,,,,,,,,,,,,,,,1782816616,100,1609,100,hist:yes_c_shadow,,,LONG,0.33,,,,,13,,,,,,,BTC,1782816616,,,,,,,1,,,1782805858,LONG,0.33,1782816616,,,,,13,,,,btc-updown-5m-1782816600,,,trades.db,yes_c_shadow_trades,,YES_C,BTC,1782816616,,,,,,,1
,BTC,True,NewYork,,,,,,,,,,,,,,,,,,1782816906,101,1610,101,hist:yes_c_shadow,,,LONG,0.35,,,,,13,,,,,,,BTC,1782816906,,,,,,,1,,,1782806202,LONG,0.35,1782816906,,,,,13,,,,btc-updown-5m-1782816900,,,trades.db,yes_c_shadow_trades,,YES_C,BTC,1782816906,,,,,,,1
,BTC,True,NewYork,,,,,,,,,,,,,,,,,,1782817521,102,1611,102,hist:yes_c_shadow,,,LONG,0.4,,,,,14,,,,,,,BTC,1782817521,,,,,,,1,,,1782806820,LONG,0.4,1782817521,,,,,14,,,,btc-updown-5m-1782817500,,,trades.db,yes_c_shadow_trades,,YES_C,BTC,1782817521,,,,,,,1
,BTC,True,NewYork,,,,,,,,,,,,,,,,,,1782818715,103,1612,103,hist:yes_c_shadow,,,LONG,0.38,,,,,14,,,,,,,BTC,1782818715,,,,,,,1,,,1782807966,LONG,0.38,1782818715,,,,,14,,,,btc-updown-5m-1782818700,,,trades.db,yes_c_shadow_trades,,YES_C,BTC,1782818715,,,,,,,1
,BTC,True,NewYork,,,,,,,,,,,,,,,,,,1782826509,104,1613,104,hist:yes_c_shadow,,,LONG,0.39,,,,,16,,,,,,,BTC,1782826509,,,,,,,1,,,1782815742,LONG,0.39,1782826509,,,,,16,,,,btc-updown-5m-1782826500,,,trades.db,yes_c_shadow_trades,,YES_C,BTC,1782826509,,,,,,,1
,BTC,True,NewYork,,,,,,,,,,,,,,,,,,1782827128,105,1614,105,hist:yes_c_shadow,,,LONG,0.38,,,,,16,,,,,,,BTC,1782827128,,,,,,,1,,,1782816374,LONG,0.38,1782827128,,,,,16,,,,btc-updown-5m-1782827100,,,trades.db,yes_c_shadow_trades,,YES_C,BTC,1782827128,,,,,,,1
,BTC,True,NewYork,,,,,,,,,,,,,,,,,,1782828617,106,1615,106,hist:yes_c_shadow,,,LONG,0.4,,,,,17,,,,,,,BTC,1782828617,,,,,,,1,,,1782817857,LONG,0.4,1782828617,,,,,17,,,,btc-updown-5m-1782828600,,,trades.db,yes_c_shadow_trades,,YES_C,BTC,1782828617,,,,,,,1
,BTC,True,NewYork,,,,,,,,,,,,,,,,,,1782829211,107,1616,107,hist:yes_c_shadow,,,LONG,0.39,,,,,17,,,,,,,BTC,1782829211,,,,,,,1,,,1782818446,LONG,0.39,1782829211,,,,,17,,,,btc-updown-5m-1782829200,,,trades.db,yes_c_shadow_trades,,YES_C,BTC,1782829211,,,,,,,1
,BTC,True,NewYork,,,,,,,,,,,,,,,,,,1782829521,108,1617,108,hist:yes_c_shadow,,,LONG,0.4,,,,,17,,,,,,,BTC,1782829521,,,,,,,1,,,1782818783,LONG,0.4,1782829521,,,,,17,,,,btc-updown-5m-1782829500,,,trades.db,yes_c_shadow_trades,,YES_C,BTC,1782829521,,,,,,,1
,BTC,True,NewYork,,,,,,,,,,,,,,,,,,1782830108,109,1618,109,hist:yes_c_shadow,,,LONG,0.37,,,,,17,,,,,,,BTC,1782830108,,,,,,,1,,,1782819341,LONG,0.37,1782830108,,,,,17,,,,btc-updown-5m-1782830100,,,trades.db,yes_c_shadow_trades,,YES_C,BTC,1782830108,,,,,,,1
,BTC,True,NewYork,,,,,,,,,,,,,,,,,,1782830421,110,1619,110,hist:yes_c_shadow,,,LONG,0.4,,,,,17,,,,,,,BTC,1782830421,,,,,,,1,,,1782819685,LONG,0.4,1782830421,,,,,17,,,,btc-updown-5m-1782830400,,,trades.db,yes_c_shadow_trades,,YES_C,BTC,1782830421,,,,,,,1
,BTC,True,NewYork,,,,,,,,,,,,,,,,,,1782830704,111,1620,111,hist:yes_c_shadow,,,LONG,0.34,,,,,17,,,,,,,BTC,1782830704,,,,,,,1,,,1782819939,LONG,0.34,1782830704,,,,,17,,,,btc-updown-5m-1782830700,,,trades.db,yes_c_shadow_trades,,YES_C,BTC,1782830704,,,,,,,1
,BTC,True,NewYork,,,,,,,,,,,,,,,,,,1782831917,112,1621,112,hist:yes_c_shadow,,,LONG,0.32,,,,,18,,,,,,,BTC,1782831917,,,,,,,1,,,1782821153,LONG,0.32,1782831917,,,,,18,,,,btc-updown-5m-1782831900,,,trades.db,yes_c_shadow_trades,,YES_C,BTC,1782831917,,,,,,,1
,BTC,True,NewYork,,,,,,,,,,,,,,,,,,1782836122,113,1622,113,hist:yes_c_shadow,,,LONG,0.26,,,,,19,,,,,,,BTC,1782836122,,,,,,,1,,,1782825376,LONG,0.26,1782836122,,,,,19,,,,btc-updown-5m-1782836100,,,trades.db,yes_c_shadow_trades,,YES_C,BTC,1782836122,,,,,,,1
,BTC,True,NewYork,,,,,,,,,,,,,,,,,,1782836420,114,1623,114,hist:yes_c_shadow,,,LONG,0.4,,,,,19,,,,,,,BTC,1782836420,,,,,,,1,,,1782825652,LONG,0.4,1782836420,,,,,19,,,,btc-updown-5m-1782836400,,,trades.db,yes_c_shadow_trades,,YES_C,BTC,1782836420,,,,,,,1
,BTC,True,NewYork,,,,,,,,,,,,,,,,,,1782836718,115,1624,115,hist:yes_c_shadow,,,LONG,0.39,,,,,19,,,,,,,BTC,1782836718,,,,,,,1,,,1782825950,LONG,0.39,1782836718,,,,,19,,,,btc-updown-5m-1782836700,,,trades.db,yes_c_shadow_trades,,YES_C,BTC,1782836718,,,,,,,1
,BTC,True,NewYork,,,,,,,,,,,,,,,,,,1782837320,116,1625,116,hist:yes_c_shadow,,,LONG,0.37,,,,,19,,,,,,,BTC,1782837320,,,,,,,1,,,1782826557,LONG,0.37,1782837320,,,,,19,,,,btc-updown-5m-1782837300,,,trades.db,yes_c_shadow_trades,,YES_C,BTC,1782837320,,,,,,,1
,BTC,True,NewYork,,,,,,,,,,,,,,,,,,1782837616,117,1626,117,hist:yes_c_shadow,,,LONG,0.4,,,,,19,,,,,,,BTC,1782837616,,,,,,,1,,,1782826848,LONG,0.4,1782837616,,,,,19,,,,btc-updown-5m-1782837600,,,trades.db,yes_c_shadow_trades,,YES_C,BTC,1782837616,,,,,,,1
,BTC,True,NewYork,,,,,,,,,,,,,,,,,,1782838204,118,1627,118,hist:yes_c_shadow,,,LONG,0.38,,,,,19,,,,,,,BTC,1782838204,,,,,,,1,,,1782827439,LONG,0.38,1782838204,,,,,19,,,,btc-updown-5m-1782838200,,,trades.db,yes_c_shadow_trades,,YES_C,BTC,1782838204,,,,,,,1
,BTC,True,NewYork,,,,,,,,,,,,,,,,,,1782838820,119,1628,119,hist:yes_c_shadow,,,LONG,0.36,,,,,20,,,,,,,BTC,1782838820,,,,,,,1,,,1782828069,LONG,0.36,1782838820,,,,,20,,,,btc-updown-5m-1782838800,,,trades.db,yes_c_shadow_trades,,YES_C,BTC,1782838820,,,,,,,1
,BTC,True,NewYork,,,,,,,,,,,,,,,,,,1782839112,120,1629,120,hist:yes_c_shadow,,,LONG,0.39,,,,,20,,,,,,,BTC,1782839112,,,,,,,1,,,1782828346,LONG,0.39,1782839112,,,,,20,,,,btc-updown-5m-1782839100,,,trades.db,yes_c_shadow_trades,,YES_C,BTC,1782839112,,,,,,,1
,BTC,True,NewYork,,,,,,,,,,,,,,,,,,1782839410,121,1630,121,hist:yes_c_shadow,,,LONG,0.35,,,,,20,,,,,,,BTC,1782839410,,,,,,,1,,,1782828644,LONG,0.35,1782839410,,,,,20,,,,btc-updown-5m-1782839400,,,trades.db,yes_c_shadow_trades,,YES_C,BTC,1782839410,,,,,,,1
,BTC,True,NewYork,,,,,,,,,,,,,,,,,,1782840010,122,1631,122,hist:yes_c_shadow,,,LONG,0.4,,,,,20,,,,,,,BTC,1782840010,,,,,,,1,,,1782829246,LONG,0.4,1782840010,,,,,20,,,,btc-updown-5m-1782840000,,,trades.db,yes_c_shadow_trades,,YES_C,BTC,1782840010,,,,,,,1
,BTC,True,NewYork,,,,,,,,,,,,,,,,,,1782841523,123,1632,123,hist:yes_c_shadow,,,LONG,0.38,,,,,20,,,,,,,BTC,1782841523,,,,,,,1,,,1782830774,LONG,0.38,1782841523,,,,,20,,,,btc-updown-5m-1782841500,,,trades.db,yes_c_shadow_trades,,YES_C,BTC,1782841523,,,,,,,1
,BTC,True,NewYork,,,,,,,,,,,,,,,,,,1782842122,124,1633,124,hist:yes_c_shadow,,,LONG,0.39,,,,,20,,,,,,,BTC,1782842122,,,,,,,1,,,1782831399,LONG,0.39,1782842122,,,,,20,,,,btc-updown-5m-1782842100,,,trades.db,yes_c_shadow_trades,,YES_C,BTC,1782842122,,,,,,,1
100.0,BTC,True,Offhours,,,,,,,,,,,,,,,,,,1782588433,1,1634,1,hist:v4_shadow,1.0,,SHORT,0.95,,,,,22,,,,,,,BTC,1782588433,,,,,,,5,1.0,,1782577701,SHORT,0.95,1782588433,,,,,22,,,,btc-updown-5m-1782588300,,,trades.db,v4_shadow_trades,,v4_shadow,BTC,1782588433,,,,,,,5
92.65499999999884,BTC,True,Offhours,,,,,,,,,,,,,,,,,,1782590498,2,1635,2,hist:v4_shadow,0.9265499999999883,,LONG,0.87,,,,,23,,,,,,,BTC,1782590498,,,,,,,5,0.9265499999999883,,1782579734,LONG,0.87,1782590498,,,,,23,,,,btc-updown-5m-1782590400,,,trades.db,v4_shadow_trades,,v4_shadow,BTC,1782590498,,,,,,,5
98.59000000000015,BTC,True,Asia,,,,,,,,,,,,,,,,,,1782594059,3,1636,3,hist:v4_shadow,0.9859000000000014,,LONG,0.62,,,,,0,,,,,,,BTC,1782594059,,,,,,,6,0.9859000000000014,,1782583271,LONG,0.62,1782594059,,,,,0,,,,btc-updown-5m-1782594000,,,trades.db,v4_shadow_trades,,v4_shadow,BTC,1782594059,,,,,,,6
95.97499999999854,BTC,True,Asia,,,,,,,,,,,,,,,,,,1782594386,4,1637,4,hist:v4_shadow,0.9597499999999854,,LONG,0.76,,,,,0,,,,,,,BTC,1782594386,,,,,,,6,0.9597499999999854,,1782583602,LONG,0.76,1782594386,,,,,0,,,,btc-updown-5m-1782594300,,,trades.db,v4_shadow_trades,,v4_shadow,BTC,1782594386,,,,,,,6
93.19499999999972,BTC,True,Asia,,,,,,,,,,,,,,,,,,1782596158,5,1638,5,hist:v4_shadow,0.9319499999999972,,SHORT,0.83,,,,,0,,,,,,,BTC,1782596158,,,,,,,6,0.9319499999999972,,1782585423,SHORT,0.83,1782596158,,,,,0,,,,btc-updown-5m-1782596100,,,trades.db,v4_shadow_trades,,v4_shadow,BTC,1782596158,,,,,,,6
98.08611111110964,BTC,True,Asia,,,,,,,,,,,,,,,,,,1782597069,6,1639,6,hist:v4_shadow,0.9808611111110964,,SHORT,0.89,,,,,0,,,,,,,BTC,1782597069,,,,,,,6,0.9808611111110964,,1782586276,SHORT,0.89,1782597069,,,,,0,,,,btc-updown-5m-1782597000,,,trades.db,v4_shadow_trades,,v4_shadow,BTC,1782597069,,,,,,,6
98.24750000000131,BTC,True,Asia,,,,,,,,,,,,,,,,,,1782597652,7,1640,7,hist:v4_shadow,0.9824750000000131,,SHORT,0.79,,,,,1,,,,,,,BTC,1782597652,,,,,,,6,0.9824750000000131,,1782586888,SHORT,0.79,1782597652,,,,,1,,,,btc-updown-5m-1782597600,,,trades.db,v4_shadow_trades,,v4_shadow,BTC,1782597652,,,,,,,6
93.89500000000042,BTC,True,Asia,,,,,,,,,,,,,,,,,,1782598545,8,1641,8,hist:v4_shadow,0.9389500000000043,,SHORT,0.82,,,,,1,,,,,,,BTC,1782598545,,,,,,,6,0.9389500000000043,,1782587756,SHORT,0.82,1782598545,,,,,1,,,,btc-updown-5m-1782598500,,,trades.db,v4_shadow_trades,,v4_shadow,BTC,1782598545,,,,,,,6
97.24772727272946,BTC,True,Asia,,,,,,,,,,,,,,,,,,1782599498,9,1642,9,hist:v4_shadow,0.9724772727272946,,LONG,0.77,,,,,1,,,,,,,BTC,1782599498,,,,,,,6,0.9724772727272946,,1782588750,LONG,0.77,1782599498,,,,,1,,,,btc-updown-5m-1782599400,,,trades.db,v4_shadow_trades,,v4_shadow,BTC,1782599498,,,,,,,6
100.0,BTC,True,Asia,,,,,,,,,,,,,,,,,,1782602478,10,1643,10,hist:v4_shadow,1.0,,SHORT,0.9,,,,,2,,,,,,,BTC,1782602478,,,,,,,6,1.0,,1782591766,SHORT,0.9,1782602478,,,,,2,,,,btc-updown-5m-1782602400,,,trades.db,v4_shadow_trades,,v4_shadow,BTC,1782602478,,,,,,,6
94.33333333333333,BTC,True,Asia,,,,,,,,,,,,,,,,,,1782604894,11,1644,11,hist:v4_shadow,0.9433333333333332,,LONG,0.85,,,,,3,,,,,,,BTC,1782604894,,,,,,,6,0.9433333333333332,,1782594118,LONG,0.85,1782604894,,,,,3,,,,btc-updown-5m-1782604800,,,trades.db,v4_shadow_trades,,v4_shadow,BTC,1782604894,,,,,,,6
91.90000000000144,BTC,True,Asia,,,,,,,,,,,,,,,,,,1782605177,12,1645,12,hist:v4_shadow,0.9190000000000145,,LONG,0.78,,,,,3,,,,,,,BTC,1782605177,,,,,,,6,0.9190000000000145,,1782594384,LONG,0.78,1782605177,,,,,3,,,,btc-updown-5m-1782605100,,,trades.db,v4_shadow_trades,,v4_shadow,BTC,1782605177,,,,,,,6
97.00499999999738,BTC,True,Asia,,,,,,,,,,,,,,,,,,1782606983,13,1646,13,hist:v4_shadow,0.9700499999999739,,SHORT,0.75,,,,,3,,,,,,,BTC,1782606983,,,,,,,6,0.9700499999999739,,1782596187,SHORT,0.75,1782606983,,,,,3,,,,btc-updown-5m-1782606900,,,trades.db,v4_shadow_trades,,v4_shadow,BTC,1782606983,,,,,,,6
93.72000000000116,BTC,True,Asia,,,,,,,,,,,,,,,,,,1782608760,14,1647,14,hist:v4_shadow,0.9372000000000117,,SHORT,0.65,,,,,4,,,,,,,BTC,1782608760,,,,,,,6,0.9372000000000117,,1782597967,SHORT,0.65,1782608760,,,,,4,,,,btc-updown-5m-1782608700,,,trades.db,v4_shadow_trades,,v4_shadow,BTC,1782608760,,,,,,,6
100.0,BTC,True,Asia,,,,,,,,,,,,,,,,,,1782609957,15,1648,15,hist:v4_shadow,1.0,,LONG,0.74,,,,,4,,,,,,,BTC,1782609957,,,,,,,6,1.0,,1782599161,LONG,0.74,1782609957,,,,,4,,,,btc-updown-5m-1782609900,,,trades.db,v4_shadow_trades,,v4_shadow,BTC,1782609957,,,,,,,6
97.22500000000218,BTC,True,Asia,,,,,,,,,,,,,,,,,,1782613261,16,1649,16,hist:v4_shadow,0.9722500000000218,,SHORT,0.79,,,,,5,,,,,,,BTC,1782613261,,,,,,,6,0.9722500000000218,,1782602476,SHORT,0.79,1782613261,,,,,5,,,,btc-updown-5m-1782613200,,,trades.db,v4_shadow_trades,,v4_shadow,BTC,1782613261,,,,,,,6
100.0,BTC,True,Asia,,,,,,,,,,,,,,,,,,1782616542,17,1650,17,hist:v4_shadow,1.0,,SHORT,0.74,,,,,6,,,,,,,BTC,1782616542,,,,,,,6,1.0,,1782605795,SHORT,0.74,1782616542,,,,,6,,,,btc-updown-5m-1782616500,,,trades.db,v4_shadow_trades,,v4_shadow,BTC,1782616542,,,,,,,6
93.39249999999811,BTC,True,London,,,,,,,,,,,,,,,,,,1782624659,18,1651,18,hist:v4_shadow,0.9339249999999811,,SHORT,0.48,,,,,8,,,,,,,BTC,1782624659,,,,,,,6,0.9339249999999811,,1782613867,SHORT,0.48,1782624659,,,,,8,,,,btc-updown-5m-1782624600,,,trades.db,v4_shadow_trades,,v4_shadow,BTC,1782624659,,,,,,,6
94.21166666666491,BTC,True,London,,,,,,,,,,,,,,,,,,1782626170,19,1652,19,hist:v4_shadow,0.9421166666666492,,LONG,0.78,,,,,8,,,,,,,BTC,1782626170,,,,,,,6,0.9421166666666492,,1782615411,LONG,0.78,1782626170,,,,,8,,,,btc-updown-5m-1782626100,,,trades.db,v4_shadow_trades,,v4_shadow,BTC,1782626170,,,,,,,6
91.71472222222252,BTC,True,London,,,,,,,,,,,,,,,,,,1782627080,20,1653,20,hist:v4_shadow,0.9171472222222252,,SHORT,0.81,,,,,9,,,,,,,BTC,1782627080,,,,,,,6,0.9171472222222252,,1782616298,SHORT,0.81,1782627080,,,,,9,,,,btc-updown-5m-1782627000,,,trades.db,v4_shadow_trades,,v4_shadow,BTC,1782627080,,,,,,,6
100.0,BTC,True,London,,,,,,,,,,,,,,,,,,1782630659,21,1654,21,hist:v4_shadow,1.0,,LONG,0.86,,,,,10,,,,,,,BTC,1782630659,,,,,,,6,1.0,,1782619895,LONG,0.86,1782630659,,,,,10,,,,btc-updown-5m-1782630600,,,trades.db,v4_shadow_trades,,v4_shadow,BTC,1782630659,,,,,,,6
95.3125,BTC,True,London,,,,,,,,,,,,,,,,,,1782633997,22,1655,22,hist:v4_shadow,0.953125,,SHORT,0.91,,,,,11,,,,,,,BTC,1782633997,,,,,,,6,0.953125,,1782623228,SHORT,0.91,1782633997,,,,,11,,,,btc-updown-5m-1782633900,,,trades.db,v4_shadow_trades,,v4_shadow,BTC,1782633997,,,,,,,6
96.17136363636348,BTC,True,NewYork,,,,,,,,,,,,,,,,,,1782653503,23,1656,23,hist:v4_shadow,0.9617136363636348,,LONG,0.88,,,,,16,,,,,,,BTC,1782653503,,,,,,,6,0.9617136363636348,,1782642719,LONG,0.88,1782653503,,,,,16,,,,btc-updown-5m-1782653400,,,trades.db,v4_shadow_trades,,v4_shadow,BTC,1782653503,,,,,,,6
100.0,BTC,True,NewYork,,,,,,,,,,,,,,,,,,1782654063,24,1657,24,hist:v4_shadow,1.0,,SHORT,0.8,,,,,16,,,,,,,BTC,1782654063,,,,,,,6,1.0,,1782643305,SHORT,0.8,1782654063,,,,,16,,,,btc-updown-5m-1782654000,,,trades.db,v4_shadow_trades,,v4_shadow,BTC,1782654063,,,,,,,6
93.23166666666536,BTC,True,NewYork,,,,,,,,,,,,,,,,,,1782655549,25,1658,25,hist:v4_shadow,0.9323166666666536,,SHORT,0.77,,,,,17,,,,,,,BTC,1782655549,,,,,,,6,0.9323166666666536,,1782644773,SHORT,0.77,1782655549,,,,,17,,,,btc-updown-5m-1782655500,,,trades.db,v4_shadow_trades,,v4_shadow,BTC,1782655549,,,,,,,6
91.37333333333419,BTC,True,NewYork,,,,,,,,,,,,,,,,,,1782659762,26,1659,26,hist:v4_shadow,0.913733333333342,,SHORT,0.69,,,,,18,,,,,,,BTC,1782659762,,,,,,,6,0.913733333333342,,1782648982,SHORT,0.69,1782659762,,,,,18,,,,btc-updown-5m-1782659700,,,trades.db,v4_shadow_trades,,v4_shadow,BTC,1782659762,,,,,,,6
96.39111111110992,BTC,True,NewYork,,,,,,,,,,,,,,,,,,1782661629,27,1660,27,hist:v4_shadow,0.9639111111110993,,SHORT,0.79,,,,,18,,,,,,,BTC,1782661629,,,,,,,6,0.9639111111110993,,1782650838,SHORT,0.79,1782661629,,,,,18,,,,btc-updown-5m-1782661500,,,trades.db,v4_shadow_trades,,v4_shadow,BTC,1782661629,,,,,,,6
99.75499999999738,BTC,True,NewYork,,,,,,,,,,,,,,,,,,1782661894,28,1661,28,hist:v4_shadow,0.9975499999999737,,LONG,0.87,,,,,18,,,,,,,BTC,1782661894,,,,,,,6,0.9975499999999737,,1782651127,LONG,0.87,1782661894,,,,,18,,,,btc-updown-5m-1782661800,,,trades.db,v4_shadow_trades,,v4_shadow,BTC,1782661894,,,,,,,6
100.0,BTC,True,NewYork,,,,,,,,,,,,,,,,,,1782663979,29,1662,29,hist:v4_shadow,1.0,,SHORT,0.77,,,,,19,,,,,,,BTC,1782663979,,,,,,,6,1.0,,1782653191,SHORT,0.77,1782663979,,,,,19,,,,btc-updown-5m-1782663900,,,trades.db,v4_shadow_trades,,v4_shadow,BTC,1782663979,,,,,,,6
97.72999999999958,BTC,True,NewYork,,,,,,,,,,,,,,,,,,1782666457,30,1663,30,hist:v4_shadow,0.9772999999999957,,LONG,0.96,,,,,20,,,,,,,BTC,1782666457,,,,,,,6,0.9772999999999957,,1782655746,LONG,0.96,1782666457,,,,,20,,,,btc-updown-5m-1782666300,,,trades.db,v4_shadow_trades,,v4_shadow,BTC,1782666457,,,,,,,6
90.80333333333449,BTC,True,NewYork,,,,,,,,,,,,,,,,,,1782666716,31,1664,31,hist:v4_shadow,0.9080333333333449,,SHORT,0.94,,,,,20,,,,,,,BTC,1782666716,,,,,,,6,0.9080333333333449,,1782656100,SHORT,0.94,1782666716,,,,,20,,,,btc-updown-5m-1782666600,,,trades.db,v4_shadow_trades,,v4_shadow,BTC,1782666716,,,,,,,6
91.34272727272698,BTC,True,NewYork,,,,,,,,,,,,,,,,,,1782667597,32,1665,32,hist:v4_shadow,0.9134272727272698,,SHORT,0.72,,,,,20,,,,,,,BTC,1782667597,,,,,,,6,0.9134272727272698,,1782656817,SHORT,0.72,1782667597,,,,,20,,,,btc-updown-5m-1782667500,,,trades.db,v4_shadow_trades,,v4_shadow,BTC,1782667597,,,,,,,6
100.0,BTC,True,NewYork,,,,,,,,,,,,,,,,,,1782668153,33,1666,33,hist:v4_shadow,1.0,,SHORT,0.73,,,,,20,,,,,,,BTC,1782668153,,,,,,,6,1.0,,1782657374,SHORT,0.73,1782668153,,,,,20,,,,btc-updown-5m-1782668100,,,trades.db,v4_shadow_trades,,v4_shadow,BTC,1782668153,,,,,,,6
100.0,BTC,True,NewYork,,,,,,,,,,,,,,,,,,1782668455,34,1667,34,hist:v4_shadow,1.0,,LONG,0.78,,,,,20,,,,,,,BTC,1782668455,,,,,,,6,1.0,,1782657668,LONG,0.78,1782668455,,,,,20,,,,btc-updown-5m-1782668400,,,trades.db,v4_shadow_trades,,v4_shadow,BTC,1782668455,,,,,,,6
95.7400000000016,BTC,True,NewYork,,,,,,,,,,,,,,,,,,1782669365,35,1668,35,hist:v4_shadow,0.957400000000016,,LONG,0.68,,,,,20,,,,,,,BTC,1782669365,,,,,,,6,0.957400000000016,,1782658592,LONG,0.68,1782669365,,,,,20,,,,btc-updown-5m-1782669300,,,trades.db,v4_shadow_trades,,v4_shadow,BTC,1782669365,,,,,,,6
92.84076923076981,BTC,True,Offhours,,,,,,,,,,,,,,,,,,1782669724,36,1669,36,hist:v4_shadow,0.928407692307698,,LONG,0.85,,,,,21,,,,,,,BTC,1782669724,,,,,,,6,0.928407692307698,,1782658953,LONG,0.85,1782669724,,,,,21,,,,btc-updown-5m-1782669600,,,trades.db,v4_shadow_trades,,v4_shadow,BTC,1782669724,,,,,,,6
93.72999999999956,BTC,True,Offhours,,,,,,,,,,,,,,,,,,1782671161,37,1670,37,hist:v4_shadow,0.9372999999999957,,LONG,0.71,,,,,21,,,,,,,BTC,1782671161,,,,,,,6,0.9372999999999957,,1782660605,LONG,0.71,1782671161,,,,,21,,,,btc-updown-5m-1782671100,,,trades.db,v4_shadow_trades,,v4_shadow,BTC,1782671161,,,,,,,6
95.39083333333231,BTC,True,Asia,,,,,,,,,,,,,,,,,,1782683228,38,1671,38,hist:v4_shadow,0.953908333333323,,SHORT,0.82,,,,,0,,,,,,,BTC,1782683228,,,,,,,0,0.953908333333323,,1782672610,SHORT,0.82,1782683228,,,,,0,,,,btc-updown-5m-1782683100,,,trades.db,v4_shadow_trades,,v4_shadow,BTC,1782683228,,,,,,,0
100.0,BTC,True,Asia,,,,,,,,,,,,,,,,,,1782684735,39,1672,39,hist:v4_shadow,1.0,,SHORT,0.69,,,,,1,,,,,,,BTC,1782684735,,,,,,,0,1.0,,1782673996,SHORT,0.69,1782684735,,,,,1,,,,btc-updown-5m-1782684600,,,trades.db,v4_shadow_trades,,v4_shadow,BTC,1782684735,,,,,,,0
100.0,BTC,True,Asia,,,,,,,,,,,,,,,,,,1782685649,40,1673,40,hist:v4_shadow,1.0,,SHORT,0.94,,,,,1,,,,,,,BTC,1782685649,,,,,,,0,1.0,,1782674895,SHORT,0.94,1782685649,,,,,1,,,,btc-updown-5m-1782685500,,,trades.db,v4_shadow_trades,,v4_shadow,BTC,1782685649,,,,,,,0
100.0,BTC,True,Asia,,,,,,,,,,,,,,,,,,1782686570,41,1674,41,hist:v4_shadow,1.0,,SHORT,0.95,,,,,1,,,,,,,BTC,1782686570,,,,,,,0,1.0,,1782675906,SHORT,0.95,1782686570,,,,,1,,,,btc-updown-5m-1782686400,,,trades.db,v4_shadow_trades,,v4_shadow,BTC,1782686570,,,,,,,0
99.44444444444444,BTC,True,Asia,,,,,,,,,,,,,,,,,,1782687792,42,1675,42,hist:v4_shadow,0.9944444444444445,,LONG,0.97,,,,,2,,,,,,,BTC,1782687792,,,,,,,0,0.9944444444444445,,1782677105,LONG,0.97,1782687792,,,,,2,,,,btc-updown-5m-1782687600,,,trades.db,v4_shadow_trades,,v4_shadow,BTC,1782687792,,,,,,,0
100.0,BTC,True,Asia,,,,,,,,,,,,,,,,,,1782689516,43,1676,43,hist:v4_shadow,1.0,,LONG,0.83,,,,,2,,,,,,,BTC,1782689516,,,,,,,0,1.0,,1782678754,LONG,0.83,1782689516,,,,,2,,,,btc-updown-5m-1782689400,,,trades.db,v4_shadow_trades,,v4_shadow,BTC,1782689516,,,,,,,0
100.0,BTC,True,Asia,,,,,,,,,,,,,,,,,,1782689868,44,1677,44,hist:v4_shadow,1.0,,LONG,0.94,,,,,2,,,,,,,BTC,1782689868,,,,,,,0,1.0,,1782679200,LONG,0.94,1782689868,,,,,2,,,,btc-updown-5m-1782689700,,,trades.db,v4_shadow_trades,,v4_shadow,BTC,1782689868,,,,,,,0
95.43000000000028,BTC,True,Asia,,,,,,,,,,,,,,,,,,1782690426,45,1678,45,hist:v4_shadow,0.9543000000000028,,LONG,0.65,,,,,2,,,,,,,BTC,1782690426,,,,,,,0,0.9543000000000028,,1782679662,LONG,0.65,1782690426,,,,,2,,,,btc-updown-5m-1782690300,,,trades.db,v4_shadow_trades,,v4_shadow,BTC,1782690426,,,,,,,0
100.0,BTC,True,Asia,,,,,,,,,,,,,,,,,,1782691610,46,1679,46,hist:v4_shadow,1.0,,SHORT,0.87,,,,,3,,,,,,,BTC,1782691610,,,,,,,0,1.0,,1782680860,SHORT,0.87,1782691610,,,,,3,,,,btc-updown-5m-1782691500,,,trades.db,v4_shadow_trades,,v4_shadow,BTC,1782691610,,,,,,,0
100.0,BTC,True,Asia,,,,,,,,,,,,,,,,,,1782691927,47,1680,47,hist:v4_shadow,1.0,,LONG,0.76,,,,,3,,,,,,,BTC,1782691927,,,,,,,0,1.0,,1782681300,LONG,0.76,1782691927,,,,,3,,,,btc-updown-5m-1782691800,,,trades.db,v4_shadow_trades,,v4_shadow,BTC,1782691927,,,,,,,0
99.44444444444444,BTC,True,Asia,,,,,,,,,,,,,,,,,,1782692243,48,1681,48,hist:v4_shadow,0.9944444444444445,,SHORT,0.92,,,,,3,,,,,,,BTC,1782692243,,,,,,,0,0.9944444444444445,,1782681492,SHORT,0.92,1782692243,,,,,3,,,,btc-updown-5m-1782692100,,,trades.db,v4_shadow_trades,,v4_shadow,BTC,1782692243,,,,,,,0
100.0,BTC,True,Asia,,,,,,,,,,,,,,,,,,1782692526,49,1682,49,hist:v4_shadow,1.0,,SHORT,0.93,,,,,3,,,,,,,BTC,1782692526,,,,,,,0,1.0,,1782681783,SHORT,0.93,1782692526,,,,,3,,,,btc-updown-5m-1782692400,,,trades.db,v4_shadow_trades,,v4_shadow,BTC,1782692526,,,,,,,0
100.0,BTC,True,Asia,,,,,,,,,,,,,,,,,,1782693128,50,1683,50,hist:v4_shadow,1.0,,SHORT,0.94,,,,,3,,,,,,,BTC,1782693128,,,,,,,0,1.0,,1782682373,SHORT,0.94,1782693128,,,,,3,,,,btc-updown-5m-1782693000,,,trades.db,v4_shadow_trades,,v4_shadow,BTC,1782693128,,,,,,,0
95.31472222222106,BTC,True,Asia,,,,,,,,,,,,,,,,,,1782694039,51,1684,51,hist:v4_shadow,0.9531472222222106,,SHORT,0.86,,,,,3,,,,,,,BTC,1782694039,,,,,,,0,0.9531472222222106,,1782683316,SHORT,0.86,1782694039,,,,,3,,,,btc-updown-5m-1782693900,,,trades.db,v4_shadow_trades,,v4_shadow,BTC,1782694039,,,,,,,0
100.0,BTC,True,Asia,,,,,,,,,,,,,,,,,,1782694320,52,1685,52,hist:v4_shadow,1.0,,LONG,0.91,,,,,3,,,,,,,BTC,1782694320,,,,,,,0,1.0,,1782683708,LONG,0.91,1782694320,,,,,3,,,,btc-updown-5m-1782694200,,,trades.db,v4_shadow_trades,,v4_shadow,BTC,1782694320,,,,,,,0
100.0,BTC,True,Asia,,,,,,,,,,,,,,,,,,1782694620,53,1686,53,hist:v4_shadow,1.0,,LONG,0.83,,,,,3,,,,,,,BTC,1782694620,,,,,,,0,1.0,,1782683837,LONG,0.83,1782694620,,,,,3,,,,btc-updown-5m-1782694500,,,trades.db,v4_shadow_trades,,v4_shadow,BTC,1782694620,,,,,,,0
91.60833333333478,BTC,True,Asia,,,,,,,,,,,,,,,,,,1782694900,54,1687,54,hist:v4_shadow,0.9160833333333478,,SHORT,0.73,,,,,4,,,,,,,BTC,1782694900,,,,,,,0,0.9160833333333478,,1782684224,SHORT,0.73,1782694900,,,,,4,,,,btc-updown-5m-1782694800,,,trades.db,v4_shadow_trades,,v4_shadow,BTC,1782694900,,,,,,,0
100.0,BTC,True,Asia,,,,,,,,,,,,,,,,,,1782695221,55,1688,55,hist:v4_shadow,1.0,,LONG,0.88,,,,,4,,,,,,,BTC,1782695221,,,,,,,0,1.0,,1782684471,LONG,0.88,1782695221,,,,,4,,,,btc-updown-5m-1782695100,,,trades.db,v4_shadow_trades,,v4_shadow,BTC,1782695221,,,,,,,0
100.0,BTC,True,Asia,,,,,,,,,,,,,,,,,,1782696412,56,1689,56,hist:v4_shadow,1.0,,LONG,0.81,,,,,4,,,,,,,BTC,1782696412,,,,,,,0,1.0,,1782685640,LONG,0.81,1782696412,,,,,4,,,,btc-updown-5m-1782696300,,,trades.db,v4_shadow_trades,,v4_shadow,BTC,1782696412,,,,,,,0
96.99333333333317,BTC,True,Asia,,,,,,,,,,,,,,,,,,1782697349,57,1690,57,hist:v4_shadow,0.9699333333333318,,LONG,0.81,,,,,4,,,,,,,BTC,1782697349,,,,,,,0,0.9699333333333318,,1782686567,LONG,0.81,1782697349,,,,,4,,,,btc-updown-5m-1782697200,,,trades.db,v4_shadow_trades,,v4_shadow,BTC,1782697349,,,,,,,0
100.0,BTC,True,Asia,,,,,,,,,,,,,,,,,,1782697934,58,1691,58,hist:v4_shadow,1.0,,SHORT,0.9,,,,,4,,,,,,,BTC,1782697934,,,,,,,0,1.0,,1782687256,SHORT,0.9,1782697934,,,,,4,,,,btc-updown-5m-1782697800,,,trades.db,v4_shadow_trades,,v4_shadow,BTC,1782697934,,,,,,,0
99.44444444444444,BTC,True,Asia,,,,,,,,,,,,,,,,,,1782699418,59,1692,59,hist:v4_shadow,0.9944444444444445,,LONG,0.92,,,,,5,,,,,,,BTC,1782699418,,,,,,,0,0.9944444444444445,,1782688648,LONG,0.92,1782699418,,,,,5,,,,btc-updown-5m-1782699300,,,trades.db,v4_shadow_trades,,v4_shadow,BTC,1782699418,,,,,,,0
100.0,BTC,True,Asia,,,,,,,,,,,,,,,,,,1782699737,60,1693,60,hist:v4_shadow,1.0,,LONG,0.83,,,,,5,,,,,,,BTC,1782699737,,,,,,,0,1.0,,1782689109,LONG,0.83,1782699737,,,,,5,,,,btc-updown-5m-1782699600,,,trades.db,v4_shadow_trades,,v4_shadow,BTC,1782699737,,,,,,,0
100.0,BTC,True,Asia,,,,,,,,,,,,,,,,,,1782701536,61,1694,61,hist:v4_shadow,1.0,,SHORT,0.79,,,,,5,,,,,,,BTC,1782701536,,,,,,,0,1.0,,1782690756,SHORT,0.79,1782701536,,,,,5,,,,btc-updown-5m-1782701400,,,trades.db,v4_shadow_trades,,v4_shadow,BTC,1782701536,,,,,,,0
97.64972222222383,BTC,True,Asia,,,,,,,,,,,,,,,,,,1782701831,62,1695,62,hist:v4_shadow,0.9764972222222382,,LONG,0.9,,,,,5,,,,,,,BTC,1782701831,,,,,,,0,0.9764972222222382,,1782691206,LONG,0.9,1782701831,,,,,5,,,,btc-updown-5m-1782701700,,,trades.db,v4_shadow_trades,,v4_shadow,BTC,1782701831,,,,,,,0
99.44444444444444,BTC,True,Asia,,,,,,,,,,,,,,,,,,1782702412,63,1696,63,hist:v4_shadow,0.9944444444444445,,LONG,0.72,,,,,6,,,,,,,BTC,1782702412,,,,,,,0,0.9944444444444445,,1782691649,LONG,0.72,1782702412,,,,,6,,,,btc-updown-5m-1782702300,,,trades.db,v4_shadow_trades,,v4_shadow,BTC,1782702412,,,,,,,0
100.0,BTC,True,Asia,,,,,,,,,,,,,,,,,,1782703905,64,1697,64,hist:v4_shadow,1.0,,SHORT,0.81,,,,,6,,,,,,,BTC,1782703905,,,,,,,0,1.0,,1782693121,SHORT,0.81,1782703905,,,,,6,,,,btc-updown-5m-1782703800,,,trades.db,v4_shadow_trades,,v4_shadow,BTC,1782703905,,,,,,,0
92.69999999999708,BTC,True,Asia,,,,,,,,,,,,,,,,,,1782704214,65,1698,65,hist:v4_shadow,0.9269999999999707,,SHORT,0.88,,,,,6,,,,,,,BTC,1782704214,,,,,,,0,0.9269999999999707,,1782693455,SHORT,0.88,1782704214,,,,,6,,,,btc-updown-5m-1782704100,,,trades.db,v4_shadow_trades,,v4_shadow,BTC,1782704214,,,,,,,0
89.54999999999927,BTC,True,Asia,,,,,,,,,,,,,,,,,,1782706030,66,1699,66,hist:v4_shadow,0.8954999999999927,,SHORT,0.81,,,,,7,,,,,,,BTC,1782706030,,,,,,,0,0.8954999999999927,,1782695247,SHORT,0.81,1782706030,,,,,7,,,,btc-updown-5m-1782705900,,,trades.db,v4_shadow_trades,,v4_shadow,BTC,1782706030,,,,,,,0
98.50500000000102,BTC,True,Asia,,,,,,,,,,,,,,,,,,1782707226,67,1700,67,hist:v4_shadow,0.9850500000000102,,LONG,0.5,,,,,7,,,,,,,BTC,1782707226,,,,,,,0,0.9850500000000102,,1782696483,LONG,0.5,1782707226,,,,,7,,,,btc-updown-5m-1782707100,,,trades.db,v4_shadow_trades,,v4_shadow,BTC,1782707226,,,,,,,0
91.38500000000202,BTC,True,Asia,,,,,,,,,,,,,,,,,,1782707832,68,1701,68,hist:v4_shadow,0.9138500000000203,,SHORT,0.8,,,,,7,,,,,,,BTC,1782707832,,,,,,,0,0.9138500000000203,,1782697050,SHORT,0.8,1782707832,,,,,7,,,,btc-updown-5m-1782707700,,,trades.db,v4_shadow_trades,,v4_shadow,BTC,1782707832,,,,,,,0
99.74499999999897,BTC,True,Asia,,,,,,,,,,,,,,,,,,1782708107,69,1702,69,hist:v4_shadow,0.9974499999999897,,SHORT,0.72,,,,,7,,,,,,,BTC,1782708107,,,,,,,0,0.9974499999999897,,1782697389,SHORT,0.72,1782708107,,,,,7,,,,btc-updown-5m-1782708000,,,trades.db,v4_shadow_trades,,v4_shadow,BTC,1782708107,,,,,,,0
100.0,BTC,True,Asia,,,,,,,,,,,,,,,,,,1782709012,70,1703,70,hist:v4_shadow,1.0,,SHORT,0.77,,,,,7,,,,,,,BTC,1782709012,,,,,,,0,1.0,,1782698306,SHORT,0.77,1782709012,,,,,7,,,,btc-updown-5m-1782708900,,,trades.db,v4_shadow_trades,,v4_shadow,BTC,1782709012,,,,,,,0
100.0,BTC,True,London,,,,,,,,,,,,,,,,,,1782709328,71,1704,71,hist:v4_shadow,1.0,,SHORT,0.68,,,,,8,,,,,,,BTC,1782709328,,,,,,,0,1.0,,1782698556,SHORT,0.68,1782709328,,,,,8,,,,btc-updown-5m-1782709200,,,trades.db,v4_shadow_trades,,v4_shadow,BTC,1782709328,,,,,,,0
96.29999999999927,BTC,True,London,,,,,,,,,,,,,,,,,,1782709987,72,1705,72,hist:v4_shadow,0.9629999999999928,,SHORT,0.95,,,,,8,,,,,,,BTC,1782709987,,,,,,,0,0.9629999999999928,,1782699308,SHORT,0.95,1782709987,,,,,8,,,,btc-updown-5m-1782709800,,,trades.db,v4_shadow_trades,,v4_shadow,BTC,1782709987,,,,,,,0
100.0,BTC,True,London,,,,,,,,,,,,,,,,,,1782710262,73,1706,73,hist:v4_shadow,1.0,,LONG,0.94,,,,,8,,,,,,,BTC,1782710262,,,,,,,0,1.0,,1782699544,LONG,0.94,1782710262,,,,,8,,,,btc-updown-5m-1782710100,,,trades.db,v4_shadow_trades,,v4_shadow,BTC,1782710262,,,,,,,0
94.89999999999782,BTC,True,London,,,,,,,,,,,,,,,,,,1782711455,74,1707,74,hist:v4_shadow,0.9489999999999782,,SHORT,0.74,,,,,8,,,,,,,BTC,1782711455,,,,,,,0,0.9489999999999782,,1782700674,SHORT,0.74,1782711455,,,,,8,,,,btc-updown-5m-1782711300,,,trades.db,v4_shadow_trades,,v4_shadow,BTC,1782711455,,,,,,,0
96.54222222222194,BTC,True,London,,,,,,,,,,,,,,,,,,1782714130,75,1708,75,hist:v4_shadow,0.9654222222222194,,SHORT,0.74,,,,,9,,,,,,,BTC,1782714130,,,,,,,0,0.9654222222222194,,1782703349,SHORT,0.74,1782714130,,,,,9,,,,btc-updown-5m-1782714000,,,trades.db,v4_shadow_trades,,v4_shadow,BTC,1782714130,,,,,,,0
98.95833333333331,BTC,True,London,,,,,,,,,,,,,,,,,,1782721648,76,1709,76,hist:v4_shadow,0.9895833333333331,,SHORT,0.89,,,,,11,,,,,,,BTC,1782721648,,,,,,,0,0.9895833333333331,,1782710936,SHORT,0.89,1782721648,,,,,11,,,,btc-updown-5m-1782721500,,,trades.db,v4_shadow_trades,,v4_shadow,BTC,1782721648,,,,,,,0
100.0,BTC,True,London,,,,,,,,,,,,,,,,,,1782725225,77,1710,77,hist:v4_shadow,1.0,,SHORT,0.78,,,,,12,,,,,,,BTC,1782725225,,,,,,,0,1.0,,1782714454,SHORT,0.78,1782725225,,,,,12,,,,btc-updown-5m-1782725100,,,trades.db,v4_shadow_trades,,v4_shadow,BTC,1782725225,,,,,,,0
96.54000000000089,BTC,True,London,,,,,,,,,,,,,,,,,,1782725532,78,1711,78,hist:v4_shadow,0.9654000000000088,,LONG,0.76,,,,,12,,,,,,,BTC,1782725532,,,,,,,0,0.9654000000000088,,1782714803,LONG,0.76,1782725532,,,,,12,,,,btc-updown-5m-1782725400,,,trades.db,v4_shadow_trades,,v4_shadow,BTC,1782725532,,,,,,,0
89.75500000000102,BTC,True,London,,,,,,,,,,,,,,,,,,1782726542,79,1712,79,hist:v4_shadow,0.8975500000000102,,LONG,0.92,,,,,12,,,,,,,BTC,1782726542,,,,,,,0,0.8975500000000102,,1782715809,LONG,0.92,1782726542,,,,,12,,,,btc-updown-5m-1782726300,,,trades.db,v4_shadow_trades,,v4_shadow,BTC,1782726542,,,,,,,0
92.93333333333187,BTC,True,London,,,,,,,,,,,,,,,,,,1782727016,80,1713,80,hist:v4_shadow,0.9293333333333187,,LONG,0.71,,,,,12,,,,,,,BTC,1782727016,,,,,,,0,0.9293333333333187,,1782716234,LONG,0.71,1782727016,,,,,12,,,,btc-updown-5m-1782726900,,,trades.db,v4_shadow_trades,,v4_shadow,BTC,1782727016,,,,,,,0
92.68333333333189,BTC,True,NewYork,,,,,,,,,,,,,,,,,,1782727370,81,1714,81,hist:v4_shadow,0.9268333333333189,,LONG,0.95,,,,,13,,,,,,,BTC,1782727370,,,,,,,0,0.9268333333333189,,1782716711,LONG,0.95,1782727370,,,,,13,,,,btc-updown-5m-1782727200,,,trades.db,v4_shadow_trades,,v4_shadow,BTC,1782727370,,,,,,,0
100.0,BTC,True,NewYork,,,,,,,,,,,,,,,,,,1782729128,82,1715,82,hist:v4_shadow,1.0,,SHORT,0.88,,,,,13,,,,,,,BTC,1782729128,,,,,,,0,1.0,,1782718358,SHORT,0.88,1782729128,,,,,13,,,,btc-updown-5m-1782729000,,,trades.db,v4_shadow_trades,,v4_shadow,BTC,1782729128,,,,,,,0
91.01444444444417,BTC,True,NewYork,,,,,,,,,,,,,,,,,,1782729444,83,1716,83,hist:v4_shadow,0.9101444444444416,,SHORT,0.87,,,,,13,,,,,,,BTC,1782729444,,,,,,,0,0.9101444444444416,,1782718739,SHORT,0.87,1782729444,,,,,13,,,,btc-updown-5m-1782729300,,,trades.db,v4_shadow_trades,,v4_shadow,BTC,1782729444,,,,,,,0
99.44444444444444,BTC,True,NewYork,,,,,,,,,,,,,,,,,,1782734538,84,1717,84,hist:v4_shadow,0.9944444444444445,,SHORT,0.732,,,,,15,,,,,,,BTC,1782734538,,,,,,,0,0.9944444444444445,,1782723759,SHORT,0.732,1782734538,,,,,15,,,,btc-updown-5m-1782734400,,,trades.db,v4_shadow_trades,,v4_shadow,BTC,1782734538,,,,,,,0
99.44444444444444,BTC,True,NewYork,,,,,,,,,,,,,,,,,,1782737284,85,1718,85,hist:v4_shadow,0.9944444444444445,,LONG,0.86,,,,,15,,,,,,,BTC,1782737284,,,,,,,0,0.9944444444444445,,1782726506,LONG,0.86,1782737284,,,,,15,,,,btc-updown-5m-1782737100,,,trades.db,v4_shadow_trades,,v4_shadow,BTC,1782737284,,,,,,,0
91.19944444444546,BTC,True,NewYork,,,,,,,,,,,,,,,,,,1782738120,86,1719,86,hist:v4_shadow,0.9119944444444547,,LONG,0.81,,,,,16,,,,,,,BTC,1782738120,,,,,,,0,0.9119944444444547,,1782727375,LONG,0.81,1782738120,,,,,16,,,,btc-updown-5m-1782738000,,,trades.db,v4_shadow_trades,,v4_shadow,BTC,1782738120,,,,,,,0
100.0,BTC,True,NewYork,,,,,,,,,,,,,,,,,,1782739947,87,1720,87,hist:v4_shadow,1.0,,LONG,0.9,,,,,16,,,,,,,BTC,1782739947,,,,,,,0,1.0,,1782729182,LONG,0.9,1782739947,,,,,16,,,,btc-updown-5m-1782739800,,,trades.db,v4_shadow_trades,,v4_shadow,BTC,1782739947,,,,,,,0
100.0,BTC,True,NewYork,,,,,,,,,,,,,,,,,,1782740832,88,1721,88,hist:v4_shadow,1.0,,SHORT,0.46,,,,,16,,,,,,,BTC,1782740832,,,,,,,0,1.0,,1782730127,SHORT,0.46,1782740832,,,,,16,,,,btc-updown-5m-1782740700,,,trades.db,v4_shadow_trades,,v4_shadow,BTC,1782740832,,,,,,,0
100.0,BTC,True,NewYork,,,,,,,,,,,,,,,,,,1782742034,89,1722,89,hist:v4_shadow,1.0,,SHORT,0.86,,,,,17,,,,,,,BTC,1782742034,,,,,,,0,1.0,,1782731256,SHORT,0.86,1782742034,,,,,17,,,,btc-updown-5m-1782741900,,,trades.db,v4_shadow_trades,,v4_shadow,BTC,1782742034,,,,,,,0
100.0,BTC,True,NewYork,,,,,,,,,,,,,,,,,,1782742326,90,1723,90,hist:v4_shadow,1.0,,SHORT,0.75,,,,,17,,,,,,,BTC,1782742326,,,,,,,0,1.0,,1782731547,SHORT,0.75,1782742326,,,,,17,,,,btc-updown-5m-1782742200,,,trades.db,v4_shadow_trades,,v4_shadow,BTC,1782742326,,,,,,,0
100.0,BTC,True,NewYork,,,,,,,,,,,,,,,,,,1782753749,91,1724,91,hist:v4_shadow,1.0,,SHORT,0.93,,,,,20,,,,,,,BTC,1782753749,,,,,,,0,1.0,,1782743107,SHORT,0.93,1782753749,,,,,20,,,,btc-updown-5m-1782753600,,,trades.db,v4_shadow_trades,,v4_shadow,BTC,1782753749,,,,,,,0
92.71000000000275,BTC,True,NewYork,,,,,,,,,,,,,,,,,,1782754330,92,1725,92,hist:v4_shadow,0.9271000000000276,,LONG,0.62,,,,,20,,,,,,,BTC,1782754330,,,,,,,0,0.9271000000000276,,1782743711,LONG,0.62,1782754330,,,,,20,,,,btc-updown-5m-1782754200,,,trades.db,v4_shadow_trades,,v4_shadow,BTC,1782754330,,,,,,,0
99.44444444444444,BTC,True,NewYork,,,,,,,,,,,,,,,,,,1782755526,93,1726,93,hist:v4_shadow,0.9944444444444445,,SHORT,0.86,,,,,20,,,,,,,BTC,1782755526,,,,,,,0,0.9944444444444445,,1782744811,SHORT,0.86,1782755526,,,,,20,,,,btc-updown-5m-1782755400,,,trades.db,v4_shadow_trades,,v4_shadow,BTC,1782755526,,,,,,,0
100.0,BTC,True,Offhours,,,,,,,,,,,,,,,,,,1782760338,94,1727,94,hist:v4_shadow,1.0,,LONG,0.66,,,,,22,,,,,,,BTC,1782760338,,,,,,,0,1.0,,1782749709,LONG,0.66,1782760338,,,,,22,,,,btc-updown-5m-1782760200,,,trades.db,v4_shadow_trades,,v4_shadow,BTC,1782760338,,,,,,,0
93.30749999999898,BTC,True,Offhours,,,,,,,,,,,,,,,,,,1782763424,95,1728,95,hist:v4_shadow,0.9330749999999899,,LONG,0.97,,,,,23,,,,,,,BTC,1782763424,,,,,,,0,0.9330749999999899,,1782752701,LONG,0.97,1782763424,,,,,23,,,,btc-updown-5m-1782763200,,,trades.db,v4_shadow_trades,,v4_shadow,BTC,1782763424,,,,,,,0
91.643333333331,BTC,True,Asia,,,,,,,,,,,,,,,,,,1782770315,96,1729,96,hist:v4_shadow,0.91643333333331,,SHORT,0.95,,,,,0,,,,,,,BTC,1782770315,,,,,,,1,0.91643333333331,,1782759600,SHORT,0.95,1782770315,,,,,0,,,,btc-updown-5m-1782770100,,,trades.db,v4_shadow_trades,,v4_shadow,BTC,1782770315,,,,,,,1
95.52666666666724,BTC,True,NewYork,,,,,,,,,,,,,,,,,,1782815829,97,1730,97,hist:v4_shadow,0.9552666666666724,,SHORT,0.88,,,,,13,,,,,,,BTC,1782815829,,,,,,,1,0.9552666666666724,,1782805158,SHORT,0.88,1782815829,,,,,13,,,,btc-updown-5m-1782815700,,,trades.db,v4_shadow_trades,,v4_shadow,BTC,1782815829,,,,,,,1
98.22499999999854,BTC,True,NewYork,,,,,,,,,,,,,,,,,,1782820327,98,1731,98,hist:v4_shadow,0.9822499999999854,,LONG,0.61,,,,,14,,,,,,,BTC,1782820327,,,,,,,1,0.9822499999999854,,1782809556,LONG,0.61,1782820327,,,,,14,,,,btc-updown-5m-1782820200,,,trades.db,v4_shadow_trades,,v4_shadow,BTC,1782820327,,,,,,,1
100.0,BTC,True,NewYork,,,,,,,,,,,,,,,,,,1782823911,99,1732,99,hist:v4_shadow,1.0,,SHORT,0.74,,,,,15,,,,,,,BTC,1782823911,,,,,,,1,1.0,,1782813131,SHORT,0.74,1782823911,,,,,15,,,,btc-updown-5m-1782823800,,,trades.db,v4_shadow_trades,,v4_shadow,BTC,1782823911,,,,,,,1
99.44444444444444,BTC,True,NewYork,,,,,,,,,,,,,,,,,,1782824227,100,1733,100,hist:v4_shadow,0.9944444444444445,,SHORT,0.8,,,,,15,,,,,,,BTC,1782824227,,,,,,,1,0.9944444444444445,,1782813465,SHORT,0.8,1782824227,,,,,15,,,,btc-updown-5m-1782824100,,,trades.db,v4_shadow_trades,,v4_shadow,BTC,1782824227,,,,,,,1
99.44444444444444,BTC,True,NewYork,,,,,,,,,,,,,,,,,,1782824530,101,1734,101,hist:v4_shadow,0.9944444444444445,,LONG,0.75,,,,,16,,,,,,,BTC,1782824530,,,,,,,1,0.9944444444444445,,1782813750,LONG,0.75,1782824530,,,,,16,,,,btc-updown-5m-1782824400,,,trades.db,v4_shadow_trades,,v4_shadow,BTC,1782824530,,,,,,,1
94.22833333333375,BTC,True,NewYork,,,,,,,,,,,,,,,,,,1782824811,102,1735,102,hist:v4_shadow,0.9422833333333376,,LONG,0.66,,,,,16,,,,,,,BTC,1782824811,,,,,,,1,0.9422833333333376,,1782814103,LONG,0.66,1782824811,,,,,16,,,,btc-updown-5m-1782824700,,,trades.db,v4_shadow_trades,,v4_shadow,BTC,1782824811,,,,,,,1
100.0,BTC,True,NewYork,,,,,,,,,,,,,,,,,,1782826648,103,1736,103,hist:v4_shadow,1.0,,SHORT,0.75,,,,,16,,,,,,,BTC,1782826648,,,,,,,1,1.0,,1782815874,SHORT,0.75,1782826648,,,,,16,,,,btc-updown-5m-1782826500,,,trades.db,v4_shadow_trades,,v4_shadow,BTC,1782826648,,,,,,,1
99.44444444444444,BTC,True,NewYork,,,,,,,,,,,,,,,,,,1782826937,104,1737,104,hist:v4_shadow,0.9944444444444445,,LONG,0.89,,,,,16,,,,,,,BTC,1782826937,,,,,,,1,0.9944444444444445,,1782816306,LONG,0.89,1782826937,,,,,16,,,,btc-updown-5m-1782826800,,,trades.db,v4_shadow_trades,,v4_shadow,BTC,1782826937,,,,,,,1
99.44444444444444,BTC,True,NewYork,,,,,,,,,,,,,,,,,,1782832046,105,1738,105,hist:v4_shadow,0.9944444444444445,,SHORT,0.44,,,,,18,,,,,,,BTC,1782832046,,,,,,,1,0.9944444444444445,,1782821377,SHORT,0.44,1782832046,,,,,18,,,,btc-updown-5m-1782831900,,,trades.db,v4_shadow_trades,,v4_shadow,BTC,1782832046,,,,,,,1
100.0,BTC,True,NewYork,,,,,,,,,,,,,,,,,,1782835334,106,1739,106,hist:v4_shadow,1.0,,LONG,0.71,,,,,19,,,,,,,BTC,1782835334,,,,,,,1,1.0,,1782824704,LONG,0.71,1782835334,,,,,19,,,,btc-updown-5m-1782835200,,,trades.db,v4_shadow_trades,,v4_shadow,BTC,1782835334,,,,,,,1
99.44444444444444,BTC,True,NewYork,,,,,,,,,,,,,,,,,,1782835635,107,1740,107,hist:v4_shadow,0.9944444444444445,,LONG,0.85,,,,,19,,,,,,,BTC,1782835635,,,,,,,1,0.9944444444444445,,1782824854,LONG,0.85,1782835635,,,,,19,,,,btc-updown-5m-1782835500,,,trades.db,v4_shadow_trades,,v4_shadow,BTC,1782835635,,,,,,,1
,BTC,True,Offhours,,,,,,,,,,,,,,,,,,1781806457,18,1741,18,hist:virtual,,,SHORT,0.998,,,,,21,,,,,,,BTC,1781806457,,,,,,,3,,,1781806500,SHORT,0.998,1781806457,,,,,21,,,,btc-updown-5m-1781817000,,,trades.db,virtual_trades,,virtual,BTC,1781806457,,,,,,,3
,BTC,True,NewYork,,,,,,,,,,,,,,,,,,1781883575,19,1742,19,hist:virtual,,,SHORT,0.999,,,,,18,,,,,,,BTC,1781883575,,,,,,,4,,,1781883601,SHORT,0.999,1781883575,,,,,18,,,,btc-updown-5m-1781894100,,,trades.db,virtual_trades,,virtual,BTC,1781883575,,,,,,,4
,BTC,True,Offhours,,,,,,,,,,,,,,,,,,1781902755,20,1743,20,hist:virtual,,,LONG,0.998,,,,,23,,,,,,,BTC,1781902755,,,,,,,4,,,1781902800,LONG,0.998,1781902755,,,,,23,,,,btc-updown-5m-1781913300,,,trades.db,virtual_trades,,virtual,BTC,1781902755,,,,,,,4
,BTC,True,Asia,,,,,,,,,,,,,,,,,,1781905156,21,1744,21,hist:virtual,,,SHORT,0.99,,,,,0,,,,,,,BTC,1781905156,,,,,,,5,,,1781905201,SHORT,0.99,1781905156,,,,,0,,,,btc-updown-5m-1781915700,,,trades.db,virtual_trades,,virtual,BTC,1781905156,,,,,,,5
,BTC,True,Asia,,,,,,,,,,,,,,,,,,1781921655,22,1745,22,hist:virtual,,,LONG,0.99,,,,,5,,,,,,,BTC,1781921655,,,,,,,5,,,1781921702,LONG,0.99,1781921655,,,,,5,,,,btc-updown-5m-1781932200,,,trades.db,virtual_trades,,virtual,BTC,1781921655,,,,,,,5
,BTC,True,NewYork,,,,,,,,,,,,,,,,,,1781951057,23,1746,23,hist:virtual,,,SHORT,0.99,,,,,13,,,,,,,BTC,1781951057,,,,,,,5,,,1781951100,SHORT,0.99,1781951057,,,,,13,,,,btc-updown-5m-1781961600,,,trades.db,virtual_trades,,virtual,BTC,1781951057,,,,,,,5
,BTC,True,NewYork,,,,,,,,,,,,,,,,,,1781956156,24,1747,24,hist:virtual,,,LONG,0.999,,,,,14,,,,,,,BTC,1781956156,,,,,,,5,,,1781956200,LONG,0.999,1781956156,,,,,14,,,,btc-updown-5m-1781966700,,,trades.db,virtual_trades,,virtual,BTC,1781956156,,,,,,,5
,BTC,True,NewYork,,,,,,,,,,,,,,,,,,1781957358,25,1748,25,hist:virtual,,,SHORT,0.99,,,,,15,,,,,,,BTC,1781957358,,,,,,,5,,,1781957401,SHORT,0.99,1781957358,,,,,15,,,,btc-updown-5m-1781967900,,,trades.db,virtual_trades,,virtual,BTC,1781957358,,,,,,,5
,BTC,True,NewYork,,,,,,,,,,,,,,,,,,1781957956,26,1749,26,hist:virtual,,,LONG,0.99,,,,,15,,,,,,,BTC,1781957956,,,,,,,5,,,1781958000,LONG,0.99,1781957956,,,,,15,,,,btc-updown-5m-1781968500,,,trades.db,virtual_trades,,virtual,BTC,1781957956,,,,,,,5
,BTC,True,NewYork,,,,,,,,,,,,,,,,,,1781966361,27,1750,27,hist:virtual,,,SHORT,0.997,,,,,17,,,,,,,BTC,1781966361,,,,,,,5,,,1781966400,SHORT,0.997,1781966361,,,,,17,,,,btc-updown-5m-1781976900,,,trades.db,virtual_trades,,virtual,BTC,1781966361,,,,,,,5
,BTC,True,Asia,,,,,,,,,,,,,,,,,,1782001456,28,1751,28,hist:virtual,,,LONG,0.998,,,,,3,,,,,,,BTC,1782001456,,,,,,,6,,,1782001502,LONG,0.998,1782001456,,,,,3,,,,btc-updown-5m-1782012000,,,trades.db,virtual_trades,,virtual,BTC,1782001456,,,,,,,6
,BTC,True,London,,,,,,,,,,,,,,,,,,1782029956,29,1752,29,hist:virtual,,,SHORT,0.996,,,,,11,,,,,,,BTC,1782029956,,,,,,,6,,,1782030003,SHORT,0.996,1782029956,,,,,11,,,,btc-updown-5m-1782040500,,,trades.db,virtual_trades,,virtual,BTC,1782029956,,,,,,,6
,BTC,True,NewYork,,,,,,,,,,,,,,,,,,1782054256,30,1753,30,hist:virtual,,,SHORT,0.999,,,,,18,,,,,,,BTC,1782054256,,,,,,,6,,,1782054301,SHORT,0.999,1782054256,,,,,18,,,,btc-updown-5m-1782064800,,,trades.db,virtual_trades,,virtual,BTC,1782054256,,,,,,,6
,BTC,True,NewYork,,,,,,,,,,,,,,,,,,1782064155,31,1754,31,hist:virtual,,,SHORT,0.99,,,,,20,,,,,,,BTC,1782064155,,,,,,,6,,,1782064200,SHORT,0.99,1782064155,,,,,20,,,,btc-updown-5m-1782074700,,,trades.db,virtual_trades,,virtual,BTC,1782064155,,,,,,,6
,BTC,True,Offhours,,,,,,,,,,,,,,,,,,1782065365,32,1755,32,hist:virtual,,,SHORT,0.99,,,,,21,,,,,,,BTC,1782065365,,,,,,,6,,,1782065401,SHORT,0.99,1782065365,,,,,21,,,,btc-updown-5m-1782075900,,,trades.db,virtual_trades,,virtual,BTC,1782065365,,,,,,,6
,BTC,True,Offhours,,,,,,,,,,,,,,,,,,1782067169,33,1756,33,hist:virtual,,,LONG,0.99,,,,,21,,,,,,,BTC,1782067169,,,,,,,6,,,1782067200,LONG,0.99,1782067169,,,,,21,,,,btc-updown-5m-1782077700,,,trades.db,virtual_trades,,virtual,BTC,1782067169,,,,,,,6
,BTC,True,Offhours,,,,,,,,,,,,,,,,,,1782068956,34,1757,34,hist:virtual,,,SHORT,0.99,,,,,22,,,,,,,BTC,1782068956,,,,,,,6,,,1782069000,SHORT,0.99,1782068956,,,,,22,,,,btc-updown-5m-1782079500,,,trades.db,virtual_trades,,virtual,BTC,1782068956,,,,,,,6
,BTC,True,Offhours,,,,,,,,,,,,,,,,,,1782074055,35,1758,35,hist:virtual,,,SHORT,0.996,,,,,23,,,,,,,BTC,1782074055,,,,,,,6,,,1782074101,SHORT,0.996,1782074055,,,,,23,,,,btc-updown-5m-1782084600,,,trades.db,virtual_trades,,virtual,BTC,1782074055,,,,,,,6
,BTC,True,Asia,,,,,,,,,,,,,,,,,,1782076756,36,1759,36,hist:virtual,,,LONG,0.99,,,,,0,,,,,,,BTC,1782076756,,,,,,,0,,,1782076801,LONG,0.99,1782076756,,,,,0,,,,btc-updown-5m-1782087300,,,trades.db,virtual_trades,,virtual,BTC,1782076756,,,,,,,0
,BTC,True,Asia,,,,,,,,,,,,,,,,,,1782077955,37,1760,37,hist:virtual,,,LONG,0.996,,,,,0,,,,,,,BTC,1782077955,,,,,,,0,,,1782078002,LONG,0.996,1782077955,,,,,0,,,,btc-updown-5m-1782088500,,,trades.db,virtual_trades,,virtual,BTC,1782077955,,,,,,,0
,BTC,True,Asia,,,,,,,,,,,,,,,,,,1782080355,38,1761,38,hist:virtual,,,LONG,0.999,,,,,1,,,,,,,BTC,1782080355,,,,,,,0,,,1782080401,LONG,0.999,1782080355,,,,,1,,,,btc-updown-5m-1782090900,,,trades.db,virtual_trades,,virtual,BTC,1782080355,,,,,,,0
,BTC,True,Asia,,,,,,,,,,,,,,,,,,1782080655,39,1762,39,hist:virtual,,,LONG,0.99,,,,,1,,,,,,,BTC,1782080655,,,,,,,0,,,1782080700,LONG,0.99,1782080655,,,,,1,,,,btc-updown-5m-1782091200,,,trades.db,virtual_trades,,virtual,BTC,1782080655,,,,,,,0
,BTC,True,Asia,,,,,,,,,,,,,,,,,,1782080955,40,1763,40,hist:virtual,,,LONG,0.996,,,,,1,,,,,,,BTC,1782080955,,,,,,,0,,,1782081001,LONG,0.996,1782080955,,,,,1,,,,btc-updown-5m-1782091500,,,trades.db,virtual_trades,,virtual,BTC,1782080955,,,,,,,0
,BTC,True,Asia,,,,,,,,,,,,,,,,,,1782081258,41,1764,41,hist:virtual,,,SHORT,0.99,,,,,1,,,,,,,BTC,1782081258,,,,,,,0,,,1782081300,SHORT,0.99,1782081258,,,,,1,,,,btc-updown-5m-1782091800,,,trades.db,virtual_trades,,virtual,BTC,1782081258,,,,,,,0
,BTC,True,Asia,,,,,,,,,,,,,,,,,,1782087557,42,1765,42,hist:virtual,,,LONG,0.99,,,,,3,,,,,,,BTC,1782087557,,,,,,,0,,,1782087601,LONG,0.99,1782087557,,,,,3,,,,btc-updown-5m-1782098100,,,trades.db,virtual_trades,,virtual,BTC,1782087557,,,,,,,0
,BTC,True,Asia,,,,,,,,,,,,,,,,,,1782089955,43,1766,43,hist:virtual,,,SHORT,0.99,,,,,3,,,,,,,BTC,1782089955,,,,,,,0,,,1782090004,SHORT,0.99,1782089955,,,,,3,,,,btc-updown-5m-1782100500,,,trades.db,virtual_trades,,virtual,BTC,1782089955,,,,,,,0
,BTC,True,Asia,,,,,,,,,,,,,,,,,,1782094170,44,1767,44,hist:virtual,,,LONG,0.99,,,,,5,,,,,,,BTC,1782094170,,,,,,,0,,,1782094201,LONG,0.99,1782094170,,,,,5,,,,btc-updown-5m-1782104700,,,trades.db,virtual_trades,,virtual,BTC,1782094170,,,,,,,0
,BTC,True,London,,,,,,,,,,,,,,,,,,1782104984,45,1768,45,hist:virtual,,,LONG,0.99,,,,,8,,,,,,,BTC,1782104984,,,,,,,0,,,1782105000,LONG,0.99,1782104984,,,,,8,,,,btc-updown-5m-1782115500,,,trades.db,virtual_trades,,virtual,BTC,1782104984,,,,,,,0
,BTC,True,London,,,,,,,,,,,,,,,,,,1782107086,46,1769,46,hist:virtual,,,LONG,0.99,,,,,8,,,,,,,BTC,1782107086,,,,,,,0,,,1782107101,LONG,0.99,1782107086,,,,,8,,,,btc-updown-5m-1782117600,,,trades.db,virtual_trades,,virtual,BTC,1782107086,,,,,,,0
,BTC,True,London,,,,,,,,,,,,,,,,,,1782115759,47,1770,47,hist:virtual,,,LONG,0.994,,,,,11,,,,,,,BTC,1782115759,,,,,,,0,,,1782115801,LONG,0.994,1782115759,,,,,11,,,,btc-updown-5m-1782126300,,,trades.db,virtual_trades,,virtual,BTC,1782115759,,,,,,,0
,BTC,True,London,,,,,,,,,,,,,,,,,,1782117256,48,1771,48,hist:virtual,,,LONG,0.99,,,,,11,,,,,,,BTC,1782117256,,,,,,,0,,,1782117301,LONG,0.99,1782117256,,,,,11,,,,btc-updown-5m-1782127800,,,trades.db,virtual_trades,,virtual,BTC,1782117256,,,,,,,0
,BTC,True,London,,,,,,,,,,,,,,,,,,1782118198,49,1772,49,hist:virtual,,,LONG,0.99,,,,,11,,,,,,,BTC,1782118198,,,,,,,0,,,1782118200,LONG,0.99,1782118198,,,,,11,,,,btc-updown-5m-1782128700,,,trades.db,virtual_trades,,virtual,BTC,1782118198,,,,,,,0
,BTC,True,London,,,,,,,,,,,,,,,,,,1782120262,50,1773,50,hist:virtual,,,LONG,0.99,,,,,12,,,,,,,BTC,1782120262,,,,,,,0,,,1782120301,LONG,0.99,1782120262,,,,,12,,,,btc-updown-5m-1782130800,,,trades.db,virtual_trades,,virtual,BTC,1782120262,,,,,,,0
,BTC,True,London,,,,,,,,,,,,,,,,,,1782121174,51,1774,51,hist:virtual,,,LONG,0.99,,,,,12,,,,,,,BTC,1782121174,,,,,,,0,,,1782121202,LONG,0.99,1782121174,,,,,12,,,,btc-updown-5m-1782131700,,,trades.db,virtual_trades,,virtual,BTC,1782121174,,,,,,,0
,BTC,True,NewYork,,,,,,,,,,,,,,,,,,1782124755,52,1775,52,hist:virtual,,,LONG,0.996,,,,,13,,,,,,,BTC,1782124755,,,,,,,0,,,1782124802,LONG,0.996,1782124755,,,,,13,,,,btc-updown-5m-1782135300,,,trades.db,virtual_trades,,virtual,BTC,1782124755,,,,,,,0
,BTC,True,NewYork,,,,,,,,,,,,,,,,,,1782126270,53,1776,53,hist:virtual,,,SHORT,0.999,,,,,14,,,,,,,BTC,1782126270,,,,,,,0,,,1782126302,SHORT,0.999,1782126270,,,,,14,,,,btc-updown-5m-1782136800,,,trades.db,virtual_trades,,virtual,BTC,1782126270,,,,,,,0
,BTC,True,NewYork,,,,,,,,,,,,,,,,,,1782129889,54,1777,54,hist:virtual,,,LONG,0.999,,,,,15,,,,,,,BTC,1782129889,,,,,,,0,,,1782129900,LONG,0.999,1782129889,,,,,15,,,,btc-updown-5m-1782140400,,,trades.db,virtual_trades,,virtual,BTC,1782129889,,,,,,,0
,BTC,True,NewYork,,,,,,,,,,,,,,,,,,1782132566,55,1778,55,hist:virtual,,,SHORT,0.99,,,,,15,,,,,,,BTC,1782132566,,,,,,,0,,,1782132601,SHORT,0.99,1782132566,,,,,15,,,,btc-updown-5m-1782143100,,,trades.db,virtual_trades,,virtual,BTC,1782132566,,,,,,,0
,BTC,True,NewYork,,,,,,,,,,,,,,,,,,1782136459,56,1779,56,hist:virtual,,,LONG,0.99,,,,,16,,,,,,,BTC,1782136459,,,,,,,0,,,1782136502,LONG,0.99,1782136459,,,,,16,,,,btc-updown-5m-1782147000,,,trades.db,virtual_trades,,virtual,BTC,1782136459,,,,,,,0
,BTC,True,NewYork,,,,,,,,,,,,,,,,,,1782140087,57,1780,57,hist:virtual,,,LONG,0.99,,,,,17,,,,,,,BTC,1782140087,,,,,,,0,,,1782140101,LONG,0.99,1782140087,,,,,17,,,,btc-updown-5m-1782150600,,,trades.db,virtual_trades,,virtual,BTC,1782140087,,,,,,,0
,BTC,True,London,,,,,,,,,,,,,,,,,,1782191674,58,1781,58,hist:virtual,,,SHORT,0.99,,,,,8,,,,,,,BTC,1782191674,,,,,,,1,,,1782191701,SHORT,0.99,1782191674,,,,,8,,,,btc-updown-5m-1782202200,,,trades.db,virtual_trades,,virtual,BTC,1782191674,,,,,,,1
,BTC,True,London,,,,,,,,,,,,,,,,,,1782191956,59,1782,59,hist:virtual,,,SHORT,0.996,,,,,8,,,,,,,BTC,1782191956,,,,,,,1,,,1782192001,SHORT,0.996,1782191956,,,,,8,,,,btc-updown-5m-1782202500,,,trades.db,virtual_trades,,virtual,BTC,1782191956,,,,,,,1
,BTC,True,London,,,,,,,,,,,,,,,,,,1782192265,60,1783,60,hist:virtual,,,SHORT,0.99,,,,,8,,,,,,,BTC,1782192265,,,,,,,1,,,1782192301,SHORT,0.99,1782192265,,,,,8,,,,btc-updown-5m-1782202800,,,trades.db,virtual_trades,,virtual,BTC,1782192265,,,,,,,1
,BTC,True,London,,,,,,,,,,,,,,,,,,1782192574,61,1784,61,hist:virtual,,,SHORT,0.99,,,,,8,,,,,,,BTC,1782192574,,,,,,,1,,,1782192602,SHORT,0.99,1782192574,,,,,8,,,,btc-updown-5m-1782203100,,,trades.db,virtual_trades,,virtual,BTC,1782192574,,,,,,,1
,BTC,True,London,,,,,,,,,,,,,,,,,,1782198256,62,1785,62,hist:virtual,,,LONG,0.99,,,,,10,,,,,,,BTC,1782198256,,,,,,,1,,,1782198300,LONG,0.99,1782198256,,,,,10,,,,btc-updown-5m-1782208800,,,trades.db,virtual_trades,,virtual,BTC,1782198256,,,,,,,1
,BTC,True,NewYork,,,,,,,,,,,,,,,,,,1782213857,63,1786,63,hist:virtual,,,SHORT,0.99,,,,,14,,,,,,,BTC,1782213857,,,,,,,1,,,1782213900,SHORT,0.99,1782213857,,,,,14,,,,btc-updown-5m-1782224400,,,trades.db,virtual_trades,,virtual,BTC,1782213857,,,,,,,1
